make: se entra en el directorio '/home/jako/aquora/core_physics'
make: No se hace nada para 'all'.
make: se sale del directorio '/home/jako/aquora/core_physics'
======================================================================
  H7 AUTO-GOVERNOR — Thermodynamic Closed-Loop Control
  Mode: DAEMON
======================================================================

🚀 Iniciando Extractor de Bits H7 para Job: which-pink-counter
============================================================
📦 [CACHE] Recuperados 768 bits de entropía local.
[OS:00000] TURBULENTO | Lam: 0.257 | Load: 0.877
[OS:00010] LAMINAR | Lam: 0.585 | Load: 0.811
[OS:00020] LAMINAR | Lam: 0.683 | Load: 0.753
[OS:00030] LAMINAR | Lam: 0.721 | Load: 1.071
[OS:00040] TURBULENTO | Lam: 0.341 | Load: 0.879
[OS:00050] LAMINAR | Lam: 0.757 | Load: 0.778
[OS:00060] LAMINAR | Lam: 0.722 | Load: 1.119
[OS:00070] TURBULENTO | Lam: 0.282 | Load: 0.557
[OS:00080] LAMINAR | Lam: 0.652 | Load: 0.737
[OS:00090] LAMINAR | Lam: 0.578 | Load: 0.826
[OS:00100] LAMINAR | Lam: 0.673 | Load: 0.890
[OS:00110] TURBULENTO | Lam: 0.285 | Load: 0.919
[OS:00120] LAMINAR | Lam: 0.758 | Load: 0.936
[OS:00130] TURBULENTO | Lam: 0.192 | Load: 0.537
[OS:00140] TURBULENTO | Lam: 0.303 | Load: 0.619
[OS:00150] TURBULENTO | Lam: 0.412 | Load: 0.769
[OS:00160] TURBULENTO | Lam: 0.353 | Load: 0.889
[OS:00170] TURBULENTO | Lam: 0.103 | Load: 0.656
[OS:00180] TURBULENTO | Lam: 0.458 | Load: 0.670
[OS:00190] TURBULENTO | Lam: 0.127 | Load: 0.532
[OS:00200] LAMINAR | Lam: 0.760 | Load: 0.718
[OS:00210] TURBULENTO | Lam: 0.324 | Load: 0.789
[OS:00220] TURBULENTO | Lam: 0.311 | Load: 0.628
[OS:00230] LAMINAR | Lam: 0.592 | Load: 0.847
[OS:00240] TURBULENTO | Lam: 0.030 | Load: 0.685
[OS:00250] TURBULENTO | Lam: 0.188 | Load: 0.523
[OS:00260] LAMINAR | Lam: 0.645 | Load: 0.654
[OS:00270] LAMINAR | Lam: 0.905 | Load: 0.883
[OS:00280] TURBULENTO | Lam: 0.494 | Load: 0.648
[OS:00290] LAMINAR | Lam: 0.564 | Load: 0.783
[OS:00300] LAMINAR | Lam: 0.514 | Load: 0.634
[OS:00310] TURBULENTO | Lam: 0.288 | Load: 0.811
[OS:00320] TURBULENTO | Lam: 0.135 | Load: 0.532
[OS:00330] TURBULENTO | Lam: 0.118 | Load: 0.469
[OS:00340] LAMINAR | Lam: 0.685 | Load: 0.689
[OS:00350] LAMINAR | Lam: 0.875 | Load: 0.973
[OS:00360] TURBULENTO | Lam: 0.083 | Load: 0.589
[OS:00370] TURBULENTO | Lam: 0.485 | Load: 0.607
[OS:00380] TURBULENTO | Lam: 0.230 | Load: 0.621
[OS:00390] TURBULENTO | Lam: 0.207 | Load: 0.922
[OS:00400] LAMINAR | Lam: 0.822 | Load: 0.683
[OS:00410] LAMINAR | Lam: 0.503 | Load: 0.835
[OS:00420] LAMINAR | Lam: 0.547 | Load: 0.629
[OS:00430] LAMINAR | Lam: 0.904 | Load: 0.789
[OS:00440] TURBULENTO | Lam: 0.197 | Load: 0.736
[OS:00450] LAMINAR | Lam: 0.545 | Load: 0.705
[OS:00460] TURBULENTO | Lam: 0.359 | Load: 0.762
[OS:00470] TURBULENTO | Lam: 0.487 | Load: 0.902
[OS:00480] TURBULENTO | Lam: 0.081 | Load: 0.588
[OS:00490] LAMINAR | Lam: 0.918 | Load: 0.897
[OS:00500] LAMINAR | Lam: 0.696 | Load: 0.800
[OS:00510] LAMINAR | Lam: 0.836 | Load: 0.931
[OS:00520] LAMINAR | Lam: 0.731 | Load: 0.888
[OS:00530] LAMINAR | Lam: 0.826 | Load: 0.615
[OS:00540] LAMINAR | Lam: 0.731 | Load: 0.886
[OS:00550] LAMINAR | Lam: 0.506 | Load: 0.556
[OS:00560] TURBULENTO | Lam: 0.254 | Load: 0.719
[OS:00570] TURBULENTO | Lam: 0.412 | Load: 0.676
[OS:00580] TURBULENTO | Lam: 0.110 | Load: 0.742
[OS:00590] TURBULENTO | Lam: 0.042 | Load: 0.626
[OS:00600] TURBULENTO | Lam: 0.345 | Load: 0.688
[OS:00610] TURBULENTO | Lam: 0.409 | Load: 0.688
[OS:00620] LAMINAR | Lam: 0.931 | Load: 0.762
[OS:00630] TURBULENTO | Lam: 0.098 | Load: 0.457
[OS:00640] LAMINAR | Lam: 0.693 | Load: 0.746
[OS:00650] TURBULENTO | Lam: 0.092 | Load: 0.482
[OS:00660] TURBULENTO | Lam: 0.299 | Load: 0.510
[OS:00670] TURBULENTO | Lam: 0.222 | Load: 0.717
[OS:00680] LAMINAR | Lam: 0.878 | Load: 0.750
[OS:00690] TURBULENTO | Lam: 0.448 | Load: 0.824
[OS:00700] LAMINAR | Lam: 0.944 | Load: 0.920
[OS:00710] TURBULENTO | Lam: 0.328 | Load: 0.779
[OS:00720] LAMINAR | Lam: 0.935 | Load: 0.950
[OS:00730] TURBULENTO | Lam: 0.146 | Load: 0.835
[OS:00740] TURBULENTO | Lam: 0.084 | Load: 0.546
[OS:00750] LAMINAR | Lam: 0.502 | Load: 0.539
[OS:00760] TURBULENTO | Lam: 0.436 | Load: 0.609
[OS:00770] LAMINAR | Lam: 0.951 | Load: 0.864
[OS:00780] LAMINAR | Lam: 0.546 | Load: 0.685
[OS:00790] LAMINAR | Lam: 0.603 | Load: 0.895
[OS:00800] TURBULENTO | Lam: 0.122 | Load: 0.535
[OS:00810] LAMINAR | Lam: 0.729 | Load: 0.701
[OS:00820] LAMINAR | Lam: 0.968 | Load: 0.869
[OS:00830] TURBULENTO | Lam: 0.083 | Load: 0.619
[OS:00840] LAMINAR | Lam: 0.939 | Load: 0.608
[OS:00850] LAMINAR | Lam: 0.727 | Load: 0.543
[OS:00860] LAMINAR | Lam: 0.694 | Load: 0.659
[OS:00870] TURBULENTO | Lam: 0.201 | Load: 0.429
[OS:00880] LAMINAR | Lam: 0.554 | Load: 0.691
[OS:00890] TURBULENTO | Lam: 0.404 | Load: 0.621
[OS:00900] TURBULENTO | Lam: 0.141 | Load: 0.548
[OS:00910] TURBULENTO | Lam: 0.208 | Load: 0.647
[OS:00920] TURBULENTO | Lam: 0.431 | Load: 0.937
[OS:00930] TURBULENTO | Lam: 0.052 | Load: 0.520
[OS:00940] LAMINAR | Lam: 0.955 | Load: 0.904
[OS:00950] LAMINAR | Lam: 0.932 | Load: 1.025
[OS:00960] TURBULENTO | Lam: 0.353 | Load: 0.753
[OS:00970] TURBULENTO | Lam: 0.080 | Load: 0.681
[OS:00980] LAMINAR | Lam: 0.889 | Load: 0.737
[OS:00990] LAMINAR | Lam: 0.738 | Load: 0.919
[OS:01000] LAMINAR | Lam: 0.650 | Load: 0.947
[OS:01010] TURBULENTO | Lam: 0.286 | Load: 0.616
[OS:01020] TURBULENTO | Lam: 0.130 | Load: 0.539
[OS:01030] LAMINAR | Lam: 0.681 | Load: 0.869
[OS:01040] TURBULENTO | Lam: 0.433 | Load: 0.855
[OS:01050] TURBULENTO | Lam: 0.025 | Load: 0.619
[OS:01060] TURBULENTO | Lam: 0.087 | Load: 0.611
[OS:01070] LAMINAR | Lam: 0.980 | Load: 0.904
[OS:01080] TURBULENTO | Lam: 0.397 | Load: 0.684
[OS:01090] TURBULENTO | Lam: 0.131 | Load: 0.591
[OS:01100] TURBULENTO | Lam: 0.116 | Load: 0.557
[OS:01110] LAMINAR | Lam: 0.880 | Load: 0.809
[OS:01120] TURBULENTO | Lam: 0.395 | Load: 0.715
[OS:01130] LAMINAR | Lam: 0.975 | Load: 0.888
[OS:01140] TURBULENTO | Lam: 0.185 | Load: 0.871
[OS:01150] LAMINAR | Lam: 0.725 | Load: 0.793
[OS:01160] LAMINAR | Lam: 0.917 | Load: 0.779
[OS:01170] LAMINAR | Lam: 0.522 | Load: 0.611
[OS:01180] TURBULENTO | Lam: 0.295 | Load: 0.828
[OS:01190] LAMINAR | Lam: 0.966 | Load: 0.980
[OS:01200] TURBULENTO | Lam: 0.136 | Load: 0.607
[OS:01210] LAMINAR | Lam: 0.700 | Load: 0.899
[OS:01220] LAMINAR | Lam: 0.776 | Load: 0.783
[OS:01230] TURBULENTO | Lam: 0.458 | Load: 0.738
[OS:01240] LAMINAR | Lam: 0.716 | Load: 0.759
[OS:01250] TURBULENTO | Lam: 0.188 | Load: 0.618
[OS:01260] TURBULENTO | Lam: 0.407 | Load: 0.784
[OS:01270] LAMINAR | Lam: 0.582 | Load: 0.851
[OS:01280] TURBULENTO | Lam: 0.229 | Load: 0.523
[OS:01290] LAMINAR | Lam: 0.863 | Load: 0.822
[OS:01300] LAMINAR | Lam: 0.538 | Load: 0.732
[OS:01310] TURBULENTO | Lam: 0.159 | Load: 0.357
[OS:01320] TURBULENTO | Lam: 0.464 | Load: 0.559
[OS:01330] TURBULENTO | Lam: 0.387 | Load: 0.608
[OS:01340] TURBULENTO | Lam: 0.299 | Load: 0.671
[OS:01350] LAMINAR | Lam: 0.934 | Load: 0.741
[OS:01360] LAMINAR | Lam: 0.963 | Load: 1.034
[OS:01370] LAMINAR | Lam: 0.852 | Load: 1.015
[OS:01380] LAMINAR | Lam: 0.925 | Load: 0.859
[OS:01390] LAMINAR | Lam: 0.785 | Load: 0.853
[OS:01400] TURBULENTO | Lam: 0.440 | Load: 0.723
[OS:01410] TURBULENTO | Lam: 0.305 | Load: 0.876
[OS:01420] LAMINAR | Lam: 0.709 | Load: 0.973
[OS:01430] TURBULENTO | Lam: 0.499 | Load: 0.744
[OS:01440] TURBULENTO | Lam: 0.372 | Load: 0.603
[OS:01450] TURBULENTO | Lam: 0.419 | Load: 0.716
[OS:01460] LAMINAR | Lam: 0.734 | Load: 0.710
[OS:01470] TURBULENTO | Lam: 0.125 | Load: 0.624
[OS:01480] LAMINAR | Lam: 0.918 | Load: 0.910
[OS:01490] TURBULENTO | Lam: 0.306 | Load: 0.727
[OS:01500] LAMINAR | Lam: 0.565 | Load: 0.816
[OS:01510] TURBULENTO | Lam: 0.304 | Load: 0.646
[OS:01520] LAMINAR | Lam: 0.767 | Load: 0.926
[OS:01530] TURBULENTO | Lam: 0.351 | Load: 0.678
[OS:01540] TURBULENTO | Lam: 0.246 | Load: 0.517
[OS:01550] TURBULENTO | Lam: 0.115 | Load: 0.555
[OS:01560] LAMINAR | Lam: 0.578 | Load: 0.915
[OS:01570] TURBULENTO | Lam: 0.256 | Load: 0.716
[OS:01580] LAMINAR | Lam: 0.668 | Load: 0.845
[OS:01590] LAMINAR | Lam: 0.928 | Load: 0.943
[OS:01600] TURBULENTO | Lam: 0.241 | Load: 0.813
[OS:01610] LAMINAR | Lam: 0.576 | Load: 0.781
[OS:01620] TURBULENTO | Lam: 0.048 | Load: 0.586
[OS:01630] TURBULENTO | Lam: 0.201 | Load: 0.713
[OS:01640] LAMINAR | Lam: 0.908 | Load: 0.976
[OS:01650] LAMINAR | Lam: 0.958 | Load: 1.053
[OS:01660] TURBULENTO | Lam: 0.358 | Load: 0.732
[OS:01670] TURBULENTO | Lam: 0.170 | Load: 0.871
[OS:01680] TURBULENTO | Lam: 0.289 | Load: 0.911
[OS:01690] TURBULENTO | Lam: 0.358 | Load: 0.727
[OS:01700] LAMINAR | Lam: 0.629 | Load: 0.874
[OS:01710] LAMINAR | Lam: 0.701 | Load: 0.919
[OS:01720] TURBULENTO | Lam: 0.463 | Load: 0.516
[OS:01730] TURBULENTO | Lam: 0.155 | Load: 0.501
[OS:01740] LAMINAR | Lam: 0.625 | Load: 0.751
[OS:01750] TURBULENTO | Lam: 0.085 | Load: 0.638
[OS:01760] TURBULENTO | Lam: 0.376 | Load: 0.712
[OS:01770] TURBULENTO | Lam: 0.338 | Load: 0.544
[OS:01780] TURBULENTO | Lam: 0.366 | Load: 0.443
[OS:01790] TURBULENTO | Lam: 0.182 | Load: 0.594
[OS:01800] LAMINAR | Lam: 0.851 | Load: 0.834
[OS:01810] TURBULENTO | Lam: 0.104 | Load: 0.431
[OS:01820] TURBULENTO | Lam: 0.197 | Load: 0.659
[OS:01830] TURBULENTO | Lam: 0.222 | Load: 0.742
[OS:01840] TURBULENTO | Lam: 0.287 | Load: 0.787
[OS:01850] TURBULENTO | Lam: 0.326 | Load: 0.643
[OS:01860] LAMINAR | Lam: 0.503 | Load: 0.661
[OS:01870] TURBULENTO | Lam: 0.259 | Load: 0.660
[OS:01880] LAMINAR | Lam: 0.814 | Load: 0.913
[OS:01890] LAMINAR | Lam: 0.648 | Load: 0.893
[OS:01900] TURBULENTO | Lam: 0.352 | Load: 0.769
[OS:01910] TURBULENTO | Lam: 0.475 | Load: 0.520
[OS:01920] TURBULENTO | Lam: 0.310 | Load: 0.793
[OS:01930] TURBULENTO | Lam: 0.202 | Load: 0.806
[OS:01940] TURBULENTO | Lam: 0.197 | Load: 0.829
[OS:01950] TURBULENTO | Lam: 0.380 | Load: 0.824
[OS:01960] TURBULENTO | Lam: 0.216 | Load: 0.695
[OS:01970] LAMINAR | Lam: 0.709 | Load: 0.831
[OS:01980] LAMINAR | Lam: 0.786 | Load: 0.828
[OS:01990] LAMINAR | Lam: 0.698 | Load: 0.785
[OS:02000] TURBULENTO | Lam: 0.393 | Load: 0.544
[OS:02010] TURBULENTO | Lam: 0.240 | Load: 0.590
[OS:02020] TURBULENTO | Lam: 0.220 | Load: 0.586
[OS:02030] LAMINAR | Lam: 0.681 | Load: 0.724
[OS:02040] LAMINAR | Lam: 0.919 | Load: 0.771
[OS:02050] TURBULENTO | Lam: 0.198 | Load: 0.592
[OS:02060] TURBULENTO | Lam: 0.423 | Load: 0.687
[OS:02070] LAMINAR | Lam: 0.744 | Load: 0.743
[OS:02080] TURBULENTO | Lam: 0.392 | Load: 0.678
[OS:02090] LAMINAR | Lam: 0.882 | Load: 0.970
[OS:02100] TURBULENTO | Lam: 0.398 | Load: 0.793
[OS:02110] LAMINAR | Lam: 0.564 | Load: 0.627
[OS:02120] TURBULENTO | Lam: 0.361 | Load: 0.585
[OS:02130] LAMINAR | Lam: 0.738 | Load: 0.909
[OS:02140] TURBULENTO | Lam: 0.364 | Load: 0.639
[OS:02150] LAMINAR | Lam: 0.975 | Load: 0.953
[OS:02160] LAMINAR | Lam: 0.753 | Load: 0.937
[OS:02170] TURBULENTO | Lam: 0.099 | Load: 0.809
[OS:02180] TURBULENTO | Lam: 0.282 | Load: 0.684
[OS:02190] LAMINAR | Lam: 0.548 | Load: 0.651
[OS:02200] TURBULENTO | Lam: 0.152 | Load: 0.775
[OS:02210] LAMINAR | Lam: 0.545 | Load: 0.952
[OS:02220] TURBULENTO | Lam: 0.376 | Load: 0.728
[OS:02230] TURBULENTO | Lam: 0.115 | Load: 0.772
[OS:02240] TURBULENTO | Lam: 0.226 | Load: 0.585
[OS:02250] LAMINAR | Lam: 0.690 | Load: 0.552
[OS:02260] TURBULENTO | Lam: 0.491 | Load: 0.879
[OS:02270] TURBULENTO | Lam: 0.314 | Load: 0.661
[OS:02280] LAMINAR | Lam: 0.766 | Load: 0.861
[OS:02290] LAMINAR | Lam: 0.746 | Load: 0.742
[OS:02300] TURBULENTO | Lam: 0.496 | Load: 0.863
[OS:02310] LAMINAR | Lam: 0.967 | Load: 1.105
[OS:02320] TURBULENTO | Lam: 0.244 | Load: 0.668
[OS:02330] LAMINAR | Lam: 0.954 | Load: 0.816
[OS:02340] TURBULENTO | Lam: 0.335 | Load: 0.759
[OS:02350] TURBULENTO | Lam: 0.041 | Load: 0.656
[OS:02360] TURBULENTO | Lam: 0.300 | Load: 0.600
[OS:02370] TURBULENTO | Lam: 0.105 | Load: 0.612
[OS:02380] TURBULENTO | Lam: 0.446 | Load: 0.564
[OS:02390] TURBULENTO | Lam: 0.311 | Load: 0.538
[OS:02400] TURBULENTO | Lam: 0.464 | Load: 0.575
[OS:02410] LAMINAR | Lam: 0.916 | Load: 0.795
[OS:02420] LAMINAR | Lam: 0.545 | Load: 0.984
[OS:02430] TURBULENTO | Lam: 0.455 | Load: 0.829
[OS:02440] TURBULENTO | Lam: 0.478 | Load: 0.742
[OS:02450] LAMINAR | Lam: 0.906 | Load: 0.824
[OS:02460] TURBULENTO | Lam: 0.439 | Load: 0.805
[OS:02470] LAMINAR | Lam: 0.792 | Load: 0.950
[OS:02480] TURBULENTO | Lam: 0.086 | Load: 0.568
[OS:02490] TURBULENTO | Lam: 0.491 | Load: 0.611
[OS:02500] LAMINAR | Lam: 0.533 | Load: 0.765
[OS:02510] LAMINAR | Lam: 0.648 | Load: 0.847
[OS:02520] TURBULENTO | Lam: 0.102 | Load: 0.601
[OS:02530] LAMINAR | Lam: 0.873 | Load: 0.860
[OS:02540] TURBULENTO | Lam: 0.392 | Load: 0.627
[OS:02550] TURBULENTO | Lam: 0.329 | Load: 0.624
[OS:02560] TURBULENTO | Lam: 0.188 | Load: 0.686
[OS:02570] TURBULENTO | Lam: 0.252 | Load: 0.610
[OS:02580] LAMINAR | Lam: 0.518 | Load: 0.585
[OS:02590] TURBULENTO | Lam: 0.418 | Load: 0.774
[OS:02600] TURBULENTO | Lam: 0.268 | Load: 0.753
[OS:02610] LAMINAR | Lam: 0.634 | Load: 0.665

🛑 Recibida señal de parada. Guardando estado metripléctico...

🛑 Recibida señal de parada. Guardando estado metripléctico...

------------------------------------------------------------
  ACTION: Compiling High-Performance C Kernel (Metriplex Core)
  CMD:    make -C core_physics/
------------------------------------------------------------

make: se entra en el directorio '/home/jako/aquora/core_physics'
make: No se hace nada para 'all'.
make: se sale del directorio '/home/jako/aquora/core_physics'

------------------------------------------------------------
  ACTION: Activating H7 Metriplectic OS (Quantum Radar + Auto-Governor)
  CMD:    /home/jako/aquora/env/bin/python h7_auto_governor.py --daemon
------------------------------------------------------------

======================================================================
  H7 AUTO-GOVERNOR — Thermodynamic Closed-Loop Control
  Mode: DAEMON
======================================================================

🚀 Iniciando Extractor de Bits H7 para Job: which-pink-counter
============================================================
📦 [CACHE] Recuperados 768 bits de entropía local.
[OS:00000] LAMINAR | Lam: 0.963 | Load: 1.089
[OS:00010] LAMINAR | Lam: 0.506 | Load: 0.764
[OS:00020] TURBULENTO | Lam: 0.090 | Load: 0.720
[OS:00030] LAMINAR | Lam: 0.515 | Load: 0.739
[OS:00040] TURBULENTO | Lam: 0.276 | Load: 0.710
[OS:00050] LAMINAR | Lam: 0.528 | Load: 0.703
[OS:00060] LAMINAR | Lam: 0.679 | Load: 0.704
[OS:00070] TURBULENTO | Lam: 0.112 | Load: 0.669
[OS:00080] TURBULENTO | Lam: 0.123 | Load: 0.468
[OS:00090] LAMINAR | Lam: 0.615 | Load: 0.609
[OS:00100] TURBULENTO | Lam: 0.305 | Load: 0.617
[OS:00110] LAMINAR | Lam: 0.971 | Load: 0.893
[OS:00120] TURBULENTO | Lam: 0.158 | Load: 0.627
[OS:00130] LAMINAR | Lam: 0.946 | Load: 0.956
[OS:00140] LAMINAR | Lam: 0.686 | Load: 0.939
[OS:00150] LAMINAR | Lam: 0.551 | Load: 0.965
[OS:00160] TURBULENTO | Lam: 0.171 | Load: 0.707
[OS:00170] LAMINAR | Lam: 0.611 | Load: 1.035
[OS:00180] TURBULENTO | Lam: 0.182 | Load: 0.727
[OS:00190] TURBULENTO | Lam: 0.137 | Load: 0.525
[OS:00200] LAMINAR | Lam: 0.741 | Load: 0.654
[OS:00210] TURBULENTO | Lam: 0.051 | Load: 0.635
[OS:00220] LAMINAR | Lam: 0.636 | Load: 0.855
[OS:00230] LAMINAR | Lam: 0.934 | Load: 0.762
[OS:00240] TURBULENTO | Lam: 0.320 | Load: 0.705
[OS:00250] TURBULENTO | Lam: 0.260 | Load: 0.746
[OS:00260] TURBULENTO | Lam: 0.357 | Load: 0.842
[OS:00270] TURBULENTO | Lam: 0.376 | Load: 0.484
[OS:00280] LAMINAR | Lam: 0.524 | Load: 0.981
[OS:00290] TURBULENTO | Lam: 0.146 | Load: 0.602
[OS:00300] TURBULENTO | Lam: 0.065 | Load: 0.593
[OS:00310] TURBULENTO | Lam: 0.460 | Load: 0.729
[OS:00320] TURBULENTO | Lam: 0.378 | Load: 0.669
[OS:00330] LAMINAR | Lam: 0.601 | Load: 0.724
[OS:00340] TURBULENTO | Lam: 0.306 | Load: 0.646
[OS:00350] LAMINAR | Lam: 0.628 | Load: 0.702
[OS:00360] LAMINAR | Lam: 0.803 | Load: 0.658
[OS:00370] LAMINAR | Lam: 0.795 | Load: 0.784
[OS:00380] LAMINAR | Lam: 0.662 | Load: 0.680
[OS:00390] LAMINAR | Lam: 0.956 | Load: 0.877
[OS:00400] LAMINAR | Lam: 0.820 | Load: 0.566
[OS:00410] TURBULENTO | Lam: 0.137 | Load: 0.640
[OS:00420] LAMINAR | Lam: 0.929 | Load: 0.764
[OS:00430] LAMINAR | Lam: 0.866 | Load: 0.978
[OS:00440] LAMINAR | Lam: 0.942 | Load: 0.808
[OS:00450] TURBULENTO | Lam: 0.232 | Load: 0.538
[OS:00460] LAMINAR | Lam: 0.965 | Load: 0.821
[OS:00470] LAMINAR | Lam: 0.945 | Load: 0.866
[OS:00480] LAMINAR | Lam: 0.816 | Load: 0.838
[OS:00490] TURBULENTO | Lam: 0.021 | Load: 0.794
[OS:00500] LAMINAR | Lam: 0.864 | Load: 0.868
[OS:00510] LAMINAR | Lam: 0.947 | Load: 0.965
[OS:00520] LAMINAR | Lam: 0.804 | Load: 0.870
[OS:00530] LAMINAR | Lam: 0.716 | Load: 0.878
[OS:00540] TURBULENTO | Lam: 0.288 | Load: 0.927
[OS:00550] TURBULENTO | Lam: 0.439 | Load: 0.624
[OS:00560] TURBULENTO | Lam: 0.438 | Load: 0.619
[OS:00570] LAMINAR | Lam: 0.873 | Load: 0.798
[OS:00580] LAMINAR | Lam: 0.504 | Load: 0.633
[OS:00590] LAMINAR | Lam: 0.786 | Load: 0.915
[OS:00600] LAMINAR | Lam: 0.944 | Load: 0.764
[OS:00610] LAMINAR | Lam: 0.897 | Load: 1.048
[OS:00620] LAMINAR | Lam: 0.610 | Load: 0.984
[OS:00630] TURBULENTO | Lam: 0.413 | Load: 0.749
[OS:00640] TURBULENTO | Lam: 0.357 | Load: 0.557
[OS:00650] LAMINAR | Lam: 0.755 | Load: 0.757
[OS:00660] LAMINAR | Lam: 0.742 | Load: 0.825
[OS:00670] TURBULENTO | Lam: 0.077 | Load: 0.509
[OS:00680] LAMINAR | Lam: 0.945 | Load: 0.972
[OS:00690] LAMINAR | Lam: 0.904 | Load: 0.967
[OS:00700] TURBULENTO | Lam: 0.169 | Load: 0.744
[OS:00710] LAMINAR | Lam: 0.830 | Load: 0.985
[OS:00720] TURBULENTO | Lam: 0.103 | Load: 0.815
[OS:00730] TURBULENTO | Lam: 0.291 | Load: 0.818
[OS:00740] TURBULENTO | Lam: 0.079 | Load: 0.612
[OS:00750] LAMINAR | Lam: 0.838 | Load: 0.813
[OS:00760] TURBULENTO | Lam: 0.238 | Load: 0.666
[OS:00770] LAMINAR | Lam: 0.931 | Load: 1.000
[OS:00780] TURBULENTO | Lam: 0.191 | Load: 0.719
[OS:00790] TURBULENTO | Lam: 0.477 | Load: 0.626
[OS:00800] TURBULENTO | Lam: 0.460 | Load: 0.805
[OS:00810] TURBULENTO | Lam: 0.159 | Load: 0.728
[OS:00820] TURBULENTO | Lam: 0.071 | Load: 0.572
[OS:00830] LAMINAR | Lam: 0.981 | Load: 0.918
[OS:00840] TURBULENTO | Lam: 0.446 | Load: 0.631
[OS:00850] LAMINAR | Lam: 0.895 | Load: 0.739
[OS:00860] TURBULENTO | Lam: 0.368 | Load: 0.797
[OS:00870] TURBULENTO | Lam: 0.455 | Load: 0.689
[OS:00880] LAMINAR | Lam: 0.691 | Load: 0.766
[OS:00890] LAMINAR | Lam: 0.930 | Load: 0.893
[OS:00900] TURBULENTO | Lam: 0.275 | Load: 0.754
[OS:00910] LAMINAR | Lam: 0.864 | Load: 0.799
[OS:00920] TURBULENTO | Lam: 0.203 | Load: 0.490
[OS:00930] TURBULENTO | Lam: 0.259 | Load: 0.638
[OS:00940] LAMINAR | Lam: 0.664 | Load: 0.839
[OS:00950] TURBULENTO | Lam: 0.376 | Load: 0.672
[OS:00960] LAMINAR | Lam: 0.511 | Load: 0.751
[OS:00970] TURBULENTO | Lam: 0.268 | Load: 0.960
[OS:00980] LAMINAR | Lam: 0.822 | Load: 0.912
[OS:00990] LAMINAR | Lam: 0.870 | Load: 1.067
[OS:01000] LAMINAR | Lam: 0.522 | Load: 0.663
[OS:01010] LAMINAR | Lam: 0.727 | Load: 0.656
[OS:01020] LAMINAR | Lam: 0.519 | Load: 0.860
[OS:01030] TURBULENTO | Lam: 0.207 | Load: 0.466
[OS:01040] LAMINAR | Lam: 0.860 | Load: 0.625
[OS:01050] LAMINAR | Lam: 0.749 | Load: 0.850
[OS:01060] TURBULENTO | Lam: 0.386 | Load: 0.624
[OS:01070] TURBULENTO | Lam: 0.148 | Load: 0.646
[OS:01080] LAMINAR | Lam: 0.892 | Load: 1.065
[OS:01090] TURBULENTO | Lam: 0.294 | Load: 0.748
[OS:01100] TURBULENTO | Lam: 0.267 | Load: 0.442
[OS:01110] LAMINAR | Lam: 0.984 | Load: 0.721
[OS:01120] TURBULENTO | Lam: 0.472 | Load: 0.699
[OS:01130] LAMINAR | Lam: 0.519 | Load: 0.819
[OS:01140] LAMINAR | Lam: 0.870 | Load: 0.747
[OS:01150] TURBULENTO | Lam: 0.390 | Load: 0.628
[OS:01160] TURBULENTO | Lam: 0.371 | Load: 0.798
[OS:01170] TURBULENTO | Lam: 0.347 | Load: 0.786
[OS:01180] LAMINAR | Lam: 0.775 | Load: 0.594
[OS:01190] TURBULENTO | Lam: 0.260 | Load: 0.788
[OS:01200] LAMINAR | Lam: 0.762 | Load: 0.838
[OS:01210] LAMINAR | Lam: 0.607 | Load: 0.795
[OS:01220] LAMINAR | Lam: 0.611 | Load: 0.811
[OS:01230] LAMINAR | Lam: 0.816 | Load: 0.931
[OS:01240] LAMINAR | Lam: 0.849 | Load: 0.814
[OS:01250] LAMINAR | Lam: 0.629 | Load: 0.752
[OS:01260] TURBULENTO | Lam: 0.173 | Load: 0.552
[OS:01270] LAMINAR | Lam: 0.625 | Load: 0.718
[OS:01280] LAMINAR | Lam: 0.859 | Load: 0.790
[OS:01290] LAMINAR | Lam: 0.781 | Load: 0.916
[OS:01300] LAMINAR | Lam: 0.740 | Load: 0.635
[OS:01310] TURBULENTO | Lam: 0.204 | Load: 0.745
[OS:01320] LAMINAR | Lam: 0.814 | Load: 0.993
[OS:01330] TURBULENTO | Lam: 0.405 | Load: 0.723
[OS:01340] TURBULENTO | Lam: 0.403 | Load: 0.865
[OS:01350] LAMINAR | Lam: 0.936 | Load: 0.926
[OS:01360] LAMINAR | Lam: 0.868 | Load: 0.829
[OS:01370] TURBULENTO | Lam: 0.122 | Load: 0.613
[OS:01380] TURBULENTO | Lam: 0.166 | Load: 0.613
[OS:01390] TURBULENTO | Lam: 0.352 | Load: 0.963
[OS:01400] LAMINAR | Lam: 0.922 | Load: 0.809
[OS:01410] LAMINAR | Lam: 0.702 | Load: 0.958
[OS:01420] LAMINAR | Lam: 0.861 | Load: 0.884
[OS:01430] LAMINAR | Lam: 0.809 | Load: 0.735
[OS:01440] TURBULENTO | Lam: 0.356 | Load: 0.737
[OS:01450] LAMINAR | Lam: 0.640 | Load: 0.657
[OS:01460] TURBULENTO | Lam: 0.472 | Load: 0.934
[OS:01470] TURBULENTO | Lam: 0.334 | Load: 0.776
[OS:01480] TURBULENTO | Lam: 0.451 | Load: 0.849
[OS:01490] TURBULENTO | Lam: 0.116 | Load: 0.768
[OS:01500] TURBULENTO | Lam: 0.361 | Load: 0.840
[OS:01510] TURBULENTO | Lam: 0.046 | Load: 0.522
[OS:01520] TURBULENTO | Lam: 0.455 | Load: 0.589
[OS:01530] TURBULENTO | Lam: 0.203 | Load: 0.561
[OS:01540] TURBULENTO | Lam: 0.136 | Load: 0.821
[OS:01550] LAMINAR | Lam: 0.533 | Load: 0.678
[OS:01560] LAMINAR | Lam: 0.555 | Load: 0.637
[OS:01570] TURBULENTO | Lam: 0.207 | Load: 0.627
[OS:01580] LAMINAR | Lam: 0.527 | Load: 0.699
[OS:01590] TURBULENTO | Lam: 0.187 | Load: 0.682
[OS:01600] LAMINAR | Lam: 0.577 | Load: 0.797
[OS:01610] TURBULENTO | Lam: 0.244 | Load: 0.630
[OS:01620] LAMINAR | Lam: 0.609 | Load: 0.713
[OS:01630] TURBULENTO | Lam: 0.102 | Load: 0.687
[OS:01640] TURBULENTO | Lam: 0.125 | Load: 0.700
[OS:01650] LAMINAR | Lam: 0.755 | Load: 0.850
[OS:01660] LAMINAR | Lam: 0.753 | Load: 0.962
[OS:01670] LAMINAR | Lam: 0.571 | Load: 0.806
[OS:01680] LAMINAR | Lam: 0.507 | Load: 0.710
[OS:01690] TURBULENTO | Lam: 0.303 | Load: 0.768
[OS:01700] TURBULENTO | Lam: 0.422 | Load: 0.884
[OS:01710] LAMINAR | Lam: 0.766 | Load: 0.776
[OS:01720] TURBULENTO | Lam: 0.442 | Load: 0.715
[OS:01730] LAMINAR | Lam: 0.864 | Load: 0.813
[OS:01740] TURBULENTO | Lam: 0.127 | Load: 0.770
[OS:01750] TURBULENTO | Lam: 0.332 | Load: 0.615
[OS:01760] LAMINAR | Lam: 0.706 | Load: 0.873
[OS:01770] TURBULENTO | Lam: 0.234 | Load: 0.588
[OS:01780] TURBULENTO | Lam: 0.052 | Load: 0.573
[OS:01790] LAMINAR | Lam: 0.596 | Load: 0.616
[OS:01800] TURBULENTO | Lam: 0.126 | Load: 0.647
[OS:01810] TURBULENTO | Lam: 0.194 | Load: 0.786
[OS:01820] TURBULENTO | Lam: 0.290 | Load: 0.598
[OS:01830] TURBULENTO | Lam: 0.167 | Load: 0.707
[OS:01840] TURBULENTO | Lam: 0.428 | Load: 0.725
[OS:01850] TURBULENTO | Lam: 0.277 | Load: 0.667
[OS:01860] LAMINAR | Lam: 0.955 | Load: 0.892
[OS:01870] TURBULENTO | Lam: 0.041 | Load: 0.532
[OS:01880] LAMINAR | Lam: 0.756 | Load: 0.852
[OS:01890] LAMINAR | Lam: 0.502 | Load: 0.696
[OS:01900] TURBULENTO | Lam: 0.498 | Load: 0.842
[OS:01910] TURBULENTO | Lam: 0.027 | Load: 0.708
[OS:01920] TURBULENTO | Lam: 0.346 | Load: 0.877
[OS:01930] TURBULENTO | Lam: 0.446 | Load: 0.935
[OS:01940] TURBULENTO | Lam: 0.280 | Load: 0.563
[OS:01950] LAMINAR | Lam: 0.901 | Load: 0.960
[OS:01960] TURBULENTO | Lam: 0.240 | Load: 0.737
[OS:01970] LAMINAR | Lam: 0.741 | Load: 0.757
[OS:01980] LAMINAR | Lam: 0.904 | Load: 0.833
[OS:01990] LAMINAR | Lam: 0.526 | Load: 0.819
[OS:02000] LAMINAR | Lam: 0.765 | Load: 0.957
[OS:02010] LAMINAR | Lam: 0.605 | Load: 0.772
[OS:02020] TURBULENTO | Lam: 0.186 | Load: 0.538
[OS:02030] LAMINAR | Lam: 0.833 | Load: 0.955
[OS:02040] LAMINAR | Lam: 0.783 | Load: 0.969
[OS:02050] LAMINAR | Lam: 0.674 | Load: 0.843
[OS:02060] LAMINAR | Lam: 0.961 | Load: 0.863
[OS:02070] LAMINAR | Lam: 0.951 | Load: 0.922
[OS:02080] LAMINAR | Lam: 0.761 | Load: 0.736
[OS:02090] LAMINAR | Lam: 0.926 | Load: 0.866
[OS:02100] LAMINAR | Lam: 0.693 | Load: 1.003
[OS:02110] TURBULENTO | Lam: 0.125 | Load: 0.853
[OS:02120] LAMINAR | Lam: 0.644 | Load: 0.950
[OS:02130] TURBULENTO | Lam: 0.159 | Load: 0.723
[OS:02140] LAMINAR | Lam: 0.823 | Load: 0.778
[OS:02150] TURBULENTO | Lam: 0.074 | Load: 0.483
[OS:02160] TURBULENTO | Lam: 0.150 | Load: 0.492
[OS:02170] TURBULENTO | Lam: 0.240 | Load: 0.582
[OS:02180] TURBULENTO | Lam: 0.264 | Load: 0.662
[OS:02190] LAMINAR | Lam: 0.921 | Load: 0.857
[OS:02200] LAMINAR | Lam: 0.694 | Load: 0.909
[OS:02210] TURBULENTO | Lam: 0.036 | Load: 0.548
[OS:02220] TURBULENTO | Lam: 0.473 | Load: 0.551
[OS:02230] TURBULENTO | Lam: 0.145 | Load: 0.650
[OS:02240] TURBULENTO | Lam: 0.448 | Load: 0.541
[OS:02250] LAMINAR | Lam: 0.712 | Load: 0.738
[OS:02260] TURBULENTO | Lam: 0.172 | Load: 0.601
[OS:02270] LAMINAR | Lam: 0.597 | Load: 0.904
[OS:02280] TURBULENTO | Lam: 0.164 | Load: 0.477
[OS:02290] TURBULENTO | Lam: 0.485 | Load: 0.994
[OS:02300] TURBULENTO | Lam: 0.068 | Load: 0.744
[OS:02310] TURBULENTO | Lam: 0.060 | Load: 0.583
[OS:02320] LAMINAR | Lam: 0.533 | Load: 0.704
[OS:02330] LAMINAR | Lam: 0.707 | Load: 0.953
[OS:02340] LAMINAR | Lam: 0.705 | Load: 0.668
[OS:02350] LAMINAR | Lam: 0.767 | Load: 0.649
[OS:02360] LAMINAR | Lam: 0.804 | Load: 0.755
[OS:02370] TURBULENTO | Lam: 0.485 | Load: 0.763
[OS:02380] TURBULENTO | Lam: 0.464 | Load: 0.731
[OS:02390] LAMINAR | Lam: 0.564 | Load: 0.900
[OS:02400] TURBULENTO | Lam: 0.168 | Load: 0.449
[OS:02410] LAMINAR | Lam: 0.965 | Load: 0.649
[OS:02420] TURBULENTO | Lam: 0.412 | Load: 0.779
[OS:02430] TURBULENTO | Lam: 0.239 | Load: 0.623
[OS:02440] TURBULENTO | Lam: 0.122 | Load: 0.724
[OS:02450] TURBULENTO | Lam: 0.380 | Load: 0.756
[OS:02460] LAMINAR | Lam: 0.583 | Load: 0.748
[OS:02470] LAMINAR | Lam: 0.902 | Load: 0.901
[OS:02480] LAMINAR | Lam: 0.599 | Load: 0.736
[OS:02490] TURBULENTO | Lam: 0.090 | Load: 0.624
[OS:02500] TURBULENTO | Lam: 0.281 | Load: 0.453
[OS:02510] LAMINAR | Lam: 0.959 | Load: 1.014
[OS:02520] LAMINAR | Lam: 0.970 | Load: 1.177
[OS:02530] LAMINAR | Lam: 0.658 | Load: 0.869
[OS:02540] TURBULENTO | Lam: 0.434 | Load: 0.679
[OS:02550] TURBULENTO | Lam: 0.129 | Load: 0.914
[OS:02560] LAMINAR | Lam: 0.616 | Load: 0.803
[OS:02570] TURBULENTO | Lam: 0.135 | Load: 0.638
[OS:02580] TURBULENTO | Lam: 0.089 | Load: 0.691
[OS:02590] TURBULENTO | Lam: 0.351 | Load: 0.793
[OS:02600] TURBULENTO | Lam: 0.319 | Load: 0.688
[OS:02610] LAMINAR | Lam: 0.622 | Load: 0.809
[OS:02620] TURBULENTO | Lam: 0.405 | Load: 0.668
[OS:02630] LAMINAR | Lam: 0.988 | Load: 0.979
[OS:02640] LAMINAR | Lam: 0.552 | Load: 0.897
[OS:02650] LAMINAR | Lam: 0.779 | Load: 0.843
[OS:02660] LAMINAR | Lam: 0.599 | Load: 1.019
[OS:02670] TURBULENTO | Lam: 0.101 | Load: 0.655
[OS:02680] LAMINAR | Lam: 0.914 | Load: 0.993
[OS:02690] LAMINAR | Lam: 0.891 | Load: 0.834
[OS:02700] TURBULENTO | Lam: 0.195 | Load: 0.760
[OS:02710] LAMINAR | Lam: 0.904 | Load: 0.733
[OS:02720] TURBULENTO | Lam: 0.167 | Load: 0.593
[OS:02730] TURBULENTO | Lam: 0.135 | Load: 0.616
[OS:02740] TURBULENTO | Lam: 0.266 | Load: 0.575
[OS:02750] LAMINAR | Lam: 0.969 | Load: 0.846
[OS:02760] LAMINAR | Lam: 0.515 | Load: 0.885
[OS:02770] TURBULENTO | Lam: 0.278 | Load: 0.657
[OS:02780] TURBULENTO | Lam: 0.129 | Load: 0.444
[OS:02790] TURBULENTO | Lam: 0.369 | Load: 0.646
[OS:02800] TURBULENTO | Lam: 0.162 | Load: 0.619
[OS:02810] TURBULENTO | Lam: 0.049 | Load: 0.490
[OS:02820] LAMINAR | Lam: 0.573 | Load: 0.934
[OS:02830] LAMINAR | Lam: 0.971 | Load: 1.010
[OS:02840] TURBULENTO | Lam: 0.456 | Load: 0.663
[OS:02850] LAMINAR | Lam: 0.515 | Load: 0.547
[OS:02860] TURBULENTO | Lam: 0.117 | Load: 0.712
[OS:02870] LAMINAR | Lam: 0.641 | Load: 0.813
[OS:02880] LAMINAR | Lam: 0.653 | Load: 0.877
[OS:02890] LAMINAR | Lam: 0.820 | Load: 0.752
[OS:02900] LAMINAR | Lam: 0.659 | Load: 0.653
[OS:02910] TURBULENTO | Lam: 0.045 | Load: 0.826
[OS:02920] LAMINAR | Lam: 0.762 | Load: 0.774
[OS:02930] LAMINAR | Lam: 0.534 | Load: 0.801
[OS:02940] TURBULENTO | Lam: 0.099 | Load: 0.763
[OS:02950] LAMINAR | Lam: 0.688 | Load: 0.574
[OS:02960] LAMINAR | Lam: 0.926 | Load: 0.741
[OS:02970] TURBULENTO | Lam: 0.457 | Load: 0.761
[OS:02980] TURBULENTO | Lam: 0.410 | Load: 0.856
[OS:02990] TURBULENTO | Lam: 0.368 | Load: 0.939
[OS:03000] TURBULENTO | Lam: 0.225 | Load: 0.801
[OS:03010] LAMINAR | Lam: 0.595 | Load: 0.871
[OS:03020] TURBULENTO | Lam: 0.172 | Load: 0.784
[OS:03030] LAMINAR | Lam: 0.767 | Load: 0.860
[OS:03040] TURBULENTO | Lam: 0.124 | Load: 0.565
[OS:03050] TURBULENTO | Lam: 0.321 | Load: 0.484
[OS:03060] TURBULENTO | Lam: 0.327 | Load: 0.356
[OS:03070] LAMINAR | Lam: 0.776 | Load: 0.856
[OS:03080] LAMINAR | Lam: 0.606 | Load: 0.757
[OS:03090] TURBULENTO | Lam: 0.374 | Load: 0.738
[OS:03100] LAMINAR | Lam: 0.673 | Load: 0.600
[OS:03110] LAMINAR | Lam: 0.844 | Load: 0.759
[OS:03120] LAMINAR | Lam: 0.900 | Load: 0.995
[OS:03130] LAMINAR | Lam: 0.842 | Load: 0.840
[OS:03140] LAMINAR | Lam: 0.767 | Load: 0.829
[OS:03150] TURBULENTO | Lam: 0.313 | Load: 0.849
[OS:03160] LAMINAR | Lam: 0.601 | Load: 0.994
[OS:03170] TURBULENTO | Lam: 0.210 | Load: 0.769
[OS:03180] TURBULENTO | Lam: 0.423 | Load: 0.760
[OS:03190] TURBULENTO | Lam: 0.264 | Load: 0.744
[OS:03200] TURBULENTO | Lam: 0.400 | Load: 0.810
[OS:03210] TURBULENTO | Lam: 0.300 | Load: 0.764
[OS:03220] TURBULENTO | Lam: 0.287 | Load: 0.639
[OS:03230] LAMINAR | Lam: 0.626 | Load: 0.810
[OS:03240] TURBULENTO | Lam: 0.285 | Load: 0.799
[OS:03250] LAMINAR | Lam: 0.532 | Load: 0.783
[OS:03260] LAMINAR | Lam: 0.668 | Load: 0.709
[OS:03270] TURBULENTO | Lam: 0.091 | Load: 0.614
[OS:03280] LAMINAR | Lam: 0.930 | Load: 0.630
[OS:03290] TURBULENTO | Lam: 0.320 | Load: 0.441
[OS:03300] LAMINAR | Lam: 0.939 | Load: 0.855
[OS:03310] TURBULENTO | Lam: 0.194 | Load: 0.661
[OS:03320] TURBULENTO | Lam: 0.112 | Load: 0.805
[OS:03330] TURBULENTO | Lam: 0.411 | Load: 0.727
[OS:03340] TURBULENTO | Lam: 0.250 | Load: 0.578
[OS:03350] TURBULENTO | Lam: 0.167 | Load: 0.624
[OS:03360] TURBULENTO | Lam: 0.304 | Load: 0.743
[OS:03370] TURBULENTO | Lam: 0.393 | Load: 0.692
[OS:03380] LAMINAR | Lam: 0.966 | Load: 0.864
[OS:03390] TURBULENTO | Lam: 0.192 | Load: 0.644
[OS:03400] TURBULENTO | Lam: 0.080 | Load: 0.461
[OS:03410] TURBULENTO | Lam: 0.281 | Load: 0.705
[OS:03420] LAMINAR | Lam: 0.708 | Load: 0.703
[OS:03430] TURBULENTO | Lam: 0.085 | Load: 0.457
[OS:03440] LAMINAR | Lam: 0.759 | Load: 0.721
[OS:03450] LAMINAR | Lam: 0.679 | Load: 0.765
[OS:03460] LAMINAR | Lam: 0.601 | Load: 0.806
[OS:03470] LAMINAR | Lam: 0.866 | Load: 0.770
[OS:03480] LAMINAR | Lam: 0.909 | Load: 0.890
[OS:03490] LAMINAR | Lam: 0.772 | Load: 0.660
[OS:03500] TURBULENTO | Lam: 0.219 | Load: 0.722
[OS:03510] LAMINAR | Lam: 0.629 | Load: 0.631
[OS:03520] TURBULENTO | Lam: 0.443 | Load: 0.745
[OS:03530] TURBULENTO | Lam: 0.055 | Load: 0.484
[OS:03540] TURBULENTO | Lam: 0.338 | Load: 0.688
[OS:03550] LAMINAR | Lam: 0.679 | Load: 0.849
[OS:03560] TURBULENTO | Lam: 0.191 | Load: 0.517
[OS:03570] TURBULENTO | Lam: 0.037 | Load: 0.562
[OS:03580] TURBULENTO | Lam: 0.325 | Load: 0.785
[OS:03590] TURBULENTO | Lam: 0.175 | Load: 0.965
[OS:03600] LAMINAR | Lam: 0.508 | Load: 0.840
[OS:03610] TURBULENTO | Lam: 0.189 | Load: 0.674
[OS:03620] TURBULENTO | Lam: 0.203 | Load: 0.793
[OS:03630] TURBULENTO | Lam: 0.431 | Load: 0.815
[OS:03640] LAMINAR | Lam: 0.850 | Load: 0.861
[OS:03650] LAMINAR | Lam: 0.628 | Load: 0.919
[OS:03660] LAMINAR | Lam: 0.834 | Load: 0.804
[OS:03670] TURBULENTO | Lam: 0.260 | Load: 0.648
[OS:03680] TURBULENTO | Lam: 0.033 | Load: 0.384
[OS:03690] LAMINAR | Lam: 0.766 | Load: 0.733
[OS:03700] TURBULENTO | Lam: 0.360 | Load: 0.491
[OS:03710] LAMINAR | Lam: 0.753 | Load: 0.755
[OS:03720] LAMINAR | Lam: 0.889 | Load: 1.044
[OS:03730] TURBULENTO | Lam: 0.391 | Load: 0.873
[OS:03740] TURBULENTO | Lam: 0.095 | Load: 0.436
[OS:03750] LAMINAR | Lam: 0.667 | Load: 0.861
[OS:03760] LAMINAR | Lam: 0.943 | Load: 0.728
[OS:03770] TURBULENTO | Lam: 0.207 | Load: 0.796
[OS:03780] TURBULENTO | Lam: 0.144 | Load: 0.459
[OS:03790] LAMINAR | Lam: 0.575 | Load: 0.689
[OS:03800] LAMINAR | Lam: 0.961 | Load: 0.830
[OS:03810] TURBULENTO | Lam: 0.232 | Load: 0.593
[OS:03820] LAMINAR | Lam: 0.916 | Load: 0.757
[OS:03830] LAMINAR | Lam: 0.830 | Load: 0.890
[OS:03840] TURBULENTO | Lam: 0.030 | Load: 0.599
[OS:03850] LAMINAR | Lam: 0.864 | Load: 0.707
[OS:03860] TURBULENTO | Lam: 0.076 | Load: 0.503
[OS:03870] TURBULENTO | Lam: 0.211 | Load: 0.627
[OS:03880] LAMINAR | Lam: 0.945 | Load: 1.013
[OS:03890] TURBULENTO | Lam: 0.411 | Load: 0.736
[OS:03900] TURBULENTO | Lam: 0.393 | Load: 0.510
[OS:03910] LAMINAR | Lam: 0.591 | Load: 0.799
[OS:03920] LAMINAR | Lam: 0.597 | Load: 0.762
[OS:03930] TURBULENTO | Lam: 0.491 | Load: 0.839
[OS:03940] TURBULENTO | Lam: 0.375 | Load: 0.652
[OS:03950] TURBULENTO | Lam: 0.267 | Load: 0.769
[OS:03960] LAMINAR | Lam: 0.906 | Load: 0.992
[OS:03970] TURBULENTO | Lam: 0.152 | Load: 0.833
[OS:03980] LAMINAR | Lam: 0.621 | Load: 0.665
[OS:03990] LAMINAR | Lam: 0.704 | Load: 1.046
[OS:04000] TURBULENTO | Lam: 0.107 | Load: 0.627
[OS:04010] TURBULENTO | Lam: 0.147 | Load: 0.738
[OS:04020] TURBULENTO | Lam: 0.345 | Load: 0.700
[OS:04030] LAMINAR | Lam: 0.555 | Load: 0.771
[OS:04040] LAMINAR | Lam: 0.539 | Load: 0.731
[OS:04050] TURBULENTO | Lam: 0.137 | Load: 0.555
[OS:04060] LAMINAR | Lam: 0.572 | Load: 0.701
[OS:04070] TURBULENTO | Lam: 0.188 | Load: 0.474
[OS:04080] LAMINAR | Lam: 0.779 | Load: 0.902
[OS:04090] TURBULENTO | Lam: 0.031 | Load: 0.682
[OS:04100] LAMINAR | Lam: 0.740 | Load: 0.646
[OS:04110] LAMINAR | Lam: 0.562 | Load: 0.686
[OS:04120] TURBULENTO | Lam: 0.470 | Load: 0.749
[OS:04130] LAMINAR | Lam: 0.756 | Load: 0.805
[OS:04140] TURBULENTO | Lam: 0.043 | Load: 0.570
[OS:04150] LAMINAR | Lam: 0.768 | Load: 0.723
[OS:04160] LAMINAR | Lam: 0.833 | Load: 0.988
[OS:04170] TURBULENTO | Lam: 0.334 | Load: 0.823
[OS:04180] LAMINAR | Lam: 0.820 | Load: 0.729
[OS:04190] TURBULENTO | Lam: 0.174 | Load: 0.524
[OS:04200] TURBULENTO | Lam: 0.305 | Load: 0.740
[OS:04210] TURBULENTO | Lam: 0.274 | Load: 0.550
[OS:04220] TURBULENTO | Lam: 0.315 | Load: 0.598
[OS:04230] LAMINAR | Lam: 0.506 | Load: 0.660
[OS:04240] LAMINAR | Lam: 0.779 | Load: 0.950
[OS:04250] LAMINAR | Lam: 0.888 | Load: 1.064
[OS:04260] TURBULENTO | Lam: 0.203 | Load: 0.676
[OS:04270] TURBULENTO | Lam: 0.279 | Load: 0.759
[OS:04280] TURBULENTO | Lam: 0.400 | Load: 0.398
[OS:04290] TURBULENTO | Lam: 0.063 | Load: 0.435
[OS:04300] TURBULENTO | Lam: 0.189 | Load: 0.646
[OS:04310] LAMINAR | Lam: 0.614 | Load: 0.711
[OS:04320] TURBULENTO | Lam: 0.396 | Load: 0.653
[OS:04330] TURBULENTO | Lam: 0.086 | Load: 0.493
[OS:04340] LAMINAR | Lam: 0.930 | Load: 0.830
[OS:04350] LAMINAR | Lam: 0.720 | Load: 0.922
[OS:04360] TURBULENTO | Lam: 0.325 | Load: 0.667
[OS:04370] LAMINAR | Lam: 0.557 | Load: 0.878
[OS:04380] LAMINAR | Lam: 0.747 | Load: 0.882
[OS:04390] LAMINAR | Lam: 0.856 | Load: 0.994
[OS:04400] TURBULENTO | Lam: 0.344 | Load: 0.509
[OS:04410] TURBULENTO | Lam: 0.045 | Load: 0.577
[OS:04420] LAMINAR | Lam: 0.932 | Load: 0.851
[OS:04430] TURBULENTO | Lam: 0.103 | Load: 0.468
[OS:04440] LAMINAR | Lam: 0.729 | Load: 0.841
[OS:04450] TURBULENTO | Lam: 0.069 | Load: 0.733
[OS:04460] LAMINAR | Lam: 0.654 | Load: 0.750
[OS:04470] LAMINAR | Lam: 0.504 | Load: 0.627
[OS:04480] LAMINAR | Lam: 0.871 | Load: 0.854
[OS:04490] LAMINAR | Lam: 0.582 | Load: 0.894
[OS:04500] TURBULENTO | Lam: 0.432 | Load: 0.653
[OS:04510] LAMINAR | Lam: 0.834 | Load: 0.664
[OS:04520] LAMINAR | Lam: 0.567 | Load: 0.918
[OS:04530] TURBULENTO | Lam: 0.070 | Load: 0.803
[OS:04540] TURBULENTO | Lam: 0.072 | Load: 0.656
[OS:04550] LAMINAR | Lam: 0.800 | Load: 0.752
[OS:04560] LAMINAR | Lam: 0.842 | Load: 0.725
[OS:04570] LAMINAR | Lam: 0.871 | Load: 0.888
[OS:04580] LAMINAR | Lam: 0.971 | Load: 0.797
[OS:04590] LAMINAR | Lam: 0.773 | Load: 0.977
[OS:04600] LAMINAR | Lam: 0.874 | Load: 0.834
[OS:04610] TURBULENTO | Lam: 0.194 | Load: 0.639
[OS:04620] LAMINAR | Lam: 0.696 | Load: 0.862
[OS:04630] LAMINAR | Lam: 0.588 | Load: 0.619
[OS:04640] TURBULENTO | Lam: 0.143 | Load: 0.624
[OS:04650] LAMINAR | Lam: 0.743 | Load: 0.612
[OS:04660] TURBULENTO | Lam: 0.244 | Load: 0.520
[OS:04670] TURBULENTO | Lam: 0.269 | Load: 0.584
[OS:04680] TURBULENTO | Lam: 0.410 | Load: 0.577
[OS:04690] LAMINAR | Lam: 0.527 | Load: 0.789
[OS:04700] LAMINAR | Lam: 0.750 | Load: 0.879
[OS:04710] LAMINAR | Lam: 0.501 | Load: 0.539
[OS:04720] TURBULENTO | Lam: 0.131 | Load: 0.434
[OS:04730] TURBULENTO | Lam: 0.138 | Load: 0.558
[OS:04740] TURBULENTO | Lam: 0.093 | Load: 0.589
[OS:04750] TURBULENTO | Lam: 0.441 | Load: 0.679
[OS:04760] LAMINAR | Lam: 0.625 | Load: 0.746
[OS:04770] TURBULENTO | Lam: 0.050 | Load: 0.425
[OS:04780] LAMINAR | Lam: 0.974 | Load: 0.829
[OS:04790] LAMINAR | Lam: 0.794 | Load: 0.823
[OS:04800] LAMINAR | Lam: 0.607 | Load: 0.896
[OS:04810] TURBULENTO | Lam: 0.494 | Load: 0.877
[OS:04820] LAMINAR | Lam: 0.699 | Load: 0.814
[OS:04830] TURBULENTO | Lam: 0.237 | Load: 0.779
[OS:04840] LAMINAR | Lam: 0.512 | Load: 0.940
[OS:04850] TURBULENTO | Lam: 0.141 | Load: 0.522
[OS:04860] TURBULENTO | Lam: 0.056 | Load: 0.623
[OS:04870] LAMINAR | Lam: 0.504 | Load: 0.690
[OS:04880] LAMINAR | Lam: 0.686 | Load: 0.677
[OS:04890] TURBULENTO | Lam: 0.090 | Load: 0.649
[OS:04900] TURBULENTO | Lam: 0.129 | Load: 0.627
[OS:04910] TURBULENTO | Lam: 0.153 | Load: 0.635
[OS:04920] LAMINAR | Lam: 0.681 | Load: 0.875
[OS:04930] LAMINAR | Lam: 0.853 | Load: 1.017
[OS:04940] LAMINAR | Lam: 0.947 | Load: 0.837
[OS:04950] LAMINAR | Lam: 0.808 | Load: 1.010
[OS:04960] LAMINAR | Lam: 0.953 | Load: 0.825
[OS:04970] TURBULENTO | Lam: 0.124 | Load: 0.691
[OS:04980] TURBULENTO | Lam: 0.397 | Load: 0.673
[OS:04990] LAMINAR | Lam: 0.807 | Load: 0.761
[OS:05000] LAMINAR | Lam: 0.618 | Load: 0.998
[OS:05010] LAMINAR | Lam: 0.789 | Load: 0.818
[OS:05020] TURBULENTO | Lam: 0.210 | Load: 0.601
[OS:05030] LAMINAR | Lam: 0.767 | Load: 0.898
[OS:05040] TURBULENTO | Lam: 0.165 | Load: 0.757
[OS:05050] LAMINAR | Lam: 0.861 | Load: 0.858
[OS:05060] TURBULENTO | Lam: 0.053 | Load: 0.396
[OS:05070] TURBULENTO | Lam: 0.185 | Load: 0.674
[OS:05080] TURBULENTO | Lam: 0.038 | Load: 0.586
[OS:05090] LAMINAR | Lam: 0.819 | Load: 0.972
[OS:05100] LAMINAR | Lam: 0.645 | Load: 0.858
[OS:05110] TURBULENTO | Lam: 0.427 | Load: 0.656
[OS:05120] TURBULENTO | Lam: 0.229 | Load: 0.688
[OS:05130] TURBULENTO | Lam: 0.302 | Load: 0.657
[OS:05140] TURBULENTO | Lam: 0.248 | Load: 0.677
[OS:05150] TURBULENTO | Lam: 0.118 | Load: 0.556
[OS:05160] TURBULENTO | Lam: 0.235 | Load: 0.496
[OS:05170] LAMINAR | Lam: 0.904 | Load: 0.874
[OS:05180] LAMINAR | Lam: 0.719 | Load: 0.844
[OS:05190] TURBULENTO | Lam: 0.276 | Load: 0.769
[OS:05200] TURBULENTO | Lam: 0.414 | Load: 0.733
[OS:05210] LAMINAR | Lam: 0.745 | Load: 1.023
[OS:05220] LAMINAR | Lam: 0.857 | Load: 0.879
[OS:05230] TURBULENTO | Lam: 0.113 | Load: 0.666
[OS:05240] LAMINAR | Lam: 0.778 | Load: 0.734
[OS:05250] LAMINAR | Lam: 0.597 | Load: 0.685
[OS:05260] LAMINAR | Lam: 0.658 | Load: 0.765
[OS:05270] LAMINAR | Lam: 0.584 | Load: 0.806
[OS:05280] TURBULENTO | Lam: 0.025 | Load: 0.566
[OS:05290] TURBULENTO | Lam: 0.209 | Load: 0.674
[OS:05300] LAMINAR | Lam: 0.748 | Load: 0.812
[OS:05310] TURBULENTO | Lam: 0.114 | Load: 0.544
[OS:05320] LAMINAR | Lam: 0.952 | Load: 0.788
[OS:05330] LAMINAR | Lam: 0.668 | Load: 0.618
[OS:05340] TURBULENTO | Lam: 0.336 | Load: 0.516
[OS:05350] TURBULENTO | Lam: 0.088 | Load: 0.493
[OS:05360] TURBULENTO | Lam: 0.156 | Load: 0.468
[OS:05370] LAMINAR | Lam: 0.667 | Load: 0.879
[OS:05380] LAMINAR | Lam: 0.774 | Load: 0.852
[OS:05390] TURBULENTO | Lam: 0.237 | Load: 0.773
[OS:05400] TURBULENTO | Lam: 0.060 | Load: 0.582
[OS:05410] LAMINAR | Lam: 0.724 | Load: 0.697
[OS:05420] LAMINAR | Lam: 0.522 | Load: 0.697
[OS:05430] TURBULENTO | Lam: 0.496 | Load: 0.643
[OS:05440] LAMINAR | Lam: 0.707 | Load: 0.688
[OS:05450] LAMINAR | Lam: 0.749 | Load: 0.878
[OS:05460] LAMINAR | Lam: 0.936 | Load: 0.749
[OS:05470] TURBULENTO | Lam: 0.489 | Load: 0.771
[OS:05480] TURBULENTO | Lam: 0.045 | Load: 0.579
[OS:05490] LAMINAR | Lam: 0.718 | Load: 0.909
[OS:05500] LAMINAR | Lam: 0.800 | Load: 0.722
[OS:05510] LAMINAR | Lam: 0.635 | Load: 0.771
[OS:05520] TURBULENTO | Lam: 0.351 | Load: 0.720
[OS:05530] LAMINAR | Lam: 0.658 | Load: 0.937
[OS:05540] LAMINAR | Lam: 0.935 | Load: 0.821
[OS:05550] LAMINAR | Lam: 0.780 | Load: 1.019
[OS:05560] TURBULENTO | Lam: 0.104 | Load: 0.801
[OS:05570] TURBULENTO | Lam: 0.065 | Load: 0.743
[OS:05580] TURBULENTO | Lam: 0.128 | Load: 0.642
[OS:05590] LAMINAR | Lam: 0.763 | Load: 0.922
[OS:05600] TURBULENTO | Lam: 0.285 | Load: 0.762
[OS:05610] TURBULENTO | Lam: 0.152 | Load: 0.716
[OS:05620] TURBULENTO | Lam: 0.439 | Load: 0.999
[OS:05630] TURBULENTO | Lam: 0.246 | Load: 0.541
[OS:05640] TURBULENTO | Lam: 0.324 | Load: 0.752
[OS:05650] LAMINAR | Lam: 0.877 | Load: 0.839
[OS:05660] TURBULENTO | Lam: 0.331 | Load: 0.536
[OS:05670] TURBULENTO | Lam: 0.142 | Load: 0.550
[OS:05680] TURBULENTO | Lam: 0.040 | Load: 0.664
[OS:05690] TURBULENTO | Lam: 0.294 | Load: 0.665
[OS:05700] LAMINAR | Lam: 0.878 | Load: 0.652
[OS:05710] TURBULENTO | Lam: 0.076 | Load: 0.625
[OS:05720] TURBULENTO | Lam: 0.243 | Load: 0.711
[OS:05730] TURBULENTO | Lam: 0.143 | Load: 0.603
[OS:05740] TURBULENTO | Lam: 0.136 | Load: 0.603
[OS:05750] LAMINAR | Lam: 0.569 | Load: 0.725
[OS:05760] TURBULENTO | Lam: 0.445 | Load: 0.844
[OS:05770] LAMINAR | Lam: 0.729 | Load: 1.001
[OS:05780] LAMINAR | Lam: 0.587 | Load: 0.584
[OS:05790] TURBULENTO | Lam: 0.235 | Load: 0.534
[OS:05800] LAMINAR | Lam: 0.928 | Load: 0.822
[OS:05810] LAMINAR | Lam: 0.925 | Load: 0.930
[OS:05820] TURBULENTO | Lam: 0.151 | Load: 0.703
[OS:05830] LAMINAR | Lam: 0.929 | Load: 0.894
[OS:05840] TURBULENTO | Lam: 0.344 | Load: 0.652
[OS:05850] LAMINAR | Lam: 0.946 | Load: 0.936
[OS:05860] TURBULENTO | Lam: 0.211 | Load: 0.389
[OS:05870] TURBULENTO | Lam: 0.453 | Load: 0.874
[OS:05880] TURBULENTO | Lam: 0.487 | Load: 0.618
[OS:05890] TURBULENTO | Lam: 0.441 | Load: 0.919
[OS:05900] LAMINAR | Lam: 0.518 | Load: 0.795
[OS:05910] LAMINAR | Lam: 0.945 | Load: 0.618
[OS:05920] LAMINAR | Lam: 0.535 | Load: 0.736
[OS:05930] LAMINAR | Lam: 0.959 | Load: 0.849
[OS:05940] LAMINAR | Lam: 0.883 | Load: 0.684
[OS:05950] LAMINAR | Lam: 0.716 | Load: 0.823
[OS:05960] TURBULENTO | Lam: 0.072 | Load: 0.538
[OS:05970] LAMINAR | Lam: 0.897 | Load: 0.872
[OS:05980] TURBULENTO | Lam: 0.310 | Load: 0.739
[OS:05990] TURBULENTO | Lam: 0.464 | Load: 0.834
[OS:06000] LAMINAR | Lam: 0.741 | Load: 0.642
[OS:06010] TURBULENTO | Lam: 0.135 | Load: 0.443
[OS:06020] TURBULENTO | Lam: 0.220 | Load: 0.554
[OS:06030] LAMINAR | Lam: 0.803 | Load: 0.794
[OS:06040] LAMINAR | Lam: 0.748 | Load: 0.801
[OS:06050] TURBULENTO | Lam: 0.230 | Load: 0.634
[OS:06060] LAMINAR | Lam: 0.831 | Load: 0.679
[OS:06070] TURBULENTO | Lam: 0.273 | Load: 0.611
[OS:06080] TURBULENTO | Lam: 0.131 | Load: 0.541
[OS:06090] TURBULENTO | Lam: 0.203 | Load: 0.694
[OS:06100] TURBULENTO | Lam: 0.466 | Load: 0.788
[OS:06110] LAMINAR | Lam: 0.945 | Load: 0.850
[OS:06120] TURBULENTO | Lam: 0.108 | Load: 0.622
[OS:06130] LAMINAR | Lam: 0.571 | Load: 0.644
[OS:06140] TURBULENTO | Lam: 0.178 | Load: 0.540
[OS:06150] TURBULENTO | Lam: 0.256 | Load: 0.564
[OS:06160] TURBULENTO | Lam: 0.081 | Load: 0.761
[OS:06170] LAMINAR | Lam: 0.643 | Load: 0.811
[OS:06180] LAMINAR | Lam: 0.733 | Load: 0.779
[OS:06190] TURBULENTO | Lam: 0.198 | Load: 0.483
[OS:06200] TURBULENTO | Lam: 0.439 | Load: 0.818
[OS:06210] LAMINAR | Lam: 0.612 | Load: 0.695
[OS:06220] LAMINAR | Lam: 0.911 | Load: 0.827
[OS:06230] TURBULENTO | Lam: 0.153 | Load: 0.719
[OS:06240] LAMINAR | Lam: 0.509 | Load: 0.735
[OS:06250] LAMINAR | Lam: 0.592 | Load: 0.700
[OS:06260] LAMINAR | Lam: 0.841 | Load: 0.679
[OS:06270] TURBULENTO | Lam: 0.064 | Load: 0.530
[OS:06280] TURBULENTO | Lam: 0.057 | Load: 0.489
[OS:06290] LAMINAR | Lam: 0.509 | Load: 0.995
[OS:06300] TURBULENTO | Lam: 0.239 | Load: 0.599
[OS:06310] LAMINAR | Lam: 0.783 | Load: 0.935
[OS:06320] LAMINAR | Lam: 0.894 | Load: 0.787
[OS:06330] LAMINAR | Lam: 0.583 | Load: 0.763
[OS:06340] LAMINAR | Lam: 0.951 | Load: 0.802
[OS:06350] LAMINAR | Lam: 0.738 | Load: 0.782
[OS:06360] TURBULENTO | Lam: 0.183 | Load: 0.709
[OS:06370] TURBULENTO | Lam: 0.077 | Load: 0.581
[OS:06380] LAMINAR | Lam: 0.665 | Load: 0.551
[OS:06390] LAMINAR | Lam: 0.942 | Load: 0.896
[OS:06400] TURBULENTO | Lam: 0.319 | Load: 0.663
[OS:06410] LAMINAR | Lam: 0.880 | Load: 0.802
[OS:06420] LAMINAR | Lam: 0.577 | Load: 0.625
[OS:06430] LAMINAR | Lam: 0.951 | Load: 0.759
[OS:06440] LAMINAR | Lam: 0.722 | Load: 0.884
[OS:06450] TURBULENTO | Lam: 0.138 | Load: 0.557
[OS:06460] TURBULENTO | Lam: 0.180 | Load: 0.437
[OS:06470] TURBULENTO | Lam: 0.292 | Load: 0.692
[OS:06480] LAMINAR | Lam: 0.778 | Load: 0.751
[OS:06490] LAMINAR | Lam: 0.589 | Load: 0.897
[OS:06500] TURBULENTO | Lam: 0.411 | Load: 0.834
[OS:06510] LAMINAR | Lam: 0.545 | Load: 0.712
[OS:06520] TURBULENTO | Lam: 0.302 | Load: 0.581
[OS:06530] LAMINAR | Lam: 0.703 | Load: 0.992
[OS:06540] TURBULENTO | Lam: 0.185 | Load: 0.575
[OS:06550] TURBULENTO | Lam: 0.349 | Load: 0.524
[OS:06560] TURBULENTO | Lam: 0.147 | Load: 0.637
[OS:06570] LAMINAR | Lam: 0.681 | Load: 0.736
[OS:06580] TURBULENTO | Lam: 0.386 | Load: 0.696
[OS:06590] LAMINAR | Lam: 0.921 | Load: 0.970
[OS:06600] LAMINAR | Lam: 0.805 | Load: 0.821
[OS:06610] TURBULENTO | Lam: 0.028 | Load: 0.477
[OS:06620] TURBULENTO | Lam: 0.182 | Load: 0.563
[OS:06630] TURBULENTO | Lam: 0.152 | Load: 0.620
[OS:06640] LAMINAR | Lam: 0.610 | Load: 0.711
[OS:06650] LAMINAR | Lam: 0.732 | Load: 0.887
[OS:06660] TURBULENTO | Lam: 0.091 | Load: 0.669
[OS:06670] LAMINAR | Lam: 0.595 | Load: 0.614
[OS:06680] LAMINAR | Lam: 0.595 | Load: 0.770
[OS:06690] LAMINAR | Lam: 0.866 | Load: 0.797
[OS:06700] LAMINAR | Lam: 0.811 | Load: 0.849
[OS:06710] LAMINAR | Lam: 0.864 | Load: 0.967
[OS:06720] TURBULENTO | Lam: 0.303 | Load: 0.956
[OS:06730] LAMINAR | Lam: 0.961 | Load: 0.726
[OS:06740] TURBULENTO | Lam: 0.050 | Load: 0.707
[OS:06750] LAMINAR | Lam: 0.690 | Load: 0.571
[OS:06760] LAMINAR | Lam: 0.871 | Load: 0.650
[OS:06770] LAMINAR | Lam: 0.556 | Load: 0.781
[OS:06780] TURBULENTO | Lam: 0.221 | Load: 0.697
[OS:06790] LAMINAR | Lam: 0.620 | Load: 0.998
[OS:06800] LAMINAR | Lam: 0.562 | Load: 0.825
[OS:06810] TURBULENTO | Lam: 0.209 | Load: 0.630
[OS:06820] TURBULENTO | Lam: 0.342 | Load: 0.576
[OS:06830] LAMINAR | Lam: 0.558 | Load: 0.618
[OS:06840] LAMINAR | Lam: 0.890 | Load: 0.842
[OS:06850] TURBULENTO | Lam: 0.086 | Load: 0.652
[OS:06860] TURBULENTO | Lam: 0.147 | Load: 0.539
[OS:06870] LAMINAR | Lam: 0.525 | Load: 0.683
[OS:06880] TURBULENTO | Lam: 0.468 | Load: 0.848
[OS:06890] TURBULENTO | Lam: 0.159 | Load: 0.508
[OS:06900] TURBULENTO | Lam: 0.428 | Load: 0.934
[OS:06910] TURBULENTO | Lam: 0.359 | Load: 0.858
[OS:06920] LAMINAR | Lam: 0.708 | Load: 0.832
[OS:06930] TURBULENTO | Lam: 0.080 | Load: 0.624
[OS:06940] LAMINAR | Lam: 0.654 | Load: 0.874
[OS:06950] LAMINAR | Lam: 0.636 | Load: 0.850
[OS:06960] TURBULENTO | Lam: 0.290 | Load: 0.742
[OS:06970] TURBULENTO | Lam: 0.127 | Load: 0.537
[OS:06980] TURBULENTO | Lam: 0.364 | Load: 0.527
[OS:06990] LAMINAR | Lam: 0.803 | Load: 0.716
[OS:07000] LAMINAR | Lam: 0.796 | Load: 0.650
[OS:07010] TURBULENTO | Lam: 0.088 | Load: 0.695
[OS:07020] LAMINAR | Lam: 0.843 | Load: 0.664
[OS:07030] TURBULENTO | Lam: 0.403 | Load: 0.738
[OS:07040] TURBULENTO | Lam: 0.219 | Load: 0.781
[OS:07050] TURBULENTO | Lam: 0.046 | Load: 0.780
[OS:07060] LAMINAR | Lam: 0.914 | Load: 0.985
[OS:07070] TURBULENTO | Lam: 0.310 | Load: 0.959
[OS:07080] LAMINAR | Lam: 0.765 | Load: 0.793
[OS:07090] TURBULENTO | Lam: 0.066 | Load: 0.725
[OS:07100] LAMINAR | Lam: 0.509 | Load: 0.632
[OS:07110] TURBULENTO | Lam: 0.297 | Load: 0.654
[OS:07120] LAMINAR | Lam: 0.930 | Load: 0.882
[OS:07130] LAMINAR | Lam: 0.944 | Load: 0.821
[OS:07140] TURBULENTO | Lam: 0.253 | Load: 0.689
[OS:07150] TURBULENTO | Lam: 0.251 | Load: 0.724
[OS:07160] LAMINAR | Lam: 0.832 | Load: 1.000
[OS:07170] LAMINAR | Lam: 0.841 | Load: 0.861
[OS:07180] LAMINAR | Lam: 0.592 | Load: 0.749
[OS:07190] LAMINAR | Lam: 0.648 | Load: 0.821
[OS:07200] LAMINAR | Lam: 0.876 | Load: 0.770
[OS:07210] TURBULENTO | Lam: 0.057 | Load: 0.689
[OS:07220] TURBULENTO | Lam: 0.076 | Load: 0.500
[OS:07230] TURBULENTO | Lam: 0.071 | Load: 0.380
[OS:07240] LAMINAR | Lam: 0.689 | Load: 0.792
[OS:07250] LAMINAR | Lam: 0.897 | Load: 0.906
[OS:07260] TURBULENTO | Lam: 0.288 | Load: 0.605
[OS:07270] TURBULENTO | Lam: 0.246 | Load: 0.623
[OS:07280] LAMINAR | Lam: 0.518 | Load: 0.618
[OS:07290] LAMINAR | Lam: 0.620 | Load: 0.587
[OS:07300] TURBULENTO | Lam: 0.046 | Load: 0.411
[OS:07310] LAMINAR | Lam: 0.569 | Load: 0.524
[OS:07320] LAMINAR | Lam: 0.887 | Load: 0.883
[OS:07330] TURBULENTO | Lam: 0.186 | Load: 0.725
[OS:07340] LAMINAR | Lam: 0.948 | Load: 0.783
[OS:07350] LAMINAR | Lam: 0.569 | Load: 0.792
[OS:07360] LAMINAR | Lam: 0.505 | Load: 0.955
[OS:07370] LAMINAR | Lam: 0.945 | Load: 0.971
[OS:07380] TURBULENTO | Lam: 0.110 | Load: 0.829
[OS:07390] TURBULENTO | Lam: 0.041 | Load: 0.723
[OS:07400] LAMINAR | Lam: 0.590 | Load: 0.684
[OS:07410] TURBULENTO | Lam: 0.071 | Load: 0.564
[OS:07420] TURBULENTO | Lam: 0.166 | Load: 0.604
[OS:07430] TURBULENTO | Lam: 0.077 | Load: 0.800
[OS:07440] TURBULENTO | Lam: 0.207 | Load: 0.537
[OS:07450] TURBULENTO | Lam: 0.343 | Load: 0.701
[OS:07460] LAMINAR | Lam: 0.854 | Load: 0.769
[OS:07470] LAMINAR | Lam: 0.897 | Load: 0.890
[OS:07480] LAMINAR | Lam: 0.604 | Load: 0.731
[OS:07490] TURBULENTO | Lam: 0.266 | Load: 0.644
[OS:07500] LAMINAR | Lam: 0.849 | Load: 0.600
[OS:07510] TURBULENTO | Lam: 0.455 | Load: 0.723
[OS:07520] TURBULENTO | Lam: 0.129 | Load: 0.538
[OS:07530] LAMINAR | Lam: 0.559 | Load: 0.806
[OS:07540] LAMINAR | Lam: 0.771 | Load: 0.688
[OS:07550] LAMINAR | Lam: 0.851 | Load: 0.705
[OS:07560] TURBULENTO | Lam: 0.340 | Load: 0.692
[OS:07570] LAMINAR | Lam: 0.643 | Load: 0.562
[OS:07580] TURBULENTO | Lam: 0.330 | Load: 0.702
[OS:07590] LAMINAR | Lam: 0.563 | Load: 0.817
[OS:07600] TURBULENTO | Lam: 0.438 | Load: 0.723
[OS:07610] TURBULENTO | Lam: 0.170 | Load: 0.684
[OS:07620] TURBULENTO | Lam: 0.335 | Load: 0.594
[OS:07630] LAMINAR | Lam: 0.501 | Load: 0.600
[OS:07640] LAMINAR | Lam: 0.840 | Load: 0.842
[OS:07650] LAMINAR | Lam: 0.948 | Load: 0.858
[OS:07660] TURBULENTO | Lam: 0.150 | Load: 0.729
[OS:07670] LAMINAR | Lam: 0.548 | Load: 0.673
[OS:07680] LAMINAR | Lam: 0.560 | Load: 0.597
[OS:07690] TURBULENTO | Lam: 0.255 | Load: 0.662
[OS:07700] TURBULENTO | Lam: 0.068 | Load: 0.641
[OS:07710] LAMINAR | Lam: 0.525 | Load: 0.731
[OS:07720] LAMINAR | Lam: 0.634 | Load: 0.775
[OS:07730] TURBULENTO | Lam: 0.090 | Load: 0.803
[OS:07740] TURBULENTO | Lam: 0.213 | Load: 0.651
[OS:07750] TURBULENTO | Lam: 0.135 | Load: 0.717
[OS:07760] TURBULENTO | Lam: 0.114 | Load: 0.681
[OS:07770] LAMINAR | Lam: 0.900 | Load: 0.843
[OS:07780] LAMINAR | Lam: 0.530 | Load: 0.760
[OS:07790] TURBULENTO | Lam: 0.395 | Load: 0.787
[OS:07800] LAMINAR | Lam: 0.858 | Load: 0.881
[OS:07810] LAMINAR | Lam: 0.851 | Load: 1.074
[OS:07820] LAMINAR | Lam: 0.824 | Load: 0.985
[OS:07830] TURBULENTO | Lam: 0.343 | Load: 0.858
[OS:07840] TURBULENTO | Lam: 0.145 | Load: 0.699
[OS:07850] LAMINAR | Lam: 0.762 | Load: 0.792
[OS:07860] LAMINAR | Lam: 0.832 | Load: 1.053
[OS:07870] TURBULENTO | Lam: 0.206 | Load: 0.640
[OS:07880] LAMINAR | Lam: 0.606 | Load: 0.767
[OS:07890] TURBULENTO | Lam: 0.277 | Load: 0.589
[OS:07900] LAMINAR | Lam: 0.849 | Load: 0.874
[OS:07910] LAMINAR | Lam: 0.954 | Load: 0.942
[OS:07920] LAMINAR | Lam: 0.743 | Load: 0.865
[OS:07930] LAMINAR | Lam: 0.799 | Load: 0.930
[OS:07940] LAMINAR | Lam: 0.863 | Load: 0.624
[OS:07950] TURBULENTO | Lam: 0.204 | Load: 0.620
[OS:07960] TURBULENTO | Lam: 0.187 | Load: 0.568
[OS:07970] TURBULENTO | Lam: 0.259 | Load: 0.621
[OS:07980] LAMINAR | Lam: 0.583 | Load: 0.708
[OS:07990] LAMINAR | Lam: 0.621 | Load: 0.629
[OS:08000] LAMINAR | Lam: 0.646 | Load: 0.688
[OS:08010] LAMINAR | Lam: 0.897 | Load: 0.804
[OS:08020] LAMINAR | Lam: 0.950 | Load: 0.990
[OS:08030] LAMINAR | Lam: 0.800 | Load: 0.674
[OS:08040] TURBULENTO | Lam: 0.181 | Load: 0.721
[OS:08050] TURBULENTO | Lam: 0.090 | Load: 0.813
[OS:08060] LAMINAR | Lam: 0.963 | Load: 1.124
[OS:08070] TURBULENTO | Lam: 0.110 | Load: 0.472
[OS:08080] LAMINAR | Lam: 0.874 | Load: 0.947
[OS:08090] TURBULENTO | Lam: 0.285 | Load: 0.607
[OS:08100] LAMINAR | Lam: 0.646 | Load: 0.694
[OS:08110] LAMINAR | Lam: 0.653 | Load: 0.784
[OS:08120] LAMINAR | Lam: 0.570 | Load: 0.677
[OS:08130] TURBULENTO | Lam: 0.350 | Load: 0.876
[OS:08140] LAMINAR | Lam: 0.720 | Load: 0.731
[OS:08150] LAMINAR | Lam: 0.956 | Load: 0.941
[OS:08160] TURBULENTO | Lam: 0.054 | Load: 0.542
[OS:08170] LAMINAR | Lam: 0.743 | Load: 0.671
[OS:08180] TURBULENTO | Lam: 0.274 | Load: 0.685
[OS:08190] LAMINAR | Lam: 0.532 | Load: 0.792
[OS:08200] TURBULENTO | Lam: 0.350 | Load: 0.804
[OS:08210] TURBULENTO | Lam: 0.040 | Load: 0.725
[OS:08220] LAMINAR | Lam: 0.729 | Load: 0.832
[OS:08230] TURBULENTO | Lam: 0.491 | Load: 0.511
[OS:08240] TURBULENTO | Lam: 0.065 | Load: 0.689
[OS:08250] TURBULENTO | Lam: 0.216 | Load: 0.756
[OS:08260] LAMINAR | Lam: 0.693 | Load: 0.842
[OS:08270] TURBULENTO | Lam: 0.108 | Load: 0.643
[OS:08280] TURBULENTO | Lam: 0.201 | Load: 0.427
[OS:08290] LAMINAR | Lam: 0.791 | Load: 0.572
[OS:08300] LAMINAR | Lam: 0.614 | Load: 0.763
[OS:08310] TURBULENTO | Lam: 0.158 | Load: 0.688
[OS:08320] LAMINAR | Lam: 0.789 | Load: 0.865
[OS:08330] TURBULENTO | Lam: 0.356 | Load: 0.914
[OS:08340] LAMINAR | Lam: 0.906 | Load: 0.761
[OS:08350] TURBULENTO | Lam: 0.410 | Load: 0.721
[OS:08360] LAMINAR | Lam: 0.829 | Load: 1.028
[OS:08370] LAMINAR | Lam: 0.783 | Load: 0.703
[OS:08380] LAMINAR | Lam: 0.642 | Load: 0.937
[OS:08390] TURBULENTO | Lam: 0.144 | Load: 0.583
[OS:08400] LAMINAR | Lam: 0.910 | Load: 0.875
[OS:08410] LAMINAR | Lam: 0.622 | Load: 0.751
[OS:08420] TURBULENTO | Lam: 0.225 | Load: 0.764
[OS:08430] LAMINAR | Lam: 0.934 | Load: 0.749
[OS:08440] LAMINAR | Lam: 0.838 | Load: 0.919
[OS:08450] TURBULENTO | Lam: 0.111 | Load: 0.606
[OS:08460] TURBULENTO | Lam: 0.295 | Load: 0.562
[OS:08470] LAMINAR | Lam: 0.961 | Load: 1.031
[OS:08480] LAMINAR | Lam: 0.642 | Load: 0.521
[OS:08490] TURBULENTO | Lam: 0.454 | Load: 0.794
[OS:08500] TURBULENTO | Lam: 0.136 | Load: 0.572
[OS:08510] LAMINAR | Lam: 0.715 | Load: 0.677
[OS:08520] TURBULENTO | Lam: 0.150 | Load: 0.841
[OS:08530] TURBULENTO | Lam: 0.116 | Load: 0.597
[OS:08540] LAMINAR | Lam: 0.769 | Load: 0.785
[OS:08550] LAMINAR | Lam: 0.607 | Load: 0.797
[OS:08560] LAMINAR | Lam: 0.592 | Load: 0.744
[OS:08570] TURBULENTO | Lam: 0.481 | Load: 0.635
[OS:08580] LAMINAR | Lam: 0.912 | Load: 1.003
[OS:08590] LAMINAR | Lam: 0.841 | Load: 0.836
[OS:08600] TURBULENTO | Lam: 0.046 | Load: 0.770
[OS:08610] TURBULENTO | Lam: 0.050 | Load: 0.655
[OS:08620] LAMINAR | Lam: 0.823 | Load: 0.854
[OS:08630] LAMINAR | Lam: 0.813 | Load: 1.072
[OS:08640] TURBULENTO | Lam: 0.379 | Load: 0.816
[OS:08650] LAMINAR | Lam: 0.746 | Load: 0.941
[OS:08660] TURBULENTO | Lam: 0.411 | Load: 0.625
[OS:08670] TURBULENTO | Lam: 0.104 | Load: 0.589
[OS:08680] LAMINAR | Lam: 0.948 | Load: 1.120
[OS:08690] LAMINAR | Lam: 0.510 | Load: 0.954
[OS:08700] TURBULENTO | Lam: 0.438 | Load: 0.749
[OS:08710] TURBULENTO | Lam: 0.494 | Load: 0.641
[OS:08720] TURBULENTO | Lam: 0.487 | Load: 0.851
[OS:08730] LAMINAR | Lam: 0.544 | Load: 0.672
[OS:08740] TURBULENTO | Lam: 0.174 | Load: 0.728
[OS:08750] TURBULENTO | Lam: 0.084 | Load: 0.730
[OS:08760] LAMINAR | Lam: 0.747 | Load: 0.865
[OS:08770] LAMINAR | Lam: 0.857 | Load: 0.784
[OS:08780] TURBULENTO | Lam: 0.420 | Load: 0.683
[OS:08790] TURBULENTO | Lam: 0.339 | Load: 0.704
[OS:08800] TURBULENTO | Lam: 0.222 | Load: 0.451
[OS:08810] TURBULENTO | Lam: 0.275 | Load: 0.432
[OS:08820] LAMINAR | Lam: 0.670 | Load: 0.828
[OS:08830] TURBULENTO | Lam: 0.491 | Load: 0.919
[OS:08840] TURBULENTO | Lam: 0.160 | Load: 0.624
[OS:08850] TURBULENTO | Lam: 0.370 | Load: 0.721
[OS:08860] TURBULENTO | Lam: 0.477 | Load: 0.830
[OS:08870] TURBULENTO | Lam: 0.182 | Load: 0.553
[OS:08880] LAMINAR | Lam: 0.578 | Load: 0.866
[OS:08890] TURBULENTO | Lam: 0.351 | Load: 0.580
[OS:08900] LAMINAR | Lam: 0.774 | Load: 0.691
[OS:08910] TURBULENTO | Lam: 0.117 | Load: 0.680
[OS:08920] TURBULENTO | Lam: 0.086 | Load: 0.869
[OS:08930] LAMINAR | Lam: 0.508 | Load: 0.965
[OS:08940] LAMINAR | Lam: 0.597 | Load: 0.871
[OS:08950] TURBULENTO | Lam: 0.314 | Load: 0.858
[OS:08960] TURBULENTO | Lam: 0.232 | Load: 0.562
[OS:08970] LAMINAR | Lam: 0.934 | Load: 0.919
[OS:08980] LAMINAR | Lam: 0.946 | Load: 0.719
[OS:08990] TURBULENTO | Lam: 0.420 | Load: 0.695
[OS:09000] TURBULENTO | Lam: 0.297 | Load: 0.675
[OS:09010] LAMINAR | Lam: 0.963 | Load: 0.811
[OS:09020] TURBULENTO | Lam: 0.089 | Load: 0.572
[OS:09030] LAMINAR | Lam: 0.597 | Load: 0.668
[OS:09040] LAMINAR | Lam: 0.675 | Load: 0.892
[OS:09050] LAMINAR | Lam: 0.907 | Load: 0.841
[OS:09060] TURBULENTO | Lam: 0.382 | Load: 0.804
[OS:09070] TURBULENTO | Lam: 0.335 | Load: 0.720
[OS:09080] LAMINAR | Lam: 0.524 | Load: 0.907
[OS:09090] TURBULENTO | Lam: 0.080 | Load: 0.507
[OS:09100] LAMINAR | Lam: 0.737 | Load: 0.729
[OS:09110] LAMINAR | Lam: 0.854 | Load: 0.850
[OS:09120] LAMINAR | Lam: 0.883 | Load: 1.007
[OS:09130] TURBULENTO | Lam: 0.360 | Load: 0.697
[OS:09140] LAMINAR | Lam: 0.752 | Load: 0.796
[OS:09150] LAMINAR | Lam: 0.517 | Load: 0.643
[OS:09160] LAMINAR | Lam: 0.977 | Load: 0.610
[OS:09170] LAMINAR | Lam: 0.801 | Load: 0.880
[OS:09180] LAMINAR | Lam: 0.925 | Load: 0.790
[OS:09190] TURBULENTO | Lam: 0.142 | Load: 0.520
[OS:09200] LAMINAR | Lam: 0.692 | Load: 1.056
[OS:09210] LAMINAR | Lam: 0.691 | Load: 0.759
[OS:09220] TURBULENTO | Lam: 0.099 | Load: 0.764
[OS:09230] TURBULENTO | Lam: 0.101 | Load: 0.449
[OS:09240] TURBULENTO | Lam: 0.241 | Load: 0.644
[OS:09250] TURBULENTO | Lam: 0.172 | Load: 0.685
[OS:09260] TURBULENTO | Lam: 0.203 | Load: 0.486
[OS:09270] TURBULENTO | Lam: 0.473 | Load: 0.655
[OS:09280] TURBULENTO | Lam: 0.371 | Load: 0.613
[OS:09290] TURBULENTO | Lam: 0.264 | Load: 0.909
[OS:09300] TURBULENTO | Lam: 0.207 | Load: 0.635
[OS:09310] TURBULENTO | Lam: 0.233 | Load: 0.759
[OS:09320] LAMINAR | Lam: 0.825 | Load: 0.715
[OS:09330] LAMINAR | Lam: 0.888 | Load: 0.928
[OS:09340] LAMINAR | Lam: 0.815 | Load: 0.892
[OS:09350] LAMINAR | Lam: 0.882 | Load: 0.540
[OS:09360] TURBULENTO | Lam: 0.070 | Load: 0.606
[OS:09370] TURBULENTO | Lam: 0.184 | Load: 0.603
[OS:09380] LAMINAR | Lam: 0.888 | Load: 0.891
[OS:09390] TURBULENTO | Lam: 0.323 | Load: 0.643
[OS:09400] LAMINAR | Lam: 0.565 | Load: 0.914
[OS:09410] TURBULENTO | Lam: 0.163 | Load: 0.394
[OS:09420] TURBULENTO | Lam: 0.062 | Load: 0.317
[OS:09430] LAMINAR | Lam: 0.750 | Load: 0.806
[OS:09440] LAMINAR | Lam: 0.586 | Load: 0.555
[OS:09450] LAMINAR | Lam: 0.937 | Load: 0.764
[OS:09460] LAMINAR | Lam: 0.720 | Load: 0.934
[OS:09470] TURBULENTO | Lam: 0.145 | Load: 0.537
[OS:09480] TURBULENTO | Lam: 0.233 | Load: 0.446
[OS:09490] TURBULENTO | Lam: 0.368 | Load: 0.961
[OS:09500] LAMINAR | Lam: 0.760 | Load: 0.976
[OS:09510] TURBULENTO | Lam: 0.249 | Load: 0.510
[OS:09520] TURBULENTO | Lam: 0.324 | Load: 0.532
[OS:09530] LAMINAR | Lam: 0.889 | Load: 0.881
[OS:09540] TURBULENTO | Lam: 0.343 | Load: 0.665
[OS:09550] TURBULENTO | Lam: 0.117 | Load: 0.632
[OS:09560] LAMINAR | Lam: 0.907 | Load: 0.711
[OS:09570] TURBULENTO | Lam: 0.300 | Load: 0.759
[OS:09580] TURBULENTO | Lam: 0.343 | Load: 0.767
[OS:09590] TURBULENTO | Lam: 0.327 | Load: 0.436
[OS:09600] TURBULENTO | Lam: 0.352 | Load: 0.470
[OS:09610] LAMINAR | Lam: 0.539 | Load: 0.930
[OS:09620] TURBULENTO | Lam: 0.472 | Load: 0.545
[OS:09630] TURBULENTO | Lam: 0.194 | Load: 0.714
[OS:09640] LAMINAR | Lam: 0.854 | Load: 1.045
[OS:09650] LAMINAR | Lam: 0.752 | Load: 0.691
[OS:09660] TURBULENTO | Lam: 0.234 | Load: 0.506
[OS:09670] TURBULENTO | Lam: 0.196 | Load: 0.226
[OS:09680] TURBULENTO | Lam: 0.405 | Load: 0.743
[OS:09690] LAMINAR | Lam: 0.540 | Load: 0.552
[OS:09700] LAMINAR | Lam: 0.782 | Load: 0.717
[OS:09710] LAMINAR | Lam: 0.509 | Load: 0.586
[OS:09720] LAMINAR | Lam: 0.741 | Load: 0.870
[OS:09730] LAMINAR | Lam: 0.772 | Load: 0.878
[OS:09740] TURBULENTO | Lam: 0.080 | Load: 0.831
[OS:09750] TURBULENTO | Lam: 0.270 | Load: 0.908
[OS:09760] LAMINAR | Lam: 0.582 | Load: 0.860
[OS:09770] TURBULENTO | Lam: 0.218 | Load: 0.505
[OS:09780] LAMINAR | Lam: 0.814 | Load: 0.764
[OS:09790] LAMINAR | Lam: 0.641 | Load: 0.674
[OS:09800] TURBULENTO | Lam: 0.079 | Load: 0.692
[OS:09810] LAMINAR | Lam: 0.861 | Load: 0.937
[OS:09820] LAMINAR | Lam: 0.602 | Load: 0.881
[OS:09830] TURBULENTO | Lam: 0.454 | Load: 0.770
[OS:09840] TURBULENTO | Lam: 0.160 | Load: 0.545
[OS:09850] LAMINAR | Lam: 0.526 | Load: 0.836
[OS:09860] TURBULENTO | Lam: 0.178 | Load: 0.638
[OS:09870] TURBULENTO | Lam: 0.234 | Load: 0.550
[OS:09880] LAMINAR | Lam: 0.806 | Load: 1.040
[OS:09890] TURBULENTO | Lam: 0.440 | Load: 0.682
[OS:09900] LAMINAR | Lam: 0.674 | Load: 0.598
[OS:09910] TURBULENTO | Lam: 0.104 | Load: 0.512
[OS:09920] LAMINAR | Lam: 0.568 | Load: 0.784
[OS:09930] LAMINAR | Lam: 0.711 | Load: 0.686
[OS:09940] TURBULENTO | Lam: 0.206 | Load: 0.711
[OS:09950] LAMINAR | Lam: 0.753 | Load: 0.956
[OS:09960] LAMINAR | Lam: 0.895 | Load: 0.848
[OS:09970] TURBULENTO | Lam: 0.101 | Load: 0.570
[OS:09980] LAMINAR | Lam: 0.763 | Load: 0.711
[OS:09990] TURBULENTO | Lam: 0.064 | Load: 0.475
[OS:10000] LAMINAR | Lam: 0.620 | Load: 0.679
[OS:10010] LAMINAR | Lam: 0.673 | Load: 0.898
[OS:10020] LAMINAR | Lam: 0.878 | Load: 0.975
[OS:10030] TURBULENTO | Lam: 0.121 | Load: 0.707
[OS:10040] LAMINAR | Lam: 0.791 | Load: 0.984
[OS:10050] TURBULENTO | Lam: 0.454 | Load: 0.748
[OS:10060] TURBULENTO | Lam: 0.097 | Load: 0.549
[OS:10070] LAMINAR | Lam: 0.841 | Load: 0.828
[OS:10080] LAMINAR | Lam: 0.867 | Load: 0.860
[OS:10090] TURBULENTO | Lam: 0.094 | Load: 0.624
[OS:10100] TURBULENTO | Lam: 0.371 | Load: 0.639
[OS:10110] LAMINAR | Lam: 0.961 | Load: 1.091
[OS:10120] TURBULENTO | Lam: 0.139 | Load: 0.524
[OS:10130] LAMINAR | Lam: 0.715 | Load: 0.795
[OS:10140] LAMINAR | Lam: 0.579 | Load: 0.933
[OS:10150] LAMINAR | Lam: 0.810 | Load: 0.758
[OS:10160] LAMINAR | Lam: 0.804 | Load: 0.849
[OS:10170] LAMINAR | Lam: 0.720 | Load: 0.805
[OS:10180] TURBULENTO | Lam: 0.307 | Load: 0.823
[OS:10190] TURBULENTO | Lam: 0.353 | Load: 0.883
[OS:10200] LAMINAR | Lam: 0.887 | Load: 0.979
[OS:10210] TURBULENTO | Lam: 0.352 | Load: 0.534
[OS:10220] LAMINAR | Lam: 0.586 | Load: 0.964
[OS:10230] LAMINAR | Lam: 0.577 | Load: 0.711
[OS:10240] TURBULENTO | Lam: 0.376 | Load: 0.849
[OS:10250] TURBULENTO | Lam: 0.387 | Load: 0.657
[OS:10260] LAMINAR | Lam: 0.837 | Load: 0.918
[OS:10270] TURBULENTO | Lam: 0.114 | Load: 0.534
[OS:10280] LAMINAR | Lam: 0.972 | Load: 0.786
[OS:10290] LAMINAR | Lam: 0.881 | Load: 0.839
[OS:10300] TURBULENTO | Lam: 0.180 | Load: 0.677
[OS:10310] LAMINAR | Lam: 0.620 | Load: 0.781
[OS:10320] LAMINAR | Lam: 0.778 | Load: 0.810
[OS:10330] LAMINAR | Lam: 0.886 | Load: 0.727
[OS:10340] TURBULENTO | Lam: 0.219 | Load: 0.736
[OS:10350] LAMINAR | Lam: 0.527 | Load: 0.691
[OS:10360] TURBULENTO | Lam: 0.248 | Load: 0.584
[OS:10370] TURBULENTO | Lam: 0.075 | Load: 0.741
[OS:10380] TURBULENTO | Lam: 0.083 | Load: 0.558
[OS:10390] LAMINAR | Lam: 0.928 | Load: 0.941
[OS:10400] LAMINAR | Lam: 0.616 | Load: 0.920
[OS:10410] TURBULENTO | Lam: 0.213 | Load: 0.640
[OS:10420] LAMINAR | Lam: 0.546 | Load: 0.853
[OS:10430] TURBULENTO | Lam: 0.086 | Load: 0.716
[OS:10440] TURBULENTO | Lam: 0.094 | Load: 0.651
[OS:10450] LAMINAR | Lam: 0.798 | Load: 0.917
[OS:10460] LAMINAR | Lam: 0.928 | Load: 0.950
[OS:10470] LAMINAR | Lam: 0.537 | Load: 0.734
[OS:10480] TURBULENTO | Lam: 0.282 | Load: 0.604
[OS:10490] LAMINAR | Lam: 0.634 | Load: 0.770
[OS:10500] LAMINAR | Lam: 0.559 | Load: 0.702
[OS:10510] LAMINAR | Lam: 0.544 | Load: 0.727
[OS:10520] TURBULENTO | Lam: 0.380 | Load: 0.618
[OS:10530] TURBULENTO | Lam: 0.398 | Load: 0.678
[OS:10540] TURBULENTO | Lam: 0.357 | Load: 0.590
[OS:10550] LAMINAR | Lam: 0.903 | Load: 0.845
[OS:10560] LAMINAR | Lam: 0.612 | Load: 1.053
[OS:10570] LAMINAR | Lam: 0.522 | Load: 0.834
[OS:10580] TURBULENTO | Lam: 0.086 | Load: 0.621
[OS:10590] TURBULENTO | Lam: 0.495 | Load: 0.801
[OS:10600] TURBULENTO | Lam: 0.111 | Load: 0.515
[OS:10610] TURBULENTO | Lam: 0.438 | Load: 0.620
[OS:10620] TURBULENTO | Lam: 0.464 | Load: 0.561
[OS:10630] LAMINAR | Lam: 0.517 | Load: 0.627
[OS:10640] TURBULENTO | Lam: 0.080 | Load: 0.339
[OS:10650] TURBULENTO | Lam: 0.410 | Load: 0.596
[OS:10660] TURBULENTO | Lam: 0.241 | Load: 0.668
[OS:10670] LAMINAR | Lam: 0.883 | Load: 1.028
[OS:10680] TURBULENTO | Lam: 0.089 | Load: 0.892
[OS:10690] TURBULENTO | Lam: 0.143 | Load: 0.586
[OS:10700] LAMINAR | Lam: 0.595 | Load: 0.646
[OS:10710] TURBULENTO | Lam: 0.105 | Load: 0.693
[OS:10720] LAMINAR | Lam: 0.776 | Load: 0.860
[OS:10730] LAMINAR | Lam: 0.884 | Load: 0.879
[OS:10740] LAMINAR | Lam: 0.552 | Load: 0.649
[OS:10750] TURBULENTO | Lam: 0.066 | Load: 0.636
[OS:10760] LAMINAR | Lam: 0.648 | Load: 0.663
[OS:10770] LAMINAR | Lam: 0.800 | Load: 0.929
[OS:10780] LAMINAR | Lam: 0.669 | Load: 0.638
[OS:10790] LAMINAR | Lam: 0.651 | Load: 0.951
[OS:10800] TURBULENTO | Lam: 0.128 | Load: 0.672
[OS:10810] TURBULENTO | Lam: 0.169 | Load: 0.678
[OS:10820] LAMINAR | Lam: 0.753 | Load: 0.792
[OS:10830] TURBULENTO | Lam: 0.086 | Load: 0.466
[OS:10840] LAMINAR | Lam: 0.551 | Load: 0.885
[OS:10850] TURBULENTO | Lam: 0.060 | Load: 0.280
[OS:10860] LAMINAR | Lam: 0.765 | Load: 0.787
[OS:10870] LAMINAR | Lam: 0.943 | Load: 0.809
[OS:10880] TURBULENTO | Lam: 0.497 | Load: 0.645
[OS:10890] TURBULENTO | Lam: 0.356 | Load: 0.651
[OS:10900] TURBULENTO | Lam: 0.105 | Load: 0.612
[OS:10910] LAMINAR | Lam: 0.678 | Load: 0.794
[OS:10920] TURBULENTO | Lam: 0.124 | Load: 0.677
[OS:10930] TURBULENTO | Lam: 0.119 | Load: 0.537
[OS:10940] LAMINAR | Lam: 0.614 | Load: 0.823
[OS:10950] LAMINAR | Lam: 0.874 | Load: 0.674
[OS:10960] LAMINAR | Lam: 0.588 | Load: 0.764
[OS:10970] LAMINAR | Lam: 0.645 | Load: 0.674
[OS:10980] LAMINAR | Lam: 0.550 | Load: 0.854
[OS:10990] LAMINAR | Lam: 0.799 | Load: 0.744
[OS:11000] TURBULENTO | Lam: 0.243 | Load: 0.666
[OS:11010] LAMINAR | Lam: 0.874 | Load: 0.831
[OS:11020] LAMINAR | Lam: 0.915 | Load: 0.714
[OS:11030] LAMINAR | Lam: 0.831 | Load: 0.822
[OS:11040] TURBULENTO | Lam: 0.202 | Load: 0.747
[OS:11050] TURBULENTO | Lam: 0.248 | Load: 0.631
[OS:11060] TURBULENTO | Lam: 0.208 | Load: 0.779
[OS:11070] LAMINAR | Lam: 0.709 | Load: 0.989
[OS:11080] LAMINAR | Lam: 0.831 | Load: 0.949
[OS:11090] LAMINAR | Lam: 0.677 | Load: 0.680
[OS:11100] TURBULENTO | Lam: 0.146 | Load: 0.551
[OS:11110] TURBULENTO | Lam: 0.066 | Load: 0.632
[OS:11120] TURBULENTO | Lam: 0.205 | Load: 0.561
[OS:11130] LAMINAR | Lam: 0.939 | Load: 0.833
[OS:11140] LAMINAR | Lam: 0.653 | Load: 0.959
[OS:11150] LAMINAR | Lam: 0.596 | Load: 0.843
[OS:11160] TURBULENTO | Lam: 0.292 | Load: 0.851
[OS:11170] LAMINAR | Lam: 0.681 | Load: 0.822
[OS:11180] TURBULENTO | Lam: 0.068 | Load: 0.806
[OS:11190] TURBULENTO | Lam: 0.155 | Load: 0.557
[OS:11200] LAMINAR | Lam: 0.803 | Load: 1.118
[OS:11210] TURBULENTO | Lam: 0.129 | Load: 0.723
[OS:11220] TURBULENTO | Lam: 0.173 | Load: 0.658
[OS:11230] LAMINAR | Lam: 0.691 | Load: 0.825
[OS:11240] TURBULENTO | Lam: 0.462 | Load: 0.753
[OS:11250] TURBULENTO | Lam: 0.154 | Load: 0.704
[OS:11260] LAMINAR | Lam: 0.808 | Load: 0.881
[OS:11270] LAMINAR | Lam: 0.543 | Load: 0.761
[OS:11280] TURBULENTO | Lam: 0.370 | Load: 0.623
[OS:11290] TURBULENTO | Lam: 0.233 | Load: 0.793
[OS:11300] TURBULENTO | Lam: 0.480 | Load: 0.605
[OS:11310] TURBULENTO | Lam: 0.041 | Load: 0.607
[OS:11320] LAMINAR | Lam: 0.579 | Load: 0.679
[OS:11330] LAMINAR | Lam: 0.856 | Load: 0.598
[OS:11340] LAMINAR | Lam: 0.518 | Load: 0.898
[OS:11350] LAMINAR | Lam: 0.910 | Load: 0.649
[OS:11360] LAMINAR | Lam: 0.779 | Load: 0.821
[OS:11370] LAMINAR | Lam: 0.788 | Load: 0.619
[OS:11380] LAMINAR | Lam: 0.872 | Load: 0.712
[OS:11390] TURBULENTO | Lam: 0.104 | Load: 0.818
[OS:11400] LAMINAR | Lam: 0.818 | Load: 0.855
[OS:11410] TURBULENTO | Lam: 0.038 | Load: 0.724
[OS:11420] LAMINAR | Lam: 0.564 | Load: 0.871
[OS:11430] TURBULENTO | Lam: 0.140 | Load: 0.704
[OS:11440] LAMINAR | Lam: 0.782 | Load: 0.931
[OS:11450] TURBULENTO | Lam: 0.349 | Load: 0.886
[OS:11460] TURBULENTO | Lam: 0.154 | Load: 0.830
[OS:11470] TURBULENTO | Lam: 0.295 | Load: 0.708
[OS:11480] LAMINAR | Lam: 0.706 | Load: 0.727
[OS:11490] TURBULENTO | Lam: 0.406 | Load: 0.647
[OS:11500] LAMINAR | Lam: 0.631 | Load: 0.816
[OS:11510] LAMINAR | Lam: 0.742 | Load: 0.805
[OS:11520] TURBULENTO | Lam: 0.402 | Load: 0.735
[OS:11530] LAMINAR | Lam: 0.852 | Load: 0.668
[OS:11540] LAMINAR | Lam: 0.701 | Load: 0.943
[OS:11550] TURBULENTO | Lam: 0.207 | Load: 0.569
[OS:11560] LAMINAR | Lam: 0.534 | Load: 0.719
[OS:11570] TURBULENTO | Lam: 0.285 | Load: 0.519
[OS:11580] TURBULENTO | Lam: 0.420 | Load: 0.654
[OS:11590] TURBULENTO | Lam: 0.229 | Load: 0.538
[OS:11600] TURBULENTO | Lam: 0.221 | Load: 0.582
[OS:11610] LAMINAR | Lam: 0.510 | Load: 0.847
[OS:11620] LAMINAR | Lam: 0.817 | Load: 0.857
[OS:11630] LAMINAR | Lam: 0.832 | Load: 0.926
[OS:11640] TURBULENTO | Lam: 0.489 | Load: 0.733
[OS:11650] LAMINAR | Lam: 0.963 | Load: 0.799
[OS:11660] TURBULENTO | Lam: 0.207 | Load: 0.808
[OS:11670] TURBULENTO | Lam: 0.487 | Load: 0.881
[OS:11680] LAMINAR | Lam: 0.929 | Load: 1.057
[OS:11690] TURBULENTO | Lam: 0.092 | Load: 0.656
[OS:11700] TURBULENTO | Lam: 0.395 | Load: 0.764
[OS:11710] TURBULENTO | Lam: 0.151 | Load: 0.688
[OS:11720] LAMINAR | Lam: 0.703 | Load: 0.758
[OS:11730] LAMINAR | Lam: 0.865 | Load: 0.872
[OS:11740] TURBULENTO | Lam: 0.158 | Load: 0.735
[OS:11750] LAMINAR | Lam: 0.689 | Load: 0.708
[OS:11760] TURBULENTO | Lam: 0.447 | Load: 0.869
[OS:11770] TURBULENTO | Lam: 0.475 | Load: 0.701
[OS:11780] LAMINAR | Lam: 0.511 | Load: 0.738
[OS:11790] TURBULENTO | Lam: 0.350 | Load: 0.866
[OS:11800] TURBULENTO | Lam: 0.254 | Load: 0.762
[OS:11810] LAMINAR | Lam: 0.817 | Load: 0.843
[OS:11820] LAMINAR | Lam: 0.697 | Load: 0.758
[OS:11830] LAMINAR | Lam: 0.692 | Load: 0.928
[OS:11840] TURBULENTO | Lam: 0.102 | Load: 0.715
[OS:11850] LAMINAR | Lam: 0.675 | Load: 0.791
[OS:11860] LAMINAR | Lam: 0.924 | Load: 0.881
[OS:11870] TURBULENTO | Lam: 0.318 | Load: 0.587
[OS:11880] TURBULENTO | Lam: 0.472 | Load: 0.800
[OS:11890] LAMINAR | Lam: 0.776 | Load: 0.910
[OS:11900] TURBULENTO | Lam: 0.348 | Load: 0.738
[OS:11910] LAMINAR | Lam: 0.976 | Load: 0.851
[OS:11920] LAMINAR | Lam: 0.851 | Load: 1.080
[OS:11930] TURBULENTO | Lam: 0.135 | Load: 0.659
[OS:11940] TURBULENTO | Lam: 0.049 | Load: 0.749
[OS:11950] TURBULENTO | Lam: 0.266 | Load: 0.591
[OS:11960] LAMINAR | Lam: 0.979 | Load: 1.129
[OS:11970] TURBULENTO | Lam: 0.157 | Load: 0.668
[OS:11980] TURBULENTO | Lam: 0.080 | Load: 0.735
[OS:11990] TURBULENTO | Lam: 0.175 | Load: 0.455
[OS:12000] LAMINAR | Lam: 0.706 | Load: 0.908
[OS:12010] LAMINAR | Lam: 0.571 | Load: 0.748
[OS:12020] LAMINAR | Lam: 0.571 | Load: 0.787
[OS:12030] TURBULENTO | Lam: 0.144 | Load: 0.838
[OS:12040] LAMINAR | Lam: 0.755 | Load: 0.956
[OS:12050] TURBULENTO | Lam: 0.318 | Load: 0.591
[OS:12060] LAMINAR | Lam: 0.526 | Load: 0.441
[OS:12070] TURBULENTO | Lam: 0.443 | Load: 0.881
[OS:12080] LAMINAR | Lam: 0.764 | Load: 0.822
[OS:12090] TURBULENTO | Lam: 0.212 | Load: 0.684
[OS:12100] LAMINAR | Lam: 0.919 | Load: 0.864
[OS:12110] TURBULENTO | Lam: 0.385 | Load: 0.851
[OS:12120] TURBULENTO | Lam: 0.228 | Load: 0.693
[OS:12130] TURBULENTO | Lam: 0.060 | Load: 0.522
[OS:12140] TURBULENTO | Lam: 0.320 | Load: 0.723
[OS:12150] TURBULENTO | Lam: 0.458 | Load: 0.892
[OS:12160] LAMINAR | Lam: 0.648 | Load: 0.818
[OS:12170] TURBULENTO | Lam: 0.272 | Load: 0.772
[OS:12180] TURBULENTO | Lam: 0.484 | Load: 0.708
[OS:12190] TURBULENTO | Lam: 0.264 | Load: 0.682
[OS:12200] LAMINAR | Lam: 0.611 | Load: 0.704
[OS:12210] TURBULENTO | Lam: 0.377 | Load: 0.796
[OS:12220] LAMINAR | Lam: 0.655 | Load: 0.617
[OS:12230] LAMINAR | Lam: 0.950 | Load: 0.848
[OS:12240] LAMINAR | Lam: 0.962 | Load: 0.981
[OS:12250] LAMINAR | Lam: 0.778 | Load: 0.789
[OS:12260] TURBULENTO | Lam: 0.403 | Load: 0.832
[OS:12270] TURBULENTO | Lam: 0.488 | Load: 0.725
[OS:12280] TURBULENTO | Lam: 0.276 | Load: 0.578
[OS:12290] LAMINAR | Lam: 0.529 | Load: 0.653
[OS:12300] TURBULENTO | Lam: 0.457 | Load: 0.834
[OS:12310] TURBULENTO | Lam: 0.414 | Load: 0.709
[OS:12320] TURBULENTO | Lam: 0.282 | Load: 0.601
[OS:12330] LAMINAR | Lam: 0.542 | Load: 0.658
[OS:12340] TURBULENTO | Lam: 0.125 | Load: 0.361
[OS:12350] TURBULENTO | Lam: 0.221 | Load: 0.698
[OS:12360] LAMINAR | Lam: 0.946 | Load: 0.889
[OS:12370] LAMINAR | Lam: 0.940 | Load: 0.884
[OS:12380] TURBULENTO | Lam: 0.053 | Load: 0.761
[OS:12390] LAMINAR | Lam: 0.878 | Load: 0.787
[OS:12400] LAMINAR | Lam: 0.901 | Load: 0.815
[OS:12410] LAMINAR | Lam: 0.818 | Load: 0.866
[OS:12420] TURBULENTO | Lam: 0.068 | Load: 0.606
[OS:12430] TURBULENTO | Lam: 0.152 | Load: 0.412
[OS:12440] TURBULENTO | Lam: 0.148 | Load: 0.615
[OS:12450] TURBULENTO | Lam: 0.211 | Load: 0.568
[OS:12460] LAMINAR | Lam: 0.609 | Load: 0.735
[OS:12470] TURBULENTO | Lam: 0.082 | Load: 0.445
[OS:12480] LAMINAR | Lam: 0.511 | Load: 0.767
[OS:12490] LAMINAR | Lam: 0.841 | Load: 0.760
[OS:12500] TURBULENTO | Lam: 0.336 | Load: 0.611
[OS:12510] TURBULENTO | Lam: 0.278 | Load: 0.794
[OS:12520] LAMINAR | Lam: 0.775 | Load: 0.794
[OS:12530] LAMINAR | Lam: 0.808 | Load: 0.681
[OS:12540] LAMINAR | Lam: 0.952 | Load: 0.758
[OS:12550] LAMINAR | Lam: 0.890 | Load: 0.849
[OS:12560] LAMINAR | Lam: 0.924 | Load: 0.781
[OS:12570] LAMINAR | Lam: 0.944 | Load: 0.767
[OS:12580] TURBULENTO | Lam: 0.221 | Load: 0.838
[OS:12590] TURBULENTO | Lam: 0.381 | Load: 0.900
[OS:12600] LAMINAR | Lam: 0.959 | Load: 1.032
[OS:12610] TURBULENTO | Lam: 0.166 | Load: 0.482
[OS:12620] TURBULENTO | Lam: 0.299 | Load: 0.532
[OS:12630] TURBULENTO | Lam: 0.205 | Load: 0.686
[OS:12640] TURBULENTO | Lam: 0.076 | Load: 0.479
[OS:12650] TURBULENTO | Lam: 0.470 | Load: 0.717
[OS:12660] LAMINAR | Lam: 0.782 | Load: 0.864
[OS:12670] TURBULENTO | Lam: 0.125 | Load: 0.822
[OS:12680] TURBULENTO | Lam: 0.123 | Load: 0.868
[OS:12690] TURBULENTO | Lam: 0.429 | Load: 0.905
[OS:12700] LAMINAR | Lam: 0.823 | Load: 0.862
[OS:12710] TURBULENTO | Lam: 0.181 | Load: 0.677
[OS:12720] TURBULENTO | Lam: 0.382 | Load: 0.635
[OS:12730] LAMINAR | Lam: 0.566 | Load: 0.849
[OS:12740] TURBULENTO | Lam: 0.469 | Load: 0.948
[OS:12750] TURBULENTO | Lam: 0.108 | Load: 0.714
[OS:12760] LAMINAR | Lam: 0.922 | Load: 0.759
[OS:12770] TURBULENTO | Lam: 0.428 | Load: 0.888
[OS:12780] LAMINAR | Lam: 0.636 | Load: 1.053
[OS:12790] TURBULENTO | Lam: 0.162 | Load: 0.624
[OS:12800] TURBULENTO | Lam: 0.031 | Load: 0.685
[OS:12810] TURBULENTO | Lam: 0.274 | Load: 0.612
[OS:12820] TURBULENTO | Lam: 0.247 | Load: 0.662
[OS:12830] LAMINAR | Lam: 0.897 | Load: 0.893
[OS:12840] LAMINAR | Lam: 0.896 | Load: 1.014
[OS:12850] LAMINAR | Lam: 0.512 | Load: 0.805
[OS:12860] TURBULENTO | Lam: 0.129 | Load: 0.722
[OS:12870] LAMINAR | Lam: 0.692 | Load: 0.966
[OS:12880] LAMINAR | Lam: 0.926 | Load: 0.905
[OS:12890] TURBULENTO | Lam: 0.281 | Load: 0.572
[OS:12900] TURBULENTO | Lam: 0.063 | Load: 0.616
[OS:12910] LAMINAR | Lam: 0.858 | Load: 0.599
[OS:12920] LAMINAR | Lam: 0.640 | Load: 0.855
[OS:12930] TURBULENTO | Lam: 0.059 | Load: 0.544
[OS:12940] LAMINAR | Lam: 0.839 | Load: 0.849
[OS:12950] TURBULENTO | Lam: 0.480 | Load: 0.650
[OS:12960] TURBULENTO | Lam: 0.361 | Load: 0.774
[OS:12970] TURBULENTO | Lam: 0.416 | Load: 0.730
[OS:12980] LAMINAR | Lam: 0.844 | Load: 0.650
[OS:12990] LAMINAR | Lam: 0.901 | Load: 0.832
[OS:13000] LAMINAR | Lam: 0.804 | Load: 0.890
[OS:13010] LAMINAR | Lam: 0.646 | Load: 0.794
[OS:13020] TURBULENTO | Lam: 0.254 | Load: 0.828
[OS:13030] TURBULENTO | Lam: 0.246 | Load: 0.529
[OS:13040] TURBULENTO | Lam: 0.119 | Load: 0.611
[OS:13050] LAMINAR | Lam: 0.872 | Load: 0.726
[OS:13060] TURBULENTO | Lam: 0.392 | Load: 0.807
[OS:13070] LAMINAR | Lam: 0.863 | Load: 0.939
[OS:13080] LAMINAR | Lam: 0.854 | Load: 1.056
[OS:13090] TURBULENTO | Lam: 0.081 | Load: 0.553
[OS:13100] TURBULENTO | Lam: 0.147 | Load: 0.710
[OS:13110] TURBULENTO | Lam: 0.422 | Load: 0.592
[OS:13120] LAMINAR | Lam: 0.799 | Load: 0.784
[OS:13130] TURBULENTO | Lam: 0.094 | Load: 0.706
[OS:13140] TURBULENTO | Lam: 0.403 | Load: 0.594
[OS:13150] LAMINAR | Lam: 0.761 | Load: 0.927
[OS:13160] LAMINAR | Lam: 0.522 | Load: 0.677
[OS:13170] TURBULENTO | Lam: 0.193 | Load: 0.763
[OS:13180] LAMINAR | Lam: 0.627 | Load: 0.892
[OS:13190] LAMINAR | Lam: 0.859 | Load: 0.666
[OS:13200] LAMINAR | Lam: 0.615 | Load: 0.752
[OS:13210] TURBULENTO | Lam: 0.022 | Load: 0.936
[OS:13220] LAMINAR | Lam: 0.607 | Load: 0.659
[OS:13230] LAMINAR | Lam: 0.526 | Load: 0.820
[OS:13240] LAMINAR | Lam: 0.928 | Load: 1.034
[OS:13250] TURBULENTO | Lam: 0.199 | Load: 0.719
[OS:13260] LAMINAR | Lam: 0.776 | Load: 0.550
[OS:13270] TURBULENTO | Lam: 0.363 | Load: 0.811
[OS:13280] TURBULENTO | Lam: 0.112 | Load: 0.600
[OS:13290] TURBULENTO | Lam: 0.085 | Load: 0.776
[OS:13300] LAMINAR | Lam: 0.535 | Load: 0.840
[OS:13310] LAMINAR | Lam: 0.622 | Load: 0.671
[OS:13320] LAMINAR | Lam: 0.717 | Load: 0.990
[OS:13330] LAMINAR | Lam: 0.530 | Load: 0.880
[OS:13340] LAMINAR | Lam: 0.789 | Load: 0.975
[OS:13350] LAMINAR | Lam: 0.531 | Load: 0.847
[OS:13360] LAMINAR | Lam: 0.783 | Load: 0.954
[OS:13370] TURBULENTO | Lam: 0.383 | Load: 0.915
[OS:13380] LAMINAR | Lam: 0.761 | Load: 0.686
[OS:13390] LAMINAR | Lam: 0.934 | Load: 0.721
[OS:13400] LAMINAR | Lam: 0.548 | Load: 0.560
[OS:13410] LAMINAR | Lam: 0.754 | Load: 0.822
[OS:13420] LAMINAR | Lam: 0.949 | Load: 0.657
[OS:13430] TURBULENTO | Lam: 0.101 | Load: 0.890
[OS:13440] TURBULENTO | Lam: 0.163 | Load: 0.670
[OS:13450] TURBULENTO | Lam: 0.027 | Load: 0.381
[OS:13460] TURBULENTO | Lam: 0.109 | Load: 0.600
[OS:13470] TURBULENTO | Lam: 0.146 | Load: 0.640
[OS:13480] TURBULENTO | Lam: 0.455 | Load: 0.901
[OS:13490] LAMINAR | Lam: 0.963 | Load: 0.943
[OS:13500] LAMINAR | Lam: 0.537 | Load: 0.822
[OS:13510] LAMINAR | Lam: 0.759 | Load: 0.633
[OS:13520] TURBULENTO | Lam: 0.409 | Load: 0.729
[OS:13530] TURBULENTO | Lam: 0.113 | Load: 0.658
[OS:13540] LAMINAR | Lam: 0.816 | Load: 0.767
[OS:13550] LAMINAR | Lam: 0.518 | Load: 0.689
[OS:13560] LAMINAR | Lam: 0.779 | Load: 0.832
[OS:13570] TURBULENTO | Lam: 0.134 | Load: 0.633
[OS:13580] LAMINAR | Lam: 0.791 | Load: 0.931
[OS:13590] LAMINAR | Lam: 0.630 | Load: 0.830
[OS:13600] TURBULENTO | Lam: 0.065 | Load: 0.669
[OS:13610] TURBULENTO | Lam: 0.096 | Load: 0.542
[OS:13620] LAMINAR | Lam: 0.966 | Load: 0.984
[OS:13630] TURBULENTO | Lam: 0.301 | Load: 0.731
[OS:13640] TURBULENTO | Lam: 0.171 | Load: 0.681
[OS:13650] LAMINAR | Lam: 0.521 | Load: 0.842
[OS:13660] TURBULENTO | Lam: 0.187 | Load: 0.816
[OS:13670] LAMINAR | Lam: 0.584 | Load: 0.751
[OS:13680] LAMINAR | Lam: 0.551 | Load: 0.835
[OS:13690] TURBULENTO | Lam: 0.141 | Load: 0.589
[OS:13700] LAMINAR | Lam: 0.513 | Load: 0.680
[OS:13710] LAMINAR | Lam: 0.802 | Load: 0.967
[OS:13720] LAMINAR | Lam: 0.946 | Load: 1.001
[OS:13730] LAMINAR | Lam: 0.529 | Load: 0.706
[OS:13740] LAMINAR | Lam: 0.777 | Load: 0.811
[OS:13750] LAMINAR | Lam: 0.633 | Load: 0.786
[OS:13760] TURBULENTO | Lam: 0.158 | Load: 0.544
[OS:13770] TURBULENTO | Lam: 0.108 | Load: 0.666
[OS:13780] TURBULENTO | Lam: 0.498 | Load: 0.598
[OS:13790] LAMINAR | Lam: 0.983 | Load: 0.840
[OS:13800] TURBULENTO | Lam: 0.119 | Load: 0.580
[OS:13810] LAMINAR | Lam: 0.952 | Load: 0.726
[OS:13820] LAMINAR | Lam: 0.729 | Load: 0.591
[OS:13830] TURBULENTO | Lam: 0.252 | Load: 0.730
[OS:13840] TURBULENTO | Lam: 0.145 | Load: 0.538
[OS:13850] LAMINAR | Lam: 0.731 | Load: 0.829
[OS:13860] TURBULENTO | Lam: 0.386 | Load: 0.671
[OS:13870] TURBULENTO | Lam: 0.484 | Load: 0.725
[OS:13880] TURBULENTO | Lam: 0.290 | Load: 0.621
[OS:13890] TURBULENTO | Lam: 0.131 | Load: 0.637
[OS:13900] TURBULENTO | Lam: 0.283 | Load: 0.554
[OS:13910] LAMINAR | Lam: 0.759 | Load: 0.850
[OS:13920] TURBULENTO | Lam: 0.322 | Load: 0.710
[OS:13930] TURBULENTO | Lam: 0.140 | Load: 0.542
[OS:13940] TURBULENTO | Lam: 0.362 | Load: 0.858
[OS:13950] LAMINAR | Lam: 0.900 | Load: 1.059
[OS:13960] LAMINAR | Lam: 0.858 | Load: 0.939
[OS:13970] TURBULENTO | Lam: 0.168 | Load: 0.740
[OS:13980] TURBULENTO | Lam: 0.351 | Load: 0.616
[OS:13990] LAMINAR | Lam: 0.859 | Load: 0.808
[OS:14000] TURBULENTO | Lam: 0.232 | Load: 0.808
[OS:14010] LAMINAR | Lam: 0.757 | Load: 0.863
[OS:14020] TURBULENTO | Lam: 0.301 | Load: 0.644
[OS:14030] LAMINAR | Lam: 0.941 | Load: 0.857
[OS:14040] TURBULENTO | Lam: 0.217 | Load: 0.806
[OS:14050] LAMINAR | Lam: 0.761 | Load: 0.836
[OS:14060] LAMINAR | Lam: 0.971 | Load: 0.911
[OS:14070] LAMINAR | Lam: 0.929 | Load: 0.877
[OS:14080] TURBULENTO | Lam: 0.224 | Load: 0.711
[OS:14090] TURBULENTO | Lam: 0.486 | Load: 0.685
[OS:14100] LAMINAR | Lam: 0.893 | Load: 0.710
[OS:14110] TURBULENTO | Lam: 0.336 | Load: 0.878
[OS:14120] TURBULENTO | Lam: 0.455 | Load: 0.630
[OS:14130] LAMINAR | Lam: 0.826 | Load: 0.901
[OS:14140] LAMINAR | Lam: 0.891 | Load: 0.837
[OS:14150] TURBULENTO | Lam: 0.326 | Load: 0.689
[OS:14160] TURBULENTO | Lam: 0.184 | Load: 0.482
[OS:14170] TURBULENTO | Lam: 0.466 | Load: 0.598
[OS:14180] TURBULENTO | Lam: 0.197 | Load: 0.672
[OS:14190] LAMINAR | Lam: 0.577 | Load: 0.671
[OS:14200] LAMINAR | Lam: 0.702 | Load: 0.772
[OS:14210] TURBULENTO | Lam: 0.314 | Load: 0.538
[OS:14220] LAMINAR | Lam: 0.771 | Load: 0.733
[OS:14230] TURBULENTO | Lam: 0.067 | Load: 0.568
[OS:14240] TURBULENTO | Lam: 0.385 | Load: 0.859
[OS:14250] TURBULENTO | Lam: 0.390 | Load: 0.892
[OS:14260] TURBULENTO | Lam: 0.122 | Load: 0.555
[OS:14270] LAMINAR | Lam: 0.881 | Load: 0.807
[OS:14280] TURBULENTO | Lam: 0.490 | Load: 0.805
[OS:14290] LAMINAR | Lam: 0.876 | Load: 0.738
[OS:14300] TURBULENTO | Lam: 0.403 | Load: 0.738
[OS:14310] TURBULENTO | Lam: 0.025 | Load: 0.609
[OS:14320] TURBULENTO | Lam: 0.082 | Load: 0.661
[OS:14330] LAMINAR | Lam: 0.957 | Load: 1.048
[OS:14340] LAMINAR | Lam: 0.961 | Load: 0.801
[OS:14350] TURBULENTO | Lam: 0.076 | Load: 0.594
[OS:14360] TURBULENTO | Lam: 0.237 | Load: 0.853
[OS:14370] TURBULENTO | Lam: 0.142 | Load: 0.550
[OS:14380] TURBULENTO | Lam: 0.404 | Load: 0.539
[OS:14390] TURBULENTO | Lam: 0.179 | Load: 0.464
[OS:14400] TURBULENTO | Lam: 0.462 | Load: 0.779
[OS:14410] LAMINAR | Lam: 0.955 | Load: 0.913
[OS:14420] LAMINAR | Lam: 0.550 | Load: 0.878
[OS:14430] TURBULENTO | Lam: 0.486 | Load: 0.931
[OS:14440] TURBULENTO | Lam: 0.238 | Load: 0.675
[OS:14450] TURBULENTO | Lam: 0.076 | Load: 0.497
[OS:14460] LAMINAR | Lam: 0.606 | Load: 0.657
[OS:14470] TURBULENTO | Lam: 0.083 | Load: 0.764
[OS:14480] TURBULENTO | Lam: 0.119 | Load: 0.749
[OS:14490] TURBULENTO | Lam: 0.215 | Load: 0.757
[OS:14500] TURBULENTO | Lam: 0.183 | Load: 0.901
[OS:14510] LAMINAR | Lam: 0.840 | Load: 0.724
[OS:14520] LAMINAR | Lam: 0.891 | Load: 0.834
[OS:14530] LAMINAR | Lam: 0.916 | Load: 1.019
[OS:14540] TURBULENTO | Lam: 0.411 | Load: 0.691
[OS:14550] LAMINAR | Lam: 0.876 | Load: 1.014
[OS:14560] TURBULENTO | Lam: 0.019 | Load: 0.666
[OS:14570] TURBULENTO | Lam: 0.066 | Load: 0.485
[OS:14580] LAMINAR | Lam: 0.524 | Load: 0.899
[OS:14590] TURBULENTO | Lam: 0.083 | Load: 0.629
[OS:14600] LAMINAR | Lam: 0.694 | Load: 0.771
[OS:14610] LAMINAR | Lam: 0.739 | Load: 0.679
[OS:14620] LAMINAR | Lam: 0.503 | Load: 0.600
[OS:14630] TURBULENTO | Lam: 0.286 | Load: 0.770
[OS:14640] TURBULENTO | Lam: 0.068 | Load: 0.484
[OS:14650] TURBULENTO | Lam: 0.133 | Load: 0.593
[OS:14660] LAMINAR | Lam: 0.935 | Load: 0.636
[OS:14670] TURBULENTO | Lam: 0.359 | Load: 0.839
[OS:14680] TURBULENTO | Lam: 0.285 | Load: 0.650
[OS:14690] LAMINAR | Lam: 0.882 | Load: 0.744
[OS:14700] TURBULENTO | Lam: 0.183 | Load: 0.613
[OS:14710] LAMINAR | Lam: 0.566 | Load: 1.026
[OS:14720] LAMINAR | Lam: 0.627 | Load: 0.723
[OS:14730] LAMINAR | Lam: 0.771 | Load: 0.837
[OS:14740] TURBULENTO | Lam: 0.174 | Load: 0.495
[OS:14750] TURBULENTO | Lam: 0.058 | Load: 0.811
[OS:14760] TURBULENTO | Lam: 0.480 | Load: 0.788
[OS:14770] TURBULENTO | Lam: 0.204 | Load: 0.760
[OS:14780] TURBULENTO | Lam: 0.200 | Load: 0.631
[OS:14790] TURBULENTO | Lam: 0.126 | Load: 0.596
[OS:14800] LAMINAR | Lam: 0.854 | Load: 0.985
[OS:14810] TURBULENTO | Lam: 0.328 | Load: 0.570
[OS:14820] TURBULENTO | Lam: 0.067 | Load: 0.543
[OS:14830] TURBULENTO | Lam: 0.104 | Load: 0.698
[OS:14840] LAMINAR | Lam: 0.624 | Load: 0.733
[OS:14850] TURBULENTO | Lam: 0.264 | Load: 0.678
[OS:14860] TURBULENTO | Lam: 0.239 | Load: 0.677
[OS:14870] TURBULENTO | Lam: 0.076 | Load: 0.460
[OS:14880] LAMINAR | Lam: 0.906 | Load: 0.933
[OS:14890] LAMINAR | Lam: 0.826 | Load: 0.811
[OS:14900] LAMINAR | Lam: 0.975 | Load: 1.004
[OS:14910] TURBULENTO | Lam: 0.101 | Load: 0.763
[OS:14920] LAMINAR | Lam: 0.917 | Load: 1.095
[OS:14930] TURBULENTO | Lam: 0.124 | Load: 0.543
[OS:14940] TURBULENTO | Lam: 0.194 | Load: 0.789
[OS:14950] LAMINAR | Lam: 0.590 | Load: 0.882
[OS:14960] LAMINAR | Lam: 0.597 | Load: 0.775
[OS:14970] LAMINAR | Lam: 0.879 | Load: 0.995
[OS:14980] LAMINAR | Lam: 0.916 | Load: 0.868
[OS:14990] TURBULENTO | Lam: 0.260 | Load: 0.761
[OS:15000] TURBULENTO | Lam: 0.214 | Load: 0.823
[OS:15010] TURBULENTO | Lam: 0.310 | Load: 0.523
[OS:15020] LAMINAR | Lam: 0.506 | Load: 0.810
[OS:15030] LAMINAR | Lam: 0.837 | Load: 0.799
[OS:15040] LAMINAR | Lam: 0.671 | Load: 0.759
[OS:15050] TURBULENTO | Lam: 0.372 | Load: 0.725
[OS:15060] TURBULENTO | Lam: 0.131 | Load: 0.541
[OS:15070] LAMINAR | Lam: 0.712 | Load: 0.989
[OS:15080] TURBULENTO | Lam: 0.490 | Load: 0.789
[OS:15090] TURBULENTO | Lam: 0.411 | Load: 0.549
[OS:15100] TURBULENTO | Lam: 0.196 | Load: 0.633
[OS:15110] TURBULENTO | Lam: 0.141 | Load: 0.749
[OS:15120] TURBULENTO | Lam: 0.239 | Load: 0.683
[OS:15130] TURBULENTO | Lam: 0.133 | Load: 0.529
[OS:15140] TURBULENTO | Lam: 0.042 | Load: 0.627
[OS:15150] TURBULENTO | Lam: 0.173 | Load: 0.773
[OS:15160] LAMINAR | Lam: 0.567 | Load: 0.959
[OS:15170] TURBULENTO | Lam: 0.393 | Load: 0.697
[OS:15180] LAMINAR | Lam: 0.773 | Load: 0.620
[OS:15190] LAMINAR | Lam: 0.752 | Load: 0.842
[OS:15200] TURBULENTO | Lam: 0.472 | Load: 0.748
[OS:15210] TURBULENTO | Lam: 0.106 | Load: 0.548
[OS:15220] LAMINAR | Lam: 0.590 | Load: 0.739
[OS:15230] TURBULENTO | Lam: 0.412 | Load: 0.569
[OS:15240] TURBULENTO | Lam: 0.107 | Load: 0.347
[OS:15250] LAMINAR | Lam: 0.884 | Load: 0.870
[OS:15260] TURBULENTO | Lam: 0.236 | Load: 0.681
[OS:15270] LAMINAR | Lam: 0.764 | Load: 0.606
[OS:15280] LAMINAR | Lam: 0.940 | Load: 0.992
[OS:15290] LAMINAR | Lam: 0.934 | Load: 0.993
[OS:15300] LAMINAR | Lam: 0.642 | Load: 0.805
[OS:15310] TURBULENTO | Lam: 0.188 | Load: 0.585
[OS:15320] LAMINAR | Lam: 0.538 | Load: 0.701
[OS:15330] LAMINAR | Lam: 0.883 | Load: 0.754
[OS:15340] LAMINAR | Lam: 0.943 | Load: 0.876
[OS:15350] LAMINAR | Lam: 0.715 | Load: 0.803
[OS:15360] TURBULENTO | Lam: 0.192 | Load: 0.754
[OS:15370] LAMINAR | Lam: 0.766 | Load: 1.071
[OS:15380] LAMINAR | Lam: 0.887 | Load: 0.932
[OS:15390] LAMINAR | Lam: 0.820 | Load: 0.762
[OS:15400] TURBULENTO | Lam: 0.218 | Load: 0.676
[OS:15410] LAMINAR | Lam: 0.879 | Load: 0.944
[OS:15420] TURBULENTO | Lam: 0.164 | Load: 0.707
[OS:15430] LAMINAR | Lam: 0.582 | Load: 0.577
[OS:15440] TURBULENTO | Lam: 0.215 | Load: 0.737
[OS:15450] TURBULENTO | Lam: 0.427 | Load: 0.663
[OS:15460] TURBULENTO | Lam: 0.065 | Load: 0.694
[OS:15470] TURBULENTO | Lam: 0.351 | Load: 0.639
[OS:15480] LAMINAR | Lam: 0.729 | Load: 0.827
[OS:15490] TURBULENTO | Lam: 0.270 | Load: 0.822
[OS:15500] TURBULENTO | Lam: 0.387 | Load: 0.869
[OS:15510] TURBULENTO | Lam: 0.487 | Load: 0.532
[OS:15520] TURBULENTO | Lam: 0.306 | Load: 0.553
[OS:15530] LAMINAR | Lam: 0.673 | Load: 0.520
[OS:15540] TURBULENTO | Lam: 0.084 | Load: 0.441
[OS:15550] TURBULENTO | Lam: 0.267 | Load: 0.834
[OS:15560] LAMINAR | Lam: 0.828 | Load: 0.643
[OS:15570] LAMINAR | Lam: 0.609 | Load: 0.748
[OS:15580] LAMINAR | Lam: 0.504 | Load: 0.608
[OS:15590] LAMINAR | Lam: 0.707 | Load: 0.841
[OS:15600] TURBULENTO | Lam: 0.327 | Load: 0.665
[OS:15610] TURBULENTO | Lam: 0.451 | Load: 0.443
[OS:15620] TURBULENTO | Lam: 0.103 | Load: 0.724
[OS:15630] LAMINAR | Lam: 0.796 | Load: 0.801
[OS:15640] TURBULENTO | Lam: 0.267 | Load: 0.737
[OS:15650] TURBULENTO | Lam: 0.059 | Load: 0.442
[OS:15660] TURBULENTO | Lam: 0.188 | Load: 0.305
[OS:15670] TURBULENTO | Lam: 0.206 | Load: 0.666
[OS:15680] TURBULENTO | Lam: 0.024 | Load: 0.470
[OS:15690] LAMINAR | Lam: 0.539 | Load: 0.682
[OS:15700] LAMINAR | Lam: 0.671 | Load: 0.849
[OS:15710] TURBULENTO | Lam: 0.423 | Load: 0.560
[OS:15720] TURBULENTO | Lam: 0.120 | Load: 0.555
[OS:15730] LAMINAR | Lam: 0.875 | Load: 0.917
[OS:15740] TURBULENTO | Lam: 0.073 | Load: 0.727
[OS:15750] TURBULENTO | Lam: 0.402 | Load: 0.772
[OS:15760] TURBULENTO | Lam: 0.093 | Load: 0.855
[OS:15770] LAMINAR | Lam: 0.704 | Load: 0.813
[OS:15780] LAMINAR | Lam: 0.696 | Load: 1.023
[OS:15790] LAMINAR | Lam: 0.581 | Load: 0.886
[OS:15800] LAMINAR | Lam: 0.836 | Load: 0.905
[OS:15810] LAMINAR | Lam: 0.513 | Load: 0.572
[OS:15820] TURBULENTO | Lam: 0.499 | Load: 0.838
[OS:15830] TURBULENTO | Lam: 0.138 | Load: 0.517
[OS:15840] LAMINAR | Lam: 0.930 | Load: 0.599
[OS:15850] LAMINAR | Lam: 0.876 | Load: 0.843
[OS:15860] LAMINAR | Lam: 0.824 | Load: 0.852
[OS:15870] TURBULENTO | Lam: 0.320 | Load: 0.671
[OS:15880] LAMINAR | Lam: 0.578 | Load: 0.844
[OS:15890] TURBULENTO | Lam: 0.091 | Load: 0.488
[OS:15900] TURBULENTO | Lam: 0.336 | Load: 0.779
[OS:15910] TURBULENTO | Lam: 0.085 | Load: 0.719
[OS:15920] LAMINAR | Lam: 0.710 | Load: 0.942
[OS:15930] LAMINAR | Lam: 0.894 | Load: 0.847
[OS:15940] LAMINAR | Lam: 0.623 | Load: 0.964
[OS:15950] TURBULENTO | Lam: 0.232 | Load: 0.654
[OS:15960] TURBULENTO | Lam: 0.292 | Load: 0.819
[OS:15970] LAMINAR | Lam: 0.778 | Load: 0.970
[OS:15980] LAMINAR | Lam: 0.592 | Load: 0.918
[OS:15990] TURBULENTO | Lam: 0.286 | Load: 0.580
[OS:16000] LAMINAR | Lam: 0.923 | Load: 0.622
[OS:16010] TURBULENTO | Lam: 0.117 | Load: 0.670
[OS:16020] TURBULENTO | Lam: 0.492 | Load: 0.683
[OS:16030] LAMINAR | Lam: 0.963 | Load: 0.881
[OS:16040] LAMINAR | Lam: 0.798 | Load: 0.737
[OS:16050] LAMINAR | Lam: 0.636 | Load: 0.740
[OS:16060] TURBULENTO | Lam: 0.064 | Load: 0.576
[OS:16070] TURBULENTO | Lam: 0.177 | Load: 0.682
[OS:16080] LAMINAR | Lam: 0.729 | Load: 0.727
[OS:16090] TURBULENTO | Lam: 0.439 | Load: 0.595
[OS:16100] LAMINAR | Lam: 0.882 | Load: 1.012
[OS:16110] TURBULENTO | Lam: 0.137 | Load: 0.511
[OS:16120] LAMINAR | Lam: 0.727 | Load: 0.760
[OS:16130] TURBULENTO | Lam: 0.391 | Load: 0.776
[OS:16140] TURBULENTO | Lam: 0.146 | Load: 0.528
[OS:16150] TURBULENTO | Lam: 0.429 | Load: 0.644
[OS:16160] LAMINAR | Lam: 0.931 | Load: 0.957
[OS:16170] TURBULENTO | Lam: 0.313 | Load: 0.633
[OS:16180] LAMINAR | Lam: 0.548 | Load: 0.528
[OS:16190] TURBULENTO | Lam: 0.457 | Load: 0.480
[OS:16200] TURBULENTO | Lam: 0.044 | Load: 0.524
[OS:16210] LAMINAR | Lam: 0.744 | Load: 0.694
[OS:16220] LAMINAR | Lam: 0.573 | Load: 0.502
[OS:16230] TURBULENTO | Lam: 0.247 | Load: 0.848
[OS:16240] LAMINAR | Lam: 0.787 | Load: 0.972
[OS:16250] TURBULENTO | Lam: 0.362 | Load: 0.786
[OS:16260] LAMINAR | Lam: 0.616 | Load: 0.866
[OS:16270] LAMINAR | Lam: 0.771 | Load: 0.735
[OS:16280] LAMINAR | Lam: 0.575 | Load: 0.597
[OS:16290] TURBULENTO | Lam: 0.467 | Load: 0.692
[OS:16300] TURBULENTO | Lam: 0.426 | Load: 0.819
[OS:16310] TURBULENTO | Lam: 0.152 | Load: 0.740
[OS:16320] TURBULENTO | Lam: 0.110 | Load: 0.649
[OS:16330] LAMINAR | Lam: 0.882 | Load: 0.772
[OS:16340] LAMINAR | Lam: 0.893 | Load: 0.813
[OS:16350] TURBULENTO | Lam: 0.344 | Load: 0.744
[OS:16360] TURBULENTO | Lam: 0.105 | Load: 0.669
[OS:16370] LAMINAR | Lam: 0.868 | Load: 0.799
[OS:16380] TURBULENTO | Lam: 0.443 | Load: 0.835
[OS:16390] TURBULENTO | Lam: 0.493 | Load: 0.791
[OS:16400] TURBULENTO | Lam: 0.341 | Load: 0.850
[OS:16410] LAMINAR | Lam: 0.856 | Load: 0.810
[OS:16420] LAMINAR | Lam: 0.841 | Load: 0.881
[OS:16430] LAMINAR | Lam: 0.584 | Load: 0.730
[OS:16440] TURBULENTO | Lam: 0.150 | Load: 0.541
[OS:16450] TURBULENTO | Lam: 0.418 | Load: 0.592
[OS:16460] TURBULENTO | Lam: 0.151 | Load: 0.692
[OS:16470] TURBULENTO | Lam: 0.242 | Load: 0.638
[OS:16480] TURBULENTO | Lam: 0.485 | Load: 0.624
[OS:16490] LAMINAR | Lam: 0.908 | Load: 0.777
[OS:16500] TURBULENTO | Lam: 0.429 | Load: 0.619
[OS:16510] LAMINAR | Lam: 0.580 | Load: 0.736
[OS:16520] TURBULENTO | Lam: 0.476 | Load: 0.810
[OS:16530] TURBULENTO | Lam: 0.118 | Load: 0.482
[OS:16540] TURBULENTO | Lam: 0.073 | Load: 0.593
[OS:16550] LAMINAR | Lam: 0.957 | Load: 0.672
[OS:16560] TURBULENTO | Lam: 0.191 | Load: 0.699
[OS:16570] LAMINAR | Lam: 0.940 | Load: 0.739
[OS:16580] LAMINAR | Lam: 0.677 | Load: 0.942
[OS:16590] TURBULENTO | Lam: 0.263 | Load: 0.866
[OS:16600] TURBULENTO | Lam: 0.142 | Load: 0.820
[OS:16610] LAMINAR | Lam: 0.631 | Load: 0.635
[OS:16620] TURBULENTO | Lam: 0.084 | Load: 0.521
[OS:16630] LAMINAR | Lam: 0.906 | Load: 0.904
[OS:16640] TURBULENTO | Lam: 0.128 | Load: 0.662
[OS:16650] TURBULENTO | Lam: 0.185 | Load: 0.719
[OS:16660] LAMINAR | Lam: 0.590 | Load: 0.672
[OS:16670] TURBULENTO | Lam: 0.170 | Load: 0.492
[OS:16680] TURBULENTO | Lam: 0.189 | Load: 0.796
[OS:16690] TURBULENTO | Lam: 0.416 | Load: 0.636
[OS:16700] LAMINAR | Lam: 0.549 | Load: 0.726
[OS:16710] LAMINAR | Lam: 0.649 | Load: 0.619
[OS:16720] LAMINAR | Lam: 0.507 | Load: 0.824
[OS:16730] LAMINAR | Lam: 0.700 | Load: 1.010
[OS:16740] TURBULENTO | Lam: 0.307 | Load: 0.650
[OS:16750] LAMINAR | Lam: 0.938 | Load: 0.822
[OS:16760] TURBULENTO | Lam: 0.120 | Load: 0.607
[OS:16770] LAMINAR | Lam: 0.501 | Load: 0.760
[OS:16780] TURBULENTO | Lam: 0.410 | Load: 0.798
[OS:16790] TURBULENTO | Lam: 0.317 | Load: 0.607
[OS:16800] LAMINAR | Lam: 0.743 | Load: 0.812
[OS:16810] TURBULENTO | Lam: 0.472 | Load: 0.692
[OS:16820] LAMINAR | Lam: 0.963 | Load: 0.826
[OS:16830] TURBULENTO | Lam: 0.203 | Load: 0.678
[OS:16840] TURBULENTO | Lam: 0.092 | Load: 0.510
[OS:16850] TURBULENTO | Lam: 0.087 | Load: 0.579
[OS:16860] LAMINAR | Lam: 0.880 | Load: 0.931
[OS:16870] TURBULENTO | Lam: 0.215 | Load: 0.690
[OS:16880] TURBULENTO | Lam: 0.463 | Load: 0.899
[OS:16890] TURBULENTO | Lam: 0.329 | Load: 0.853
[OS:16900] TURBULENTO | Lam: 0.145 | Load: 0.698
[OS:16910] LAMINAR | Lam: 0.524 | Load: 0.725
[OS:16920] LAMINAR | Lam: 0.514 | Load: 0.840
[OS:16930] TURBULENTO | Lam: 0.176 | Load: 0.883
[OS:16940] TURBULENTO | Lam: 0.450 | Load: 0.888
[OS:16950] LAMINAR | Lam: 0.908 | Load: 0.625
[OS:16960] LAMINAR | Lam: 0.801 | Load: 0.775
[OS:16970] TURBULENTO | Lam: 0.034 | Load: 0.640
[OS:16980] LAMINAR | Lam: 0.779 | Load: 0.993
[OS:16990] TURBULENTO | Lam: 0.091 | Load: 0.674
[OS:17000] TURBULENTO | Lam: 0.137 | Load: 0.548
[OS:17010] LAMINAR | Lam: 0.704 | Load: 0.811
[OS:17020] LAMINAR | Lam: 0.599 | Load: 0.625
[OS:17030] TURBULENTO | Lam: 0.270 | Load: 0.707
[OS:17040] LAMINAR | Lam: 0.718 | Load: 0.921
[OS:17050] LAMINAR | Lam: 0.813 | Load: 0.986
[OS:17060] TURBULENTO | Lam: 0.051 | Load: 0.472
[OS:17070] LAMINAR | Lam: 0.550 | Load: 0.578
[OS:17080] TURBULENTO | Lam: 0.244 | Load: 0.498
[OS:17090] LAMINAR | Lam: 0.827 | Load: 0.876
[OS:17100] LAMINAR | Lam: 0.799 | Load: 0.820
[OS:17110] LAMINAR | Lam: 0.527 | Load: 0.715
[OS:17120] LAMINAR | Lam: 0.560 | Load: 0.735
[OS:17130] LAMINAR | Lam: 0.570 | Load: 0.742
[OS:17140] TURBULENTO | Lam: 0.465 | Load: 0.820
[OS:17150] LAMINAR | Lam: 0.680 | Load: 0.748
[OS:17160] LAMINAR | Lam: 0.715 | Load: 0.696
[OS:17170] LAMINAR | Lam: 0.838 | Load: 0.930
[OS:17180] LAMINAR | Lam: 0.608 | Load: 0.846
[OS:17190] LAMINAR | Lam: 0.630 | Load: 0.814
[OS:17200] LAMINAR | Lam: 0.509 | Load: 0.540
[OS:17210] TURBULENTO | Lam: 0.188 | Load: 0.682
[OS:17220] TURBULENTO | Lam: 0.257 | Load: 0.802
[OS:17230] TURBULENTO | Lam: 0.266 | Load: 0.692
[OS:17240] LAMINAR | Lam: 0.762 | Load: 0.860
[OS:17250] TURBULENTO | Lam: 0.364 | Load: 0.607
[OS:17260] LAMINAR | Lam: 0.756 | Load: 0.701
[OS:17270] LAMINAR | Lam: 0.872 | Load: 0.703
[OS:17280] TURBULENTO | Lam: 0.342 | Load: 0.806
[OS:17290] LAMINAR | Lam: 0.864 | Load: 0.826
[OS:17300] LAMINAR | Lam: 0.855 | Load: 0.781
[OS:17310] TURBULENTO | Lam: 0.344 | Load: 0.559
[OS:17320] LAMINAR | Lam: 0.818 | Load: 0.703
[OS:17330] TURBULENTO | Lam: 0.110 | Load: 0.509
[OS:17340] TURBULENTO | Lam: 0.141 | Load: 0.345
[OS:17350] TURBULENTO | Lam: 0.126 | Load: 0.580
[OS:17360] TURBULENTO | Lam: 0.253 | Load: 0.680
[OS:17370] TURBULENTO | Lam: 0.302 | Load: 0.738
[OS:17380] LAMINAR | Lam: 0.675 | Load: 0.822
[OS:17390] LAMINAR | Lam: 0.934 | Load: 0.711
[OS:17400] LAMINAR | Lam: 0.881 | Load: 0.909
[OS:17410] LAMINAR | Lam: 0.824 | Load: 0.884
[OS:17420] TURBULENTO | Lam: 0.151 | Load: 0.785
[OS:17430] TURBULENTO | Lam: 0.184 | Load: 0.611
[OS:17440] LAMINAR | Lam: 0.814 | Load: 0.835
[OS:17450] LAMINAR | Lam: 0.709 | Load: 0.806
[OS:17460] TURBULENTO | Lam: 0.210 | Load: 0.752
[OS:17470] TURBULENTO | Lam: 0.359 | Load: 0.647
[OS:17480] TURBULENTO | Lam: 0.279 | Load: 0.676
[OS:17490] LAMINAR | Lam: 0.868 | Load: 0.816
[OS:17500] LAMINAR | Lam: 0.734 | Load: 0.739
[OS:17510] TURBULENTO | Lam: 0.496 | Load: 0.825
[OS:17520] LAMINAR | Lam: 0.950 | Load: 0.947
[OS:17530] TURBULENTO | Lam: 0.319 | Load: 0.808
[OS:17540] TURBULENTO | Lam: 0.267 | Load: 0.832
[OS:17550] TURBULENTO | Lam: 0.345 | Load: 0.622
[OS:17560] LAMINAR | Lam: 0.892 | Load: 0.825
[OS:17570] LAMINAR | Lam: 0.654 | Load: 1.009
[OS:17580] TURBULENTO | Lam: 0.431 | Load: 0.613
[OS:17590] TURBULENTO | Lam: 0.152 | Load: 0.628
[OS:17600] TURBULENTO | Lam: 0.430 | Load: 0.926
[OS:17610] TURBULENTO | Lam: 0.492 | Load: 0.600
[OS:17620] LAMINAR | Lam: 0.784 | Load: 0.908
[OS:17630] LAMINAR | Lam: 0.837 | Load: 0.735
[OS:17640] LAMINAR | Lam: 0.776 | Load: 0.697
[OS:17650] LAMINAR | Lam: 0.900 | Load: 0.743
[OS:17660] TURBULENTO | Lam: 0.100 | Load: 0.698
[OS:17670] LAMINAR | Lam: 0.897 | Load: 0.816
[OS:17680] LAMINAR | Lam: 0.883 | Load: 0.834
[OS:17690] LAMINAR | Lam: 0.634 | Load: 0.763
[OS:17700] TURBULENTO | Lam: 0.258 | Load: 0.611
[OS:17710] TURBULENTO | Lam: 0.460 | Load: 0.809
[OS:17720] LAMINAR | Lam: 0.978 | Load: 0.723
[OS:17730] LAMINAR | Lam: 0.823 | Load: 0.609
[OS:17740] LAMINAR | Lam: 0.896 | Load: 0.840
[OS:17750] TURBULENTO | Lam: 0.452 | Load: 0.662
[OS:17760] TURBULENTO | Lam: 0.441 | Load: 0.618
[OS:17770] LAMINAR | Lam: 0.673 | Load: 0.661
[OS:17780] TURBULENTO | Lam: 0.273 | Load: 0.789
[OS:17790] TURBULENTO | Lam: 0.454 | Load: 0.590
[OS:17800] LAMINAR | Lam: 0.850 | Load: 0.895
[OS:17810] TURBULENTO | Lam: 0.391 | Load: 0.675
[OS:17820] LAMINAR | Lam: 0.764 | Load: 0.903
[OS:17830] LAMINAR | Lam: 0.810 | Load: 0.722
[OS:17840] TURBULENTO | Lam: 0.436 | Load: 0.832
[OS:17850] TURBULENTO | Lam: 0.171 | Load: 0.556
[OS:17860] LAMINAR | Lam: 0.682 | Load: 0.861
[OS:17870] TURBULENTO | Lam: 0.074 | Load: 0.508
[OS:17880] TURBULENTO | Lam: 0.130 | Load: 0.492
[OS:17890] TURBULENTO | Lam: 0.206 | Load: 0.567
[OS:17900] TURBULENTO | Lam: 0.330 | Load: 0.497
[OS:17910] LAMINAR | Lam: 0.930 | Load: 0.829
[OS:17920] TURBULENTO | Lam: 0.249 | Load: 0.666
[OS:17930] TURBULENTO | Lam: 0.335 | Load: 0.725
[OS:17940] LAMINAR | Lam: 0.817 | Load: 0.670
[OS:17950] LAMINAR | Lam: 0.802 | Load: 0.956
[OS:17960] LAMINAR | Lam: 0.788 | Load: 0.861
[OS:17970] LAMINAR | Lam: 0.830 | Load: 1.016
[OS:17980] LAMINAR | Lam: 0.775 | Load: 0.910
[OS:17990] LAMINAR | Lam: 0.528 | Load: 0.757
[OS:18000] TURBULENTO | Lam: 0.062 | Load: 0.781
[OS:18010] TURBULENTO | Lam: 0.152 | Load: 0.586
[OS:18020] TURBULENTO | Lam: 0.302 | Load: 0.532
[OS:18030] LAMINAR | Lam: 0.849 | Load: 0.773
[OS:18040] TURBULENTO | Lam: 0.397 | Load: 0.704
[OS:18050] TURBULENTO | Lam: 0.194 | Load: 0.580
[OS:18060] LAMINAR | Lam: 0.926 | Load: 0.970
[OS:18070] TURBULENTO | Lam: 0.217 | Load: 0.675
[OS:18080] LAMINAR | Lam: 0.806 | Load: 0.606
[OS:18090] TURBULENTO | Lam: 0.055 | Load: 0.533
[OS:18100] LAMINAR | Lam: 0.597 | Load: 0.681
[OS:18110] TURBULENTO | Lam: 0.384 | Load: 0.803
[OS:18120] LAMINAR | Lam: 0.933 | Load: 0.812
[OS:18130] TURBULENTO | Lam: 0.202 | Load: 0.448
[OS:18140] TURBULENTO | Lam: 0.090 | Load: 0.442
[OS:18150] TURBULENTO | Lam: 0.306 | Load: 0.626
[OS:18160] TURBULENTO | Lam: 0.102 | Load: 0.661
[OS:18170] LAMINAR | Lam: 0.701 | Load: 0.853
[OS:18180] TURBULENTO | Lam: 0.310 | Load: 0.906
[OS:18190] LAMINAR | Lam: 0.919 | Load: 0.927
[OS:18200] TURBULENTO | Lam: 0.294 | Load: 0.649
[OS:18210] LAMINAR | Lam: 0.882 | Load: 0.972
[OS:18220] TURBULENTO | Lam: 0.209 | Load: 0.593
[OS:18230] LAMINAR | Lam: 0.712 | Load: 0.696
[OS:18240] LAMINAR | Lam: 0.733 | Load: 0.746
[OS:18250] TURBULENTO | Lam: 0.217 | Load: 0.512
[OS:18260] TURBULENTO | Lam: 0.474 | Load: 0.565
[OS:18270] LAMINAR | Lam: 0.858 | Load: 0.716
[OS:18280] LAMINAR | Lam: 0.698 | Load: 0.905
[OS:18290] TURBULENTO | Lam: 0.288 | Load: 0.647
[OS:18300] TURBULENTO | Lam: 0.329 | Load: 0.742
[OS:18310] TURBULENTO | Lam: 0.054 | Load: 0.686
[OS:18320] LAMINAR | Lam: 0.617 | Load: 0.859
[OS:18330] TURBULENTO | Lam: 0.334 | Load: 0.702
[OS:18340] TURBULENTO | Lam: 0.205 | Load: 0.597
[OS:18350] TURBULENTO | Lam: 0.132 | Load: 0.844
[OS:18360] LAMINAR | Lam: 0.716 | Load: 0.753
[OS:18370] LAMINAR | Lam: 0.784 | Load: 0.979
[OS:18380] LAMINAR | Lam: 0.721 | Load: 0.604
[OS:18390] LAMINAR | Lam: 0.677 | Load: 0.886
[OS:18400] LAMINAR | Lam: 0.893 | Load: 0.647
[OS:18410] LAMINAR | Lam: 0.587 | Load: 0.710
[OS:18420] LAMINAR | Lam: 0.796 | Load: 0.638
[OS:18430] TURBULENTO | Lam: 0.434 | Load: 0.875
[OS:18440] TURBULENTO | Lam: 0.425 | Load: 0.629
[OS:18450] TURBULENTO | Lam: 0.084 | Load: 0.729
[OS:18460] TURBULENTO | Lam: 0.145 | Load: 0.421
[OS:18470] LAMINAR | Lam: 0.851 | Load: 0.753
[OS:18480] TURBULENTO | Lam: 0.434 | Load: 0.627
[OS:18490] LAMINAR | Lam: 0.885 | Load: 0.797
[OS:18500] LAMINAR | Lam: 0.714 | Load: 0.694
[OS:18510] TURBULENTO | Lam: 0.122 | Load: 0.676
[OS:18520] TURBULENTO | Lam: 0.498 | Load: 0.791
[OS:18530] LAMINAR | Lam: 0.916 | Load: 1.063
[OS:18540] LAMINAR | Lam: 0.956 | Load: 0.801
[OS:18550] TURBULENTO | Lam: 0.416 | Load: 0.557
[OS:18560] LAMINAR | Lam: 0.780 | Load: 1.022
[OS:18570] TURBULENTO | Lam: 0.380 | Load: 0.856
[OS:18580] TURBULENTO | Lam: 0.038 | Load: 0.854
[OS:18590] TURBULENTO | Lam: 0.350 | Load: 0.690
[OS:18600] TURBULENTO | Lam: 0.019 | Load: 0.551
[OS:18610] TURBULENTO | Lam: 0.282 | Load: 0.772
[OS:18620] LAMINAR | Lam: 0.731 | Load: 0.768
[OS:18630] TURBULENTO | Lam: 0.433 | Load: 0.659
[OS:18640] LAMINAR | Lam: 0.915 | Load: 0.796
[OS:18650] LAMINAR | Lam: 0.570 | Load: 0.577
[OS:18660] LAMINAR | Lam: 0.845 | Load: 0.690
[OS:18670] LAMINAR | Lam: 0.657 | Load: 0.790
[OS:18680] LAMINAR | Lam: 0.649 | Load: 0.929
[OS:18690] TURBULENTO | Lam: 0.080 | Load: 0.446
[OS:18700] LAMINAR | Lam: 0.940 | Load: 0.717
[OS:18710] LAMINAR | Lam: 0.980 | Load: 0.885
[OS:18720] TURBULENTO | Lam: 0.152 | Load: 0.646
[OS:18730] TURBULENTO | Lam: 0.465 | Load: 0.627
[OS:18740] LAMINAR | Lam: 0.567 | Load: 0.609
[OS:18750] LAMINAR | Lam: 0.959 | Load: 0.834
[OS:18760] LAMINAR | Lam: 0.841 | Load: 0.578
[OS:18770] TURBULENTO | Lam: 0.373 | Load: 0.745
[OS:18780] TURBULENTO | Lam: 0.344 | Load: 0.766
[OS:18790] LAMINAR | Lam: 0.966 | Load: 0.838
[OS:18800] TURBULENTO | Lam: 0.020 | Load: 0.440
[OS:18810] LAMINAR | Lam: 0.545 | Load: 0.950
[OS:18820] LAMINAR | Lam: 0.762 | Load: 0.884
[OS:18830] TURBULENTO | Lam: 0.096 | Load: 0.345
[OS:18840] TURBULENTO | Lam: 0.083 | Load: 0.350
[OS:18850] TURBULENTO | Lam: 0.140 | Load: 0.597
[OS:18860] LAMINAR | Lam: 0.708 | Load: 0.777
[OS:18870] TURBULENTO | Lam: 0.157 | Load: 0.346
[OS:18880] LAMINAR | Lam: 0.864 | Load: 0.796
[OS:18890] LAMINAR | Lam: 0.547 | Load: 0.653
[OS:18900] TURBULENTO | Lam: 0.210 | Load: 0.665
[OS:18910] LAMINAR | Lam: 0.787 | Load: 0.670
[OS:18920] LAMINAR | Lam: 0.988 | Load: 0.697
[OS:18930] TURBULENTO | Lam: 0.120 | Load: 0.695
[OS:18940] TURBULENTO | Lam: 0.287 | Load: 0.790
[OS:18950] LAMINAR | Lam: 0.942 | Load: 0.761
[OS:18960] TURBULENTO | Lam: 0.410 | Load: 0.632
[OS:18970] LAMINAR | Lam: 0.724 | Load: 0.617
[OS:18980] LAMINAR | Lam: 0.899 | Load: 0.848
[OS:18990] LAMINAR | Lam: 0.601 | Load: 0.614
[OS:19000] LAMINAR | Lam: 0.512 | Load: 0.674
[OS:19010] TURBULENTO | Lam: 0.402 | Load: 0.745
[OS:19020] LAMINAR | Lam: 0.582 | Load: 0.785
[OS:19030] TURBULENTO | Lam: 0.365 | Load: 0.570
[OS:19040] TURBULENTO | Lam: 0.220 | Load: 0.379
[OS:19050] TURBULENTO | Lam: 0.221 | Load: 0.388
[OS:19060] TURBULENTO | Lam: 0.389 | Load: 0.528
[OS:19070] LAMINAR | Lam: 0.653 | Load: 0.686
[OS:19080] LAMINAR | Lam: 0.622 | Load: 0.781
[OS:19090] LAMINAR | Lam: 0.735 | Load: 1.043
[OS:19100] TURBULENTO | Lam: 0.068 | Load: 0.574
[OS:19110] LAMINAR | Lam: 0.954 | Load: 0.739
[OS:19120] LAMINAR | Lam: 0.528 | Load: 0.814
[OS:19130] TURBULENTO | Lam: 0.386 | Load: 0.696
[OS:19140] TURBULENTO | Lam: 0.042 | Load: 0.827
[OS:19150] TURBULENTO | Lam: 0.491 | Load: 0.700
[OS:19160] LAMINAR | Lam: 0.832 | Load: 0.792
[OS:19170] TURBULENTO | Lam: 0.431 | Load: 0.840
[OS:19180] LAMINAR | Lam: 0.967 | Load: 1.008
[OS:19190] LAMINAR | Lam: 0.599 | Load: 0.886
[OS:19200] LAMINAR | Lam: 0.883 | Load: 0.835
[OS:19210] TURBULENTO | Lam: 0.447 | Load: 0.621
[OS:19220] TURBULENTO | Lam: 0.075 | Load: 0.555
[OS:19230] TURBULENTO | Lam: 0.223 | Load: 0.652
[OS:19240] LAMINAR | Lam: 0.857 | Load: 0.791
[OS:19250] LAMINAR | Lam: 0.914 | Load: 0.987
[OS:19260] LAMINAR | Lam: 0.926 | Load: 0.833
[OS:19270] TURBULENTO | Lam: 0.454 | Load: 0.544
[OS:19280] TURBULENTO | Lam: 0.319 | Load: 0.746
[OS:19290] TURBULENTO | Lam: 0.396 | Load: 0.696
[OS:19300] LAMINAR | Lam: 0.968 | Load: 0.791
[OS:19310] TURBULENTO | Lam: 0.222 | Load: 0.574
[OS:19320] LAMINAR | Lam: 0.700 | Load: 0.585
[OS:19330] LAMINAR | Lam: 0.878 | Load: 0.806
[OS:19340] LAMINAR | Lam: 0.916 | Load: 0.848
[OS:19350] LAMINAR | Lam: 0.742 | Load: 0.812
[OS:19360] LAMINAR | Lam: 0.622 | Load: 0.834
[OS:19370] TURBULENTO | Lam: 0.397 | Load: 0.917
[OS:19380] LAMINAR | Lam: 0.900 | Load: 0.988
[OS:19390] LAMINAR | Lam: 0.791 | Load: 0.882
[OS:19400] LAMINAR | Lam: 0.941 | Load: 0.768
[OS:19410] LAMINAR | Lam: 0.927 | Load: 1.089
[OS:19420] TURBULENTO | Lam: 0.027 | Load: 0.570
[OS:19430] LAMINAR | Lam: 0.586 | Load: 0.762
[OS:19440] LAMINAR | Lam: 0.565 | Load: 0.630
[OS:19450] TURBULENTO | Lam: 0.098 | Load: 0.559
[OS:19460] TURBULENTO | Lam: 0.122 | Load: 0.386
[OS:19470] TURBULENTO | Lam: 0.306 | Load: 0.568
[OS:19480] TURBULENTO | Lam: 0.148 | Load: 0.688
[OS:19490] LAMINAR | Lam: 0.669 | Load: 0.892
[OS:19500] LAMINAR | Lam: 0.778 | Load: 0.706
[OS:19510] LAMINAR | Lam: 0.520 | Load: 0.842
[OS:19520] LAMINAR | Lam: 0.541 | Load: 0.758
[OS:19530] LAMINAR | Lam: 0.909 | Load: 0.877
[OS:19540] TURBULENTO | Lam: 0.463 | Load: 0.816
[OS:19550] LAMINAR | Lam: 0.860 | Load: 0.990
[OS:19560] LAMINAR | Lam: 0.768 | Load: 0.852
[OS:19570] TURBULENTO | Lam: 0.437 | Load: 0.792
[OS:19580] TURBULENTO | Lam: 0.111 | Load: 0.606
[OS:19590] TURBULENTO | Lam: 0.143 | Load: 0.473
[OS:19600] TURBULENTO | Lam: 0.112 | Load: 0.625
[OS:19610] TURBULENTO | Lam: 0.067 | Load: 0.565
[OS:19620] TURBULENTO | Lam: 0.278 | Load: 0.462
[OS:19630] TURBULENTO | Lam: 0.460 | Load: 0.726
[OS:19640] LAMINAR | Lam: 0.561 | Load: 0.658
[OS:19650] TURBULENTO | Lam: 0.121 | Load: 0.446
[OS:19660] TURBULENTO | Lam: 0.412 | Load: 0.601
[OS:19670] LAMINAR | Lam: 0.877 | Load: 0.803
[OS:19680] TURBULENTO | Lam: 0.483 | Load: 0.887

🛑 Recibida señal de parada. Guardando estado metripléctico...

🛑 Recibida señal de parada. Guardando estado metripléctico...

------------------------------------------------------------
  ACTION: Compiling High-Performance C Kernel (Metriplex Core)
  CMD:    make -C core_physics/
------------------------------------------------------------

make: se entra en el directorio '/home/jako/aquora/core_physics'
make: No se hace nada para 'all'.
make: se sale del directorio '/home/jako/aquora/core_physics'

------------------------------------------------------------
  ACTION: Activating H7 Metriplectic OS (Quantum Radar + Auto-Governor)
  CMD:    /home/jako/aquora/env/bin/python h7_auto_governor.py --daemon
------------------------------------------------------------

======================================================================
  H7 AUTO-GOVERNOR — Quantum Collapse Mode
  Mode: DAEMON
======================================================================

🚀 Iniciando Extractor de Bits H7 para Job: which-pink-counter
============================================================
📦 [CACHE] Recuperados 768 bits de entropía local.
[OS:00000] TURBULENTO | Gap Cuántico: 0.2090 | Load: 0.810
[OS:00005] TURBULENTO | Gap Cuántico: 0.1957 | Load: 0.359
[OS:00010] TURBULENTO | Gap Cuántico: 0.2036 | Load: 0.256
[OS:00015] TURBULENTO | Gap Cuántico: 0.1941 | Load: 0.239
[OS:00020] TURBULENTO | Gap Cuántico: 0.1887 | Load: 0.234
[OS:00025] TURBULENTO | Gap Cuántico: 0.1863 | Load: 0.221
[OS:00030] TURBULENTO | Gap Cuántico: 0.2392 | Load: 0.230
[OS:00035] TURBULENTO | Gap Cuántico: 0.1849 | Load: 0.232
[OS:00040] TURBULENTO | Gap Cuántico: 0.2068 | Load: 0.233
[OS:00045] TURBULENTO | Gap Cuántico: 0.1883 | Load: 0.228
[OS:00050] TURBULENTO | Gap Cuántico: 0.1927 | Load: 0.229
[OS:00055] TURBULENTO | Gap Cuántico: 0.2239 | Load: 0.233
[OS:00060] TURBULENTO | Gap Cuántico: 0.1944 | Load: 0.236
[OS:00065] TURBULENTO | Gap Cuántico: 0.2383 | Load: 0.230
[OS:00070] TURBULENTO | Gap Cuántico: 0.2073 | Load: 0.221
[OS:00075] TURBULENTO | Gap Cuántico: 0.2349 | Load: 0.229
[OS:00080] TURBULENTO | Gap Cuántico: 0.1755 | Load: 0.222
[OS:00085] TURBULENTO | Gap Cuántico: 0.1913 | Load: 0.220
[OS:00090] TURBULENTO | Gap Cuántico: 0.2423 | Load: 0.230
[OS:00095] TURBULENTO | Gap Cuántico: 0.2424 | Load: 0.234
[OS:00100] TURBULENTO | Gap Cuántico: 0.1763 | Load: 0.232
[OS:00105] TURBULENTO | Gap Cuántico: 0.1932 | Load: 0.233
[OS:00110] TURBULENTO | Gap Cuántico: 0.1759 | Load: 0.224
[OS:00115] TURBULENTO | Gap Cuántico: 0.1860 | Load: 0.226
[OS:00120] TURBULENTO | Gap Cuántico: 0.1774 | Load: 0.217
[OS:00125] TURBULENTO | Gap Cuántico: 0.2102 | Load: 0.229
[OS:00130] TURBULENTO | Gap Cuántico: 0.2328 | Load: 0.233
[OS:00135] TURBULENTO | Gap Cuántico: 0.1864 | Load: 0.233
[OS:00140] TURBULENTO | Gap Cuántico: 0.2085 | Load: 0.223
[OS:00145] TURBULENTO | Gap Cuántico: 0.2349 | Load: 0.223
[OS:00150] TURBULENTO | Gap Cuántico: 0.2068 | Load: 0.237
[OS:00155] TURBULENTO | Gap Cuántico: 0.2141 | Load: 0.229
[OS:00160] TURBULENTO | Gap Cuántico: 0.1999 | Load: 0.231
[OS:00165] TURBULENTO | Gap Cuántico: 0.1887 | Load: 0.227
[OS:00170] TURBULENTO | Gap Cuántico: 0.2309 | Load: 0.230
[OS:00175] TURBULENTO | Gap Cuántico: 0.1958 | Load: 0.238
[OS:00180] TURBULENTO | Gap Cuántico: 0.2138 | Load: 0.223
[OS:00185] TURBULENTO | Gap Cuántico: 0.1889 | Load: 0.229
[OS:00190] TURBULENTO | Gap Cuántico: 0.2132 | Load: 0.230
[OS:00195] TURBULENTO | Gap Cuántico: 0.2147 | Load: 0.238
[OS:00200] TURBULENTO | Gap Cuántico: 0.1893 | Load: 0.229
[OS:00205] TURBULENTO | Gap Cuántico: 0.1870 | Load: 0.229
[OS:00210] TURBULENTO | Gap Cuántico: 0.1958 | Load: 0.231
[OS:00215] TURBULENTO | Gap Cuántico: 0.2124 | Load: 0.242
[OS:00220] TURBULENTO | Gap Cuántico: 0.2416 | Load: 0.233
[OS:00225] TURBULENTO | Gap Cuántico: 0.1883 | Load: 0.229
[OS:00230] TURBULENTO | Gap Cuántico: 0.2161 | Load: 0.231
[OS:00235] TURBULENTO | Gap Cuántico: 0.2157 | Load: 0.231
[OS:00240] TURBULENTO | Gap Cuántico: 0.2201 | Load: 0.227
[OS:00245] TURBULENTO | Gap Cuántico: 0.2369 | Load: 0.230
[OS:00250] TURBULENTO | Gap Cuántico: 0.1905 | Load: 0.227
[OS:00255] TURBULENTO | Gap Cuántico: 0.2423 | Load: 0.238
[OS:00260] TURBULENTO | Gap Cuántico: 0.2422 | Load: 0.243
[OS:00265] TURBULENTO | Gap Cuántico: 0.1954 | Load: 0.227
[OS:00270] TURBULENTO | Gap Cuántico: 0.1961 | Load: 0.231
[OS:00275] TURBULENTO | Gap Cuántico: 0.2054 | Load: 0.229
[OS:00280] TURBULENTO | Gap Cuántico: 0.2036 | Load: 0.230
[OS:00285] TURBULENTO | Gap Cuántico: 0.1893 | Load: 0.228
[OS:00290] TURBULENTO | Gap Cuántico: 0.2171 | Load: 0.237
[OS:00295] TURBULENTO | Gap Cuántico: 0.2116 | Load: 0.231
[OS:00300] TURBULENTO | Gap Cuántico: 0.1887 | Load: 0.233
[OS:00305] TURBULENTO | Gap Cuántico: 0.2112 | Load: 0.231
[OS:00310] TURBULENTO | Gap Cuántico: 0.2112 | Load: 0.230
[OS:00315] TURBULENTO | Gap Cuántico: 0.1894 | Load: 0.229
[OS:00320] TURBULENTO | Gap Cuántico: 0.1940 | Load: 0.233
[OS:00325] TURBULENTO | Gap Cuántico: 0.1796 | Load: 0.224
[OS:00330] TURBULENTO | Gap Cuántico: 0.1893 | Load: 0.228
[OS:00335] TURBULENTO | Gap Cuántico: 0.1939 | Load: 0.230
[OS:00340] TURBULENTO | Gap Cuántico: 0.1892 | Load: 0.232
[OS:00345] TURBULENTO | Gap Cuántico: 0.1836 | Load: 0.230
[OS:00350] TURBULENTO | Gap Cuántico: 0.2070 | Load: 0.222
[OS:00355] TURBULENTO | Gap Cuántico: 0.1879 | Load: 0.223
[OS:00360] TURBULENTO | Gap Cuántico: 0.1944 | Load: 0.228
[OS:00365] TURBULENTO | Gap Cuántico: 0.1860 | Load: 0.227
[OS:00370] TURBULENTO | Gap Cuántico: 0.2170 | Load: 0.228
[OS:00375] TURBULENTO | Gap Cuántico: 0.2130 | Load: 0.222
[OS:00380] TURBULENTO | Gap Cuántico: 0.2276 | Load: 0.234
[OS:00385] TURBULENTO | Gap Cuántico: 0.1896 | Load: 0.232
[OS:00390] TURBULENTO | Gap Cuántico: 0.2255 | Load: 0.228
[OS:00395] TURBULENTO | Gap Cuántico: 0.2417 | Load: 0.227
[OS:00400] TURBULENTO | Gap Cuántico: 0.2276 | Load: 0.231
[OS:00405] TURBULENTO | Gap Cuántico: 0.2062 | Load: 0.231
[OS:00410] TURBULENTO | Gap Cuántico: 0.2132 | Load: 0.236
[OS:00415] TURBULENTO | Gap Cuántico: 0.1761 | Load: 0.236
[OS:00420] TURBULENTO | Gap Cuántico: 0.1850 | Load: 0.237
[OS:00425] TURBULENTO | Gap Cuántico: 0.1846 | Load: 0.227
[OS:00430] TURBULENTO | Gap Cuántico: 0.2381 | Load: 0.227
[OS:00435] TURBULENTO | Gap Cuántico: 0.1891 | Load: 0.235
[OS:00440] TURBULENTO | Gap Cuántico: 0.1915 | Load: 0.230
[OS:00445] TURBULENTO | Gap Cuántico: 0.2146 | Load: 0.237
[OS:00450] TURBULENTO | Gap Cuántico: 0.2293 | Load: 0.233
[OS:00455] TURBULENTO | Gap Cuántico: 0.1939 | Load: 0.236
[OS:00460] TURBULENTO | Gap Cuántico: 0.2054 | Load: 0.231
[OS:00465] TURBULENTO | Gap Cuántico: 0.1916 | Load: 0.231
[OS:00470] TURBULENTO | Gap Cuántico: 0.2146 | Load: 0.233
[OS:00475] TURBULENTO | Gap Cuántico: 0.1790 | Load: 0.230
[OS:00480] TURBULENTO | Gap Cuántico: 0.2079 | Load: 0.224
[OS:00485] TURBULENTO | Gap Cuántico: 0.1949 | Load: 0.231
[OS:00490] TURBULENTO | Gap Cuántico: 0.1905 | Load: 0.238
[OS:00495] TURBULENTO | Gap Cuántico: 0.2155 | Load: 0.221
[OS:00500] TURBULENTO | Gap Cuántico: 0.2141 | Load: 0.226
[OS:00505] TURBULENTO | Gap Cuántico: 0.1716 | Load: 0.224
[OS:00510] TURBULENTO | Gap Cuántico: 0.2099 | Load: 0.224
[OS:00515] TURBULENTO | Gap Cuántico: 0.2042 | Load: 0.234
[OS:00520] TURBULENTO | Gap Cuántico: 0.2295 | Load: 0.230
[OS:00525] TURBULENTO | Gap Cuántico: 0.1888 | Load: 0.226
[OS:00530] TURBULENTO | Gap Cuántico: 0.1779 | Load: 0.221
[OS:00535] TURBULENTO | Gap Cuántico: 0.1774 | Load: 0.224
[OS:00540] TURBULENTO | Gap Cuántico: 0.1929 | Load: 0.229
[OS:00545] TURBULENTO | Gap Cuántico: 0.1911 | Load: 0.236
[OS:00550] TURBULENTO | Gap Cuántico: 0.1850 | Load: 0.230
[OS:00555] TURBULENTO | Gap Cuántico: 0.1885 | Load: 0.221
[OS:00560] TURBULENTO | Gap Cuántico: 0.2396 | Load: 0.226
[OS:00565] TURBULENTO | Gap Cuántico: 0.2030 | Load: 0.234
[OS:00570] TURBULENTO | Gap Cuántico: 0.1860 | Load: 0.222
[OS:00575] TURBULENTO | Gap Cuántico: 0.1861 | Load: 0.226
[OS:00580] TURBULENTO | Gap Cuántico: 0.2221 | Load: 0.231
[OS:00585] TURBULENTO | Gap Cuántico: 0.1946 | Load: 0.230
[OS:00590] TURBULENTO | Gap Cuántico: 0.1887 | Load: 0.232
[OS:00595] TURBULENTO | Gap Cuántico: 0.2138 | Load: 0.239
[OS:00600] TURBULENTO | Gap Cuántico: 0.1891 | Load: 0.233
[OS:00605] TURBULENTO | Gap Cuántico: 0.1940 | Load: 0.232
[OS:00610] TURBULENTO | Gap Cuántico: 0.1766 | Load: 0.231
[OS:00615] TURBULENTO | Gap Cuántico: 0.1885 | Load: 0.228
[OS:00620] TURBULENTO | Gap Cuántico: 0.1885 | Load: 0.231
[OS:00625] TURBULENTO | Gap Cuántico: 0.2155 | Load: 0.230
[OS:00630] TURBULENTO | Gap Cuántico: 0.1953 | Load: 0.228
[OS:00635] TURBULENTO | Gap Cuántico: 0.1876 | Load: 0.223
[OS:00640] TURBULENTO | Gap Cuántico: 0.2159 | Load: 0.231
[OS:00645] TURBULENTO | Gap Cuántico: 0.1753 | Load: 0.231
[OS:00650] TURBULENTO | Gap Cuántico: 0.2164 | Load: 0.230
[OS:00655] TURBULENTO | Gap Cuántico: 0.2168 | Load: 0.227
[OS:00660] TURBULENTO | Gap Cuántico: 0.1801 | Load: 0.225
[OS:00665] TURBULENTO | Gap Cuántico: 0.1759 | Load: 0.227
[OS:00670] TURBULENTO | Gap Cuántico: 0.1893 | Load: 0.232
[OS:00675] TURBULENTO | Gap Cuántico: 0.1881 | Load: 0.228
[OS:00680] TURBULENTO | Gap Cuántico: 0.2397 | Load: 0.232
[OS:00685] TURBULENTO | Gap Cuántico: 0.1879 | Load: 0.239
[OS:00690] TURBULENTO | Gap Cuántico: 0.1729 | Load: 0.236
[OS:00695] TURBULENTO | Gap Cuántico: 0.1856 | Load: 0.231
[OS:00700] TURBULENTO | Gap Cuántico: 0.1946 | Load: 0.227
[OS:00705] TURBULENTO | Gap Cuántico: 0.2194 | Load: 0.232
[OS:00710] TURBULENTO | Gap Cuántico: 0.2328 | Load: 0.224
[OS:00715] TURBULENTO | Gap Cuántico: 0.1892 | Load: 0.221
[OS:00720] TURBULENTO | Gap Cuántico: 0.2095 | Load: 0.238
[OS:00725] TURBULENTO | Gap Cuántico: 0.2416 | Load: 0.234
[OS:00730] TURBULENTO | Gap Cuántico: 0.1841 | Load: 0.231
[OS:00735] TURBULENTO | Gap Cuántico: 0.2108 | Load: 0.233
[OS:00740] TURBULENTO | Gap Cuántico: 0.2162 | Load: 0.226
[OS:00745] TURBULENTO | Gap Cuántico: 0.2172 | Load: 0.231
[OS:00750] TURBULENTO | Gap Cuántico: 0.1844 | Load: 0.222
[OS:00755] TURBULENTO | Gap Cuántico: 0.2112 | Load: 0.228
[OS:00760] TURBULENTO | Gap Cuántico: 0.2120 | Load: 0.233
[OS:00765] TURBULENTO | Gap Cuántico: 0.1801 | Load: 0.230
[OS:00770] TURBULENTO | Gap Cuántico: 0.2227 | Load: 0.236
[OS:00775] TURBULENTO | Gap Cuántico: 0.2005 | Load: 0.232
[OS:00780] TURBULENTO | Gap Cuántico: 0.1753 | Load: 0.223
[OS:00785] TURBULENTO | Gap Cuántico: 0.1951 | Load: 0.231
[OS:00790] TURBULENTO | Gap Cuántico: 0.1816 | Load: 0.225
[OS:00795] TURBULENTO | Gap Cuántico: 0.2221 | Load: 0.228
[OS:00800] TURBULENTO | Gap Cuántico: 0.2399 | Load: 0.236
[OS:00805] TURBULENTO | Gap Cuántico: 0.2231 | Load: 0.237
[OS:00810] TURBULENTO | Gap Cuántico: 0.2155 | Load: 0.231
[OS:00815] TURBULENTO | Gap Cuántico: 0.1883 | Load: 0.232
[OS:00820] TURBULENTO | Gap Cuántico: 0.2172 | Load: 0.235
[OS:00825] TURBULENTO | Gap Cuántico: 0.2181 | Load: 0.229
[OS:00830] TURBULENTO | Gap Cuántico: 0.2116 | Load: 0.230
[OS:00835] TURBULENTO | Gap Cuántico: 0.2414 | Load: 0.225
[OS:00840] TURBULENTO | Gap Cuántico: 0.2170 | Load: 0.241
[OS:00845] TURBULENTO | Gap Cuántico: 0.1857 | Load: 0.231
[OS:00850] TURBULENTO | Gap Cuántico: 0.1779 | Load: 0.238
[OS:00855] TURBULENTO | Gap Cuántico: 0.1819 | Load: 0.235
[OS:00860] TURBULENTO | Gap Cuántico: 0.2264 | Load: 0.231
[OS:00865] TURBULENTO | Gap Cuántico: 0.2423 | Load: 0.230
[OS:00870] TURBULENTO | Gap Cuántico: 0.2396 | Load: 0.228
[OS:00875] TURBULENTO | Gap Cuántico: 0.1797 | Load: 0.225
[OS:00880] TURBULENTO | Gap Cuántico: 0.1895 | Load: 0.230
[OS:00885] TURBULENTO | Gap Cuántico: 0.2284 | Load: 0.227
[OS:00890] TURBULENTO | Gap Cuántico: 0.2042 | Load: 0.228
[OS:00895] TURBULENTO | Gap Cuántico: 0.1755 | Load: 0.234
[OS:00900] TURBULENTO | Gap Cuántico: 0.2397 | Load: 0.236
[OS:00905] TURBULENTO | Gap Cuántico: 0.2130 | Load: 0.228
[OS:00910] TURBULENTO | Gap Cuántico: 0.1962 | Load: 0.233
[OS:00915] TURBULENTO | Gap Cuántico: 0.1756 | Load: 0.226
[OS:00920] TURBULENTO | Gap Cuántico: 0.1962 | Load: 0.232
[OS:00925] TURBULENTO | Gap Cuántico: 0.1863 | Load: 0.232
[OS:00930] TURBULENTO | Gap Cuántico: 0.1939 | Load: 0.229
[OS:00935] TURBULENTO | Gap Cuántico: 0.1763 | Load: 0.231
[OS:00940] TURBULENTO | Gap Cuántico: 0.1739 | Load: 0.231
[OS:00945] TURBULENTO | Gap Cuántico: 0.2345 | Load: 0.232
[OS:00950] TURBULENTO | Gap Cuántico: 0.2406 | Load: 0.237
[OS:00955] TURBULENTO | Gap Cuántico: 0.1961 | Load: 0.243
[OS:00960] TURBULENTO | Gap Cuántico: 0.1869 | Load: 0.240
[OS:00965] TURBULENTO | Gap Cuántico: 0.2031 | Load: 0.236
[OS:00970] TURBULENTO | Gap Cuántico: 0.2290 | Load: 0.235
[OS:00975] TURBULENTO | Gap Cuántico: 0.1883 | Load: 0.228
[OS:00980] TURBULENTO | Gap Cuántico: 0.1963 | Load: 0.237
[OS:00985] TURBULENTO | Gap Cuántico: 0.1739 | Load: 0.232
[OS:00990] TURBULENTO | Gap Cuántico: 0.2068 | Load: 0.235
[OS:00995] TURBULENTO | Gap Cuántico: 0.2138 | Load: 0.227
[OS:01000] TURBULENTO | Gap Cuántico: 0.1866 | Load: 0.229
[OS:01005] TURBULENTO | Gap Cuántico: 0.2413 | Load: 0.236
[OS:01010] TURBULENTO | Gap Cuántico: 0.1881 | Load: 0.230
[OS:01015] TURBULENTO | Gap Cuántico: 0.2423 | Load: 0.231
[OS:01020] TURBULENTO | Gap Cuántico: 0.1790 | Load: 0.231
[OS:01025] TURBULENTO | Gap Cuántico: 0.2422 | Load: 0.229
[OS:01030] TURBULENTO | Gap Cuántico: 0.1881 | Load: 0.227
[OS:01035] TURBULENTO | Gap Cuántico: 0.1823 | Load: 0.232
[OS:01040] TURBULENTO | Gap Cuántico: 0.1861 | Load: 0.228
[OS:01045] TURBULENTO | Gap Cuántico: 0.1927 | Load: 0.226
[OS:01050] TURBULENTO | Gap Cuántico: 0.2207 | Load: 0.233
[OS:01055] TURBULENTO | Gap Cuántico: 0.1848 | Load: 0.230
[OS:01060] TURBULENTO | Gap Cuántico: 0.1762 | Load: 0.223
[OS:01065] TURBULENTO | Gap Cuántico: 0.2379 | Load: 0.234
[OS:01070] TURBULENTO | Gap Cuántico: 0.1763 | Load: 0.232
[OS:01075] TURBULENTO | Gap Cuántico: 0.2138 | Load: 0.238
[OS:01080] TURBULENTO | Gap Cuántico: 0.2131 | Load: 0.237
[OS:01085] TURBULENTO | Gap Cuántico: 0.2293 | Load: 0.230
[OS:01090] TURBULENTO | Gap Cuántico: 0.2411 | Load: 0.229
[OS:01095] TURBULENTO | Gap Cuántico: 0.1823 | Load: 0.229
[OS:01100] TURBULENTO | Gap Cuántico: 0.2075 | Load: 0.230
[OS:01105] TURBULENTO | Gap Cuántico: 0.2309 | Load: 0.239
[OS:01110] TURBULENTO | Gap Cuántico: 0.2132 | Load: 0.235
[OS:01115] TURBULENTO | Gap Cuántico: 0.2201 | Load: 0.235
[OS:01120] TURBULENTO | Gap Cuántico: 0.1788 | Load: 0.225
[OS:01125] TURBULENTO | Gap Cuántico: 0.1763 | Load: 0.226
[OS:01130] TURBULENTO | Gap Cuántico: 0.2402 | Load: 0.230
[OS:01135] TURBULENTO | Gap Cuántico: 0.1763 | Load: 0.227
[OS:01140] TURBULENTO | Gap Cuántico: 0.2075 | Load: 0.229
[OS:01145] TURBULENTO | Gap Cuántico: 0.2080 | Load: 0.232
[OS:01150] TURBULENTO | Gap Cuántico: 0.1890 | Load: 0.224
[OS:01155] TURBULENTO | Gap Cuántico: 0.1975 | Load: 0.235
[OS:01160] TURBULENTO | Gap Cuántico: 0.2373 | Load: 0.239
[OS:01165] TURBULENTO | Gap Cuántico: 0.1773 | Load: 0.232
[OS:01170] TURBULENTO | Gap Cuántico: 0.2364 | Load: 0.224
[OS:01175] TURBULENTO | Gap Cuántico: 0.2059 | Load: 0.231
[OS:01180] TURBULENTO | Gap Cuántico: 0.2158 | Load: 0.232
[OS:01185] TURBULENTO | Gap Cuántico: 0.1935 | Load: 0.235
[OS:01190] TURBULENTO | Gap Cuántico: 0.1872 | Load: 0.236
[OS:01195] TURBULENTO | Gap Cuántico: 0.2280 | Load: 0.233
[OS:01200] TURBULENTO | Gap Cuántico: 0.2042 | Load: 0.233
[OS:01205] TURBULENTO | Gap Cuántico: 0.1755 | Load: 0.229
[OS:01210] TURBULENTO | Gap Cuántico: 0.1879 | Load: 0.231
[OS:01215] TURBULENTO | Gap Cuántico: 0.2048 | Load: 0.230
[OS:01220] TURBULENTO | Gap Cuántico: 0.2147 | Load: 0.227
[OS:01225] TURBULENTO | Gap Cuántico: 0.2146 | Load: 0.226
[OS:01230] TURBULENTO | Gap Cuántico: 0.1767 | Load: 0.229
[OS:01235] TURBULENTO | Gap Cuántico: 0.1853 | Load: 0.227
[OS:01240] TURBULENTO | Gap Cuántico: 0.2344 | Load: 0.233
[OS:01245] TURBULENTO | Gap Cuántico: 0.2075 | Load: 0.238
[OS:01250] TURBULENTO | Gap Cuántico: 0.2116 | Load: 0.232
[OS:01255] TURBULENTO | Gap Cuántico: 0.1782 | Load: 0.234
[OS:01260] TURBULENTO | Gap Cuántico: 0.2421 | Load: 0.235
[OS:01265] TURBULENTO | Gap Cuántico: 0.2361 | Load: 0.234
[OS:01270] TURBULENTO | Gap Cuántico: 0.2090 | Load: 0.227
[OS:01275] TURBULENTO | Gap Cuántico: 0.1960 | Load: 0.229
[OS:01280] TURBULENTO | Gap Cuántico: 0.2140 | Load: 0.222
[OS:01285] TURBULENTO | Gap Cuántico: 0.1860 | Load: 0.232
[OS:01290] TURBULENTO | Gap Cuántico: 0.1739 | Load: 0.229
[OS:01295] TURBULENTO | Gap Cuántico: 0.2404 | Load: 0.221
[OS:01300] TURBULENTO | Gap Cuántico: 0.2303 | Load: 0.224
[OS:01305] TURBULENTO | Gap Cuántico: 0.2423 | Load: 0.229
[OS:01310] TURBULENTO | Gap Cuántico: 0.1763 | Load: 0.233
[OS:01315] TURBULENTO | Gap Cuántico: 0.1978 | Load: 0.236
[OS:01320] TURBULENTO | Gap Cuántico: 0.2411 | Load: 0.230
[OS:01325] TURBULENTO | Gap Cuántico: 0.1893 | Load: 0.226
[OS:01330] TURBULENTO | Gap Cuántico: 0.1960 | Load: 0.221
[OS:01335] TURBULENTO | Gap Cuántico: 0.1887 | Load: 0.224
[OS:01340] TURBULENTO | Gap Cuántico: 0.2095 | Load: 0.230
[OS:01345] TURBULENTO | Gap Cuántico: 0.1768 | Load: 0.229
[OS:01350] TURBULENTO | Gap Cuántico: 0.1762 | Load: 0.233
[OS:01355] TURBULENTO | Gap Cuántico: 0.1889 | Load: 0.229
[OS:01360] TURBULENTO | Gap Cuántico: 0.1889 | Load: 0.232
[OS:01365] TURBULENTO | Gap Cuántico: 0.2068 | Load: 0.235
[OS:01370] TURBULENTO | Gap Cuántico: 0.2268 | Load: 0.232
[OS:01375] TURBULENTO | Gap Cuántico: 0.1971 | Load: 0.230
[OS:01380] TURBULENTO | Gap Cuántico: 0.1844 | Load: 0.235
[OS:01385] TURBULENTO | Gap Cuántico: 0.1951 | Load: 0.225
[OS:01390] TURBULENTO | Gap Cuántico: 0.1893 | Load: 0.229
[OS:01395] TURBULENTO | Gap Cuántico: 0.1863 | Load: 0.226
[OS:01400] TURBULENTO | Gap Cuántico: 0.1773 | Load: 0.228
[OS:01405] TURBULENTO | Gap Cuántico: 0.1748 | Load: 0.229
[OS:01410] TURBULENTO | Gap Cuántico: 0.1823 | Load: 0.224
[OS:01415] TURBULENTO | Gap Cuántico: 0.1759 | Load: 0.221
[OS:01420] TURBULENTO | Gap Cuántico: 0.2073 | Load: 0.219
[OS:01425] TURBULENTO | Gap Cuántico: 0.1957 | Load: 0.224
[OS:01430] TURBULENTO | Gap Cuántico: 0.1904 | Load: 0.234
[OS:01435] TURBULENTO | Gap Cuántico: 0.1773 | Load: 0.232
[OS:01440] TURBULENTO | Gap Cuántico: 0.2062 | Load: 0.231
[OS:01445] TURBULENTO | Gap Cuántico: 0.1909 | Load: 0.227
[OS:01450] TURBULENTO | Gap Cuántico: 0.2273 | Load: 0.232
[OS:01455] TURBULENTO | Gap Cuántico: 0.1999 | Load: 0.235
[OS:01460] TURBULENTO | Gap Cuántico: 0.1739 | Load: 0.229
[OS:01465] TURBULENTO | Gap Cuántico: 0.1998 | Load: 0.224
[OS:01470] TURBULENTO | Gap Cuántico: 0.2137 | Load: 0.230
[OS:01475] TURBULENTO | Gap Cuántico: 0.2374 | Load: 0.230
[OS:01480] TURBULENTO | Gap Cuántico: 0.1902 | Load: 0.220
[OS:01485] TURBULENTO | Gap Cuántico: 0.2276 | Load: 0.229
[OS:01490] TURBULENTO | Gap Cuántico: 0.2283 | Load: 0.238
[OS:01495] TURBULENTO | Gap Cuántico: 0.1889 | Load: 0.226
[OS:01500] TURBULENTO | Gap Cuántico: 0.2322 | Load: 0.225
[OS:01505] TURBULENTO | Gap Cuántico: 0.1716 | Load: 0.221
[OS:01510] TURBULENTO | Gap Cuántico: 0.2171 | Load: 0.218
[OS:01515] TURBULENTO | Gap Cuántico: 0.1961 | Load: 0.230
[OS:01520] TURBULENTO | Gap Cuántico: 0.2328 | Load: 0.231
[OS:01525] TURBULENTO | Gap Cuántico: 0.1854 | Load: 0.224
[OS:01530] TURBULENTO | Gap Cuántico: 0.2116 | Load: 0.228
[OS:01535] TURBULENTO | Gap Cuántico: 0.2208 | Load: 0.236
[OS:01540] TURBULENTO | Gap Cuántico: 0.2168 | Load: 0.225
[OS:01545] TURBULENTO | Gap Cuántico: 0.2159 | Load: 0.231
[OS:01550] TURBULENTO | Gap Cuántico: 0.2424 | Load: 0.228
[OS:01555] TURBULENTO | Gap Cuántico: 0.1961 | Load: 0.230
[OS:01560] TURBULENTO | Gap Cuántico: 0.2094 | Load: 0.230
[OS:01565] TURBULENTO | Gap Cuántico: 0.1837 | Load: 0.234
[OS:01570] TURBULENTO | Gap Cuántico: 0.1836 | Load: 0.240
[OS:01575] TURBULENTO | Gap Cuántico: 0.2120 | Load: 0.235
[OS:01580] TURBULENTO | Gap Cuántico: 0.2365 | Load: 0.225
[OS:01585] TURBULENTO | Gap Cuántico: 0.2221 | Load: 0.229
[OS:01590] TURBULENTO | Gap Cuántico: 0.2116 | Load: 0.231
[OS:01595] TURBULENTO | Gap Cuántico: 0.2170 | Load: 0.227
[OS:01600] TURBULENTO | Gap Cuántico: 0.2262 | Load: 0.238
[OS:01605] TURBULENTO | Gap Cuántico: 0.2160 | Load: 0.236
[OS:01610] TURBULENTO | Gap Cuántico: 0.2135 | Load: 0.230
[OS:01615] TURBULENTO | Gap Cuántico: 0.2424 | Load: 0.231
[OS:01620] TURBULENTO | Gap Cuántico: 0.1955 | Load: 0.233
[OS:01625] TURBULENTO | Gap Cuántico: 0.1940 | Load: 0.231
[OS:01630] TURBULENTO | Gap Cuántico: 0.1923 | Load: 0.230
[OS:01635] TURBULENTO | Gap Cuántico: 0.2112 | Load: 0.229
[OS:01640] TURBULENTO | Gap Cuántico: 0.1785 | Load: 0.228
[OS:01645] TURBULENTO | Gap Cuántico: 0.2171 | Load: 0.231
[OS:01650] TURBULENTO | Gap Cuántico: 0.1894 | Load: 0.236
[OS:01655] TURBULENTO | Gap Cuántico: 0.1763 | Load: 0.231
[OS:01660] TURBULENTO | Gap Cuántico: 0.1857 | Load: 0.232
[OS:01665] TURBULENTO | Gap Cuántico: 0.1962 | Load: 0.232
[OS:01670] TURBULENTO | Gap Cuántico: 0.2168 | Load: 0.232
[OS:01675] TURBULENTO | Gap Cuántico: 0.1950 | Load: 0.234
[OS:01680] TURBULENTO | Gap Cuántico: 0.1950 | Load: 0.233
[OS:01685] TURBULENTO | Gap Cuántico: 0.1879 | Load: 0.223
[OS:01690] TURBULENTO | Gap Cuántico: 0.2089 | Load: 0.232
[OS:01695] TURBULENTO | Gap Cuántico: 0.1715 | Load: 0.227
[OS:01700] TURBULENTO | Gap Cuántico: 0.2369 | Load: 0.228
[OS:01705] TURBULENTO | Gap Cuántico: 0.1819 | Load: 0.225
[OS:01710] TURBULENTO | Gap Cuántico: 0.2276 | Load: 0.227
[OS:01715] TURBULENTO | Gap Cuántico: 0.2167 | Load: 0.227
[OS:01720] TURBULENTO | Gap Cuántico: 0.1756 | Load: 0.234
[OS:01725] TURBULENTO | Gap Cuántico: 0.1842 | Load: 0.223
[OS:01730] TURBULENTO | Gap Cuántico: 0.2415 | Load: 0.230
[OS:01735] TURBULENTO | Gap Cuántico: 0.2145 | Load: 0.233
[OS:01740] TURBULENTO | Gap Cuántico: 0.1870 | Load: 0.227
[OS:01745] TURBULENTO | Gap Cuántico: 0.2262 | Load: 0.227
[OS:01750] TURBULENTO | Gap Cuántico: 0.1731 | Load: 0.232
[OS:01755] TURBULENTO | Gap Cuántico: 0.1951 | Load: 0.230
[OS:01760] TURBULENTO | Gap Cuántico: 0.1915 | Load: 0.228
[OS:01765] TURBULENTO | Gap Cuántico: 0.2097 | Load: 0.223
[OS:01770] TURBULENTO | Gap Cuántico: 0.1893 | Load: 0.223
[OS:01775] TURBULENTO | Gap Cuántico: 0.2414 | Load: 0.236
[OS:01780] TURBULENTO | Gap Cuántico: 0.2116 | Load: 0.227
[OS:01785] TURBULENTO | Gap Cuántico: 0.1837 | Load: 0.230
[OS:01790] TURBULENTO | Gap Cuántico: 0.1939 | Load: 0.228
[OS:01795] TURBULENTO | Gap Cuántico: 0.1891 | Load: 0.233
[OS:01800] TURBULENTO | Gap Cuántico: 0.1781 | Load: 0.232
[OS:01805] TURBULENTO | Gap Cuántico: 0.2079 | Load: 0.229
[OS:01810] TURBULENTO | Gap Cuántico: 0.1893 | Load: 0.226
[OS:01815] TURBULENTO | Gap Cuántico: 0.1781 | Load: 0.218
[OS:01820] TURBULENTO | Gap Cuántico: 0.1950 | Load: 0.227
[OS:01825] TURBULENTO | Gap Cuántico: 0.2422 | Load: 0.233
[OS:01830] TURBULENTO | Gap Cuántico: 0.2112 | Load: 0.235
[OS:01835] TURBULENTO | Gap Cuántico: 0.1850 | Load: 0.226
[OS:01840] TURBULENTO | Gap Cuántico: 0.2420 | Load: 0.233
[OS:01845] TURBULENTO | Gap Cuántico: 0.2350 | Load: 0.227
[OS:01850] TURBULENTO | Gap Cuántico: 0.2276 | Load: 0.227
[OS:01855] TURBULENTO | Gap Cuántico: 0.2295 | Load: 0.232
[OS:01860] TURBULENTO | Gap Cuántico: 0.1757 | Load: 0.232
[OS:01865] TURBULENTO | Gap Cuántico: 0.1766 | Load: 0.228
[OS:01870] TURBULENTO | Gap Cuántico: 0.2112 | Load: 0.230
[OS:01875] TURBULENTO | Gap Cuántico: 0.1764 | Load: 0.233
[OS:01880] TURBULENTO | Gap Cuántico: 0.2422 | Load: 0.225
[OS:01885] TURBULENTO | Gap Cuántico: 0.1845 | Load: 0.229
[OS:01890] TURBULENTO | Gap Cuántico: 0.2031 | Load: 0.235
[OS:01895] TURBULENTO | Gap Cuántico: 0.1813 | Load: 0.232
[OS:01900] TURBULENTO | Gap Cuántico: 0.1946 | Load: 0.226
[OS:01905] TURBULENTO | Gap Cuántico: 0.2396 | Load: 0.234
[OS:01910] TURBULENTO | Gap Cuántico: 0.2094 | Load: 0.230
[OS:01915] TURBULENTO | Gap Cuántico: 0.1940 | Load: 0.242
[OS:01920] TURBULENTO | Gap Cuántico: 0.1760 | Load: 0.238
[OS:01925] TURBULENTO | Gap Cuántico: 0.2355 | Load: 0.232
[OS:01930] TURBULENTO | Gap Cuántico: 0.1923 | Load: 0.226
[OS:01935] TURBULENTO | Gap Cuántico: 0.2361 | Load: 0.231
[OS:01940] TURBULENTO | Gap Cuántico: 0.1760 | Load: 0.225
[OS:01945] TURBULENTO | Gap Cuántico: 0.2131 | Load: 0.220
[OS:01950] TURBULENTO | Gap Cuántico: 0.2171 | Load: 0.224
[OS:01955] TURBULENTO | Gap Cuántico: 0.2385 | Load: 0.238
[OS:01960] TURBULENTO | Gap Cuántico: 0.1753 | Load: 0.231
[OS:01965] TURBULENTO | Gap Cuántico: 0.2283 | Load: 0.226
[OS:01970] TURBULENTO | Gap Cuántico: 0.2424 | Load: 0.224
[OS:01975] TURBULENTO | Gap Cuántico: 0.2163 | Load: 0.231
[OS:01980] TURBULENTO | Gap Cuántico: 0.1975 | Load: 0.226
[OS:01985] TURBULENTO | Gap Cuántico: 0.1861 | Load: 0.236
[OS:01990] TURBULENTO | Gap Cuántico: 0.1755 | Load: 0.232
[OS:01995] TURBULENTO | Gap Cuántico: 0.1942 | Load: 0.227
[OS:02000] TURBULENTO | Gap Cuántico: 0.2411 | Load: 0.240
[OS:02005] TURBULENTO | Gap Cuántico: 0.1818 | Load: 0.230
[OS:02010] TURBULENTO | Gap Cuántico: 0.2164 | Load: 0.229
[OS:02015] TURBULENTO | Gap Cuántico: 0.2392 | Load: 0.219
[OS:02020] TURBULENTO | Gap Cuántico: 0.1854 | Load: 0.224
[OS:02025] TURBULENTO | Gap Cuántico: 0.2316 | Load: 0.233
[OS:02030] TURBULENTO | Gap Cuántico: 0.2067 | Load: 0.231
[OS:02035] TURBULENTO | Gap Cuántico: 0.2168 | Load: 0.233
[OS:02040] TURBULENTO | Gap Cuántico: 0.1956 | Load: 0.231
[OS:02045] TURBULENTO | Gap Cuántico: 0.2389 | Load: 0.234
[OS:02050] TURBULENTO | Gap Cuántico: 0.1831 | Load: 0.238
[OS:02055] TURBULENTO | Gap Cuántico: 0.1859 | Load: 0.228
[OS:02060] TURBULENTO | Gap Cuántico: 0.2163 | Load: 0.232
[OS:02065] TURBULENTO | Gap Cuántico: 0.2227 | Load: 0.223
[OS:02070] TURBULENTO | Gap Cuántico: 0.1837 | Load: 0.222
[OS:02075] TURBULENTO | Gap Cuántico: 0.2316 | Load: 0.229
[OS:02080] TURBULENTO | Gap Cuántico: 0.1708 | Load: 0.222
[OS:02085] TURBULENTO | Gap Cuántico: 0.2293 | Load: 0.232
[OS:02090] TURBULENTO | Gap Cuántico: 0.1955 | Load: 0.221
[OS:02095] TURBULENTO | Gap Cuántico: 0.2159 | Load: 0.226
[OS:02100] TURBULENTO | Gap Cuántico: 0.1959 | Load: 0.226
[OS:02105] TURBULENTO | Gap Cuántico: 0.2169 | Load: 0.232
[OS:02110] TURBULENTO | Gap Cuántico: 0.1885 | Load: 0.232
[OS:02115] TURBULENTO | Gap Cuántico: 0.1913 | Load: 0.223
[OS:02120] TURBULENTO | Gap Cuántico: 0.1951 | Load: 0.221
[OS:02125] TURBULENTO | Gap Cuántico: 0.2150 | Load: 0.229
[OS:02130] TURBULENTO | Gap Cuántico: 0.1998 | Load: 0.237
[OS:02135] TURBULENTO | Gap Cuántico: 0.1753 | Load: 0.230
[OS:02140] TURBULENTO | Gap Cuántico: 0.1942 | Load: 0.233
[OS:02145] TURBULENTO | Gap Cuántico: 0.2168 | Load: 0.234
[OS:02150] TURBULENTO | Gap Cuántico: 0.1837 | Load: 0.227
[OS:02155] TURBULENTO | Gap Cuántico: 0.1898 | Load: 0.224
[OS:02160] TURBULENTO | Gap Cuántico: 0.1885 | Load: 0.221
[OS:02165] TURBULENTO | Gap Cuántico: 0.2005 | Load: 0.226
[OS:02170] TURBULENTO | Gap Cuántico: 0.1932 | Load: 0.223
[OS:02175] TURBULENTO | Gap Cuántico: 0.1823 | Load: 0.234
[OS:02180] TURBULENTO | Gap Cuántico: 0.1788 | Load: 0.228
[OS:02185] TURBULENTO | Gap Cuántico: 0.1773 | Load: 0.225
[OS:02190] TURBULENTO | Gap Cuántico: 0.1742 | Load: 0.233
[OS:02195] TURBULENTO | Gap Cuántico: 0.2381 | Load: 0.231
[OS:02200] TURBULENTO | Gap Cuántico: 0.1998 | Load: 0.233
[OS:02205] TURBULENTO | Gap Cuántico: 0.1774 | Load: 0.236
[OS:02210] TURBULENTO | Gap Cuántico: 0.1883 | Load: 0.225
[OS:02215] TURBULENTO | Gap Cuántico: 0.1761 | Load: 0.228
[OS:02220] TURBULENTO | Gap Cuántico: 0.2107 | Load: 0.232
[OS:02225] TURBULENTO | Gap Cuántico: 0.1724 | Load: 0.233
[OS:02230] TURBULENTO | Gap Cuántico: 0.1813 | Load: 0.225
[OS:02235] TURBULENTO | Gap Cuántico: 0.1722 | Load: 0.232
[OS:02240] TURBULENTO | Gap Cuántico: 0.2392 | Load: 0.237
[OS:02245] TURBULENTO | Gap Cuántico: 0.1935 | Load: 0.234
[OS:02250] TURBULENTO | Gap Cuántico: 0.1877 | Load: 0.228
[OS:02255] TURBULENTO | Gap Cuántico: 0.2120 | Load: 0.230
[OS:02260] TURBULENTO | Gap Cuántico: 0.1957 | Load: 0.230
[OS:02265] TURBULENTO | Gap Cuántico: 0.2031 | Load: 0.233
[OS:02270] TURBULENTO | Gap Cuántico: 0.1846 | Load: 0.229
[OS:02275] TURBULENTO | Gap Cuántico: 0.2297 | Load: 0.230
[OS:02280] TURBULENTO | Gap Cuántico: 0.1823 | Load: 0.228
[OS:02285] TURBULENTO | Gap Cuántico: 0.2280 | Load: 0.239
[OS:02290] TURBULENTO | Gap Cuántico: 0.1880 | Load: 0.229
[OS:02295] TURBULENTO | Gap Cuántico: 0.1908 | Load: 0.229
[OS:02300] TURBULENTO | Gap Cuántico: 0.1963 | Load: 0.237
[OS:02305] TURBULENTO | Gap Cuántico: 0.1892 | Load: 0.234
[OS:02310] TURBULENTO | Gap Cuántico: 0.2287 | Load: 0.233
[OS:02315] TURBULENTO | Gap Cuántico: 0.1829 | Load: 0.227
[OS:02320] TURBULENTO | Gap Cuántico: 0.1816 | Load: 0.223
[OS:02325] TURBULENTO | Gap Cuántico: 0.2328 | Load: 0.224
[OS:02330] TURBULENTO | Gap Cuántico: 0.1885 | Load: 0.233
[OS:02335] TURBULENTO | Gap Cuántico: 0.1894 | Load: 0.234
[OS:02340] TURBULENTO | Gap Cuántico: 0.2369 | Load: 0.241
[OS:02345] TURBULENTO | Gap Cuántico: 0.1963 | Load: 0.231
[OS:02350] TURBULENTO | Gap Cuántico: 0.2223 | Load: 0.236
[OS:02355] TURBULENTO | Gap Cuántico: 0.2166 | Load: 0.232
[OS:02360] TURBULENTO | Gap Cuántico: 0.1877 | Load: 0.228
[OS:02365] TURBULENTO | Gap Cuántico: 0.1892 | Load: 0.222
[OS:02370] TURBULENTO | Gap Cuántico: 0.1958 | Load: 0.223
[OS:02375] TURBULENTO | Gap Cuántico: 0.2116 | Load: 0.226
[OS:02380] TURBULENTO | Gap Cuántico: 0.1853 | Load: 0.228
[OS:02385] TURBULENTO | Gap Cuántico: 0.2163 | Load: 0.234
[OS:02390] TURBULENTO | Gap Cuántico: 0.1763 | Load: 0.235
[OS:02395] TURBULENTO | Gap Cuántico: 0.1700 | Load: 0.233
[OS:02400] TURBULENTO | Gap Cuántico: 0.1956 | Load: 0.232
[OS:02405] TURBULENTO | Gap Cuántico: 0.2167 | Load: 0.232
[OS:02410] TURBULENTO | Gap Cuántico: 0.1925 | Load: 0.234
[OS:02415] TURBULENTO | Gap Cuántico: 0.1932 | Load: 0.238
[OS:02420] TURBULENTO | Gap Cuántico: 0.1961 | Load: 0.229
[OS:02425] TURBULENTO | Gap Cuántico: 0.1761 | Load: 0.234
[OS:02430] TURBULENTO | Gap Cuántico: 0.2365 | Load: 0.238
[OS:02435] TURBULENTO | Gap Cuántico: 0.1958 | Load: 0.232
[OS:02440] TURBULENTO | Gap Cuántico: 0.1959 | Load: 0.230
[OS:02445] TURBULENTO | Gap Cuántico: 0.1823 | Load: 0.229
[OS:02450] TURBULENTO | Gap Cuántico: 0.2146 | Load: 0.231
[OS:02455] TURBULENTO | Gap Cuántico: 0.1925 | Load: 0.224
[OS:02460] TURBULENTO | Gap Cuántico: 0.1935 | Load: 0.226
[OS:02465] TURBULENTO | Gap Cuántico: 0.2099 | Load: 0.239
[OS:02470] TURBULENTO | Gap Cuántico: 0.1841 | Load: 0.231
[OS:02475] TURBULENTO | Gap Cuántico: 0.1941 | Load: 0.229
[OS:02480] TURBULENTO | Gap Cuántico: 0.1889 | Load: 0.233
[OS:02485] TURBULENTO | Gap Cuántico: 0.1755 | Load: 0.230
[OS:02490] TURBULENTO | Gap Cuántico: 0.2255 | Load: 0.230
[OS:02495] TURBULENTO | Gap Cuántico: 0.2406 | Load: 0.233
[OS:02500] TURBULENTO | Gap Cuántico: 0.2287 | Load: 0.230
[OS:02505] TURBULENTO | Gap Cuántico: 0.2138 | Load: 0.230
[OS:02510] TURBULENTO | Gap Cuántico: 0.2159 | Load: 0.231
[OS:02515] TURBULENTO | Gap Cuántico: 0.1894 | Load: 0.235
[OS:02520] TURBULENTO | Gap Cuántico: 0.1903 | Load: 0.235
[OS:02525] TURBULENTO | Gap Cuántico: 0.1848 | Load: 0.237
[OS:02530] TURBULENTO | Gap Cuántico: 0.1821 | Load: 0.229
[OS:02535] TURBULENTO | Gap Cuántico: 0.1908 | Load: 0.228
[OS:02540] TURBULENTO | Gap Cuántico: 0.1708 | Load: 0.228
[OS:02545] TURBULENTO | Gap Cuántico: 0.1715 | Load: 0.229
[OS:02550] TURBULENTO | Gap Cuántico: 0.2359 | Load: 0.227
[OS:02555] TURBULENTO | Gap Cuántico: 0.2390 | Load: 0.231
[OS:02560] TURBULENTO | Gap Cuántico: 0.1902 | Load: 0.229
[OS:02565] TURBULENTO | Gap Cuántico: 0.1848 | Load: 0.233
[OS:02570] TURBULENTO | Gap Cuántico: 0.2048 | Load: 0.232
[OS:02575] TURBULENTO | Gap Cuántico: 0.2374 | Load: 0.234
[OS:02580] TURBULENTO | Gap Cuántico: 0.1962 | Load: 0.228
[OS:02585] TURBULENTO | Gap Cuántico: 0.1956 | Load: 0.220
[OS:02590] TURBULENTO | Gap Cuántico: 0.1942 | Load: 0.224
[OS:02595] TURBULENTO | Gap Cuántico: 0.1747 | Load: 0.229
[OS:02600] TURBULENTO | Gap Cuántico: 0.1863 | Load: 0.230
[OS:02605] TURBULENTO | Gap Cuántico: 0.1763 | Load: 0.226
[OS:02610] TURBULENTO | Gap Cuántico: 0.2112 | Load: 0.224
[OS:02615] TURBULENTO | Gap Cuántico: 0.1767 | Load: 0.232
[OS:02620] TURBULENTO | Gap Cuántico: 0.2131 | Load: 0.222
[OS:02625] TURBULENTO | Gap Cuántico: 0.1873 | Load: 0.221
[OS:02630] TURBULENTO | Gap Cuántico: 0.2316 | Load: 0.229
[OS:02635] TURBULENTO | Gap Cuántico: 0.1905 | Load: 0.226
[OS:02640] TURBULENTO | Gap Cuántico: 0.1887 | Load: 0.224
[OS:02645] TURBULENTO | Gap Cuántico: 0.2287 | Load: 0.236
[OS:02650] TURBULENTO | Gap Cuántico: 0.2048 | Load: 0.229
[OS:02655] TURBULENTO | Gap Cuántico: 0.1936 | Load: 0.235
[OS:02660] TURBULENTO | Gap Cuántico: 0.2290 | Load: 0.230
[OS:02665] TURBULENTO | Gap Cuántico: 0.2290 | Load: 0.228
[OS:02670] TURBULENTO | Gap Cuántico: 0.1961 | Load: 0.228
[OS:02675] TURBULENTO | Gap Cuántico: 0.2131 | Load: 0.233
[OS:02680] TURBULENTO | Gap Cuántico: 0.1840 | Load: 0.229
[OS:02685] TURBULENTO | Gap Cuántico: 0.2124 | Load: 0.229
[OS:02690] TURBULENTO | Gap Cuántico: 0.2073 | Load: 0.235
[OS:02695] TURBULENTO | Gap Cuántico: 0.2080 | Load: 0.230
[OS:02700] TURBULENTO | Gap Cuántico: 0.2145 | Load: 0.232
[OS:02705] TURBULENTO | Gap Cuántico: 0.1763 | Load: 0.221
[OS:02710] TURBULENTO | Gap Cuántico: 0.2087 | Load: 0.229
[OS:02715] TURBULENTO | Gap Cuántico: 0.1816 | Load: 0.231
[OS:02720] TURBULENTO | Gap Cuántico: 0.1961 | Load: 0.222
[OS:02725] TURBULENTO | Gap Cuántico: 0.2068 | Load: 0.222
[OS:02730] TURBULENTO | Gap Cuántico: 0.2075 | Load: 0.232
[OS:02735] TURBULENTO | Gap Cuántico: 0.1863 | Load: 0.217
[OS:02740] TURBULENTO | Gap Cuántico: 0.1875 | Load: 0.236
[OS:02745] TURBULENTO | Gap Cuántico: 0.2403 | Load: 0.241
[OS:02750] TURBULENTO | Gap Cuántico: 0.1840 | Load: 0.236
[OS:02755] TURBULENTO | Gap Cuántico: 0.2140 | Load: 0.227
[OS:02760] TURBULENTO | Gap Cuántico: 0.2090 | Load: 0.230
[OS:02765] TURBULENTO | Gap Cuántico: 0.1880 | Load: 0.228
[OS:02770] TURBULENTO | Gap Cuántico: 0.2162 | Load: 0.230
[OS:02775] TURBULENTO | Gap Cuántico: 0.2138 | Load: 0.232
[OS:02780] TURBULENTO | Gap Cuántico: 0.1866 | Load: 0.230
[OS:02785] TURBULENTO | Gap Cuántico: 0.2227 | Load: 0.229
[OS:02790] TURBULENTO | Gap Cuántico: 0.2273 | Load: 0.229
[OS:02795] TURBULENTO | Gap Cuántico: 0.1748 | Load: 0.230
[OS:02800] TURBULENTO | Gap Cuántico: 0.1919 | Load: 0.233
[OS:02805] TURBULENTO | Gap Cuántico: 0.2073 | Load: 0.232
[OS:02810] TURBULENTO | Gap Cuántico: 0.1956 | Load: 0.232
[OS:02815] TURBULENTO | Gap Cuántico: 0.1849 | Load: 0.234
[OS:02820] TURBULENTO | Gap Cuántico: 0.2344 | Load: 0.235
[OS:02825] TURBULENTO | Gap Cuántico: 0.1836 | Load: 0.229
[OS:02830] TURBULENTO | Gap Cuántico: 0.2079 | Load: 0.228
[OS:02835] TURBULENTO | Gap Cuántico: 0.1750 | Load: 0.229
[OS:02840] TURBULENTO | Gap Cuántico: 0.2054 | Load: 0.230
[OS:02845] TURBULENTO | Gap Cuántico: 0.2172 | Load: 0.225
[OS:02850] TURBULENTO | Gap Cuántico: 0.2059 | Load: 0.229
[OS:02855] TURBULENTO | Gap Cuántico: 0.1923 | Load: 0.224
[OS:02860] TURBULENTO | Gap Cuántico: 0.1849 | Load: 0.222
[OS:02865] TURBULENTO | Gap Cuántico: 0.2322 | Load: 0.226
[OS:02870] TURBULENTO | Gap Cuántico: 0.2356 | Load: 0.221
[OS:02875] TURBULENTO | Gap Cuántico: 0.2131 | Load: 0.224
[OS:02880] TURBULENTO | Gap Cuántico: 0.2344 | Load: 0.228
[OS:02885] TURBULENTO | Gap Cuántico: 0.1762 | Load: 0.229
[OS:02890] TURBULENTO | Gap Cuántico: 0.2104 | Load: 0.234
[OS:02895] TURBULENTO | Gap Cuántico: 0.1892 | Load: 0.236
[OS:02900] TURBULENTO | Gap Cuántico: 0.1957 | Load: 0.232
[OS:02905] TURBULENTO | Gap Cuántico: 0.2390 | Load: 0.233
[OS:02910] TURBULENTO | Gap Cuántico: 0.2128 | Load: 0.230
[OS:02915] TURBULENTO | Gap Cuántico: 0.2171 | Load: 0.233
[OS:02920] TURBULENTO | Gap Cuántico: 0.1935 | Load: 0.220
[OS:02925] TURBULENTO | Gap Cuántico: 0.2067 | Load: 0.231
[OS:02930] TURBULENTO | Gap Cuántico: 0.1779 | Load: 0.222
[OS:02935] TURBULENTO | Gap Cuántico: 0.1946 | Load: 0.228
[OS:02940] TURBULENTO | Gap Cuántico: 0.2340 | Load: 0.232
[OS:02945] TURBULENTO | Gap Cuántico: 0.1953 | Load: 0.224
[OS:02950] TURBULENTO | Gap Cuántico: 0.1958 | Load: 0.222
[OS:02955] TURBULENTO | Gap Cuántico: 0.2009 | Load: 0.233
[OS:02960] TURBULENTO | Gap Cuántico: 0.1876 | Load: 0.230
[OS:02965] TURBULENTO | Gap Cuántico: 0.1801 | Load: 0.227
[OS:02970] TURBULENTO | Gap Cuántico: 0.2239 | Load: 0.230
[OS:02975] TURBULENTO | Gap Cuántico: 0.1835 | Load: 0.234
[OS:02980] TURBULENTO | Gap Cuántico: 0.1861 | Load: 0.233
[OS:02985] TURBULENTO | Gap Cuántico: 0.1960 | Load: 0.231
[OS:02990] TURBULENTO | Gap Cuántico: 0.1842 | Load: 0.222
[OS:02995] TURBULENTO | Gap Cuántico: 0.2090 | Load: 0.230
[OS:03000] TURBULENTO | Gap Cuántico: 0.1926 | Load: 0.230
[OS:03005] TURBULENTO | Gap Cuántico: 0.1894 | Load: 0.233
[OS:03010] TURBULENTO | Gap Cuántico: 0.1825 | Load: 0.226
[OS:03015] TURBULENTO | Gap Cuántico: 0.1962 | Load: 0.219
[OS:03020] TURBULENTO | Gap Cuántico: 0.2132 | Load: 0.229
[OS:03025] TURBULENTO | Gap Cuántico: 0.2416 | Load: 0.238
[OS:03030] TURBULENTO | Gap Cuántico: 0.1913 | Load: 0.231
[OS:03035] TURBULENTO | Gap Cuántico: 0.1767 | Load: 0.224
[OS:03040] TURBULENTO | Gap Cuántico: 0.1758 | Load: 0.227
[OS:03045] TURBULENTO | Gap Cuántico: 0.1879 | Load: 0.228
[OS:03050] TURBULENTO | Gap Cuántico: 0.1889 | Load: 0.232
[OS:03055] TURBULENTO | Gap Cuántico: 0.1857 | Load: 0.225
[OS:03060] TURBULENTO | Gap Cuántico: 0.1978 | Load: 0.232
[OS:03065] TURBULENTO | Gap Cuántico: 0.2424 | Load: 0.234
[OS:03070] TURBULENTO | Gap Cuántico: 0.2107 | Load: 0.235
[OS:03075] TURBULENTO | Gap Cuántico: 0.1929 | Load: 0.225
[OS:03080] TURBULENTO | Gap Cuántico: 0.2145 | Load: 0.232
[OS:03085] TURBULENTO | Gap Cuántico: 0.1898 | Load: 0.237
[OS:03090] TURBULENTO | Gap Cuántico: 0.1875 | Load: 0.231
[OS:03095] TURBULENTO | Gap Cuántico: 0.2161 | Load: 0.233
[OS:03100] TURBULENTO | Gap Cuántico: 0.2150 | Load: 0.226
[OS:03105] TURBULENTO | Gap Cuántico: 0.1788 | Load: 0.221
[OS:03110] TURBULENTO | Gap Cuántico: 0.2297 | Load: 0.228
[OS:03115] TURBULENTO | Gap Cuántico: 0.1948 | Load: 0.227
[OS:03120] TURBULENTO | Gap Cuántico: 0.2419 | Load: 0.232
[OS:03125] TURBULENTO | Gap Cuántico: 0.2171 | Load: 0.224
[OS:03130] TURBULENTO | Gap Cuántico: 0.2416 | Load: 0.231
[OS:03135] TURBULENTO | Gap Cuántico: 0.2154 | Load: 0.227
[OS:03140] TURBULENTO | Gap Cuántico: 0.1927 | Load: 0.226
[OS:03145] TURBULENTO | Gap Cuántico: 0.1944 | Load: 0.227
[OS:03150] TURBULENTO | Gap Cuántico: 0.1890 | Load: 0.226
[OS:03155] TURBULENTO | Gap Cuántico: 0.1963 | Load: 0.223
[OS:03160] TURBULENTO | Gap Cuántico: 0.1923 | Load: 0.220
[OS:03165] TURBULENTO | Gap Cuántico: 0.2215 | Load: 0.233
[OS:03170] TURBULENTO | Gap Cuántico: 0.2102 | Load: 0.239
[OS:03175] TURBULENTO | Gap Cuántico: 0.1962 | Load: 0.223
[OS:03180] TURBULENTO | Gap Cuántico: 0.1753 | Load: 0.216
[OS:03185] TURBULENTO | Gap Cuántico: 0.2089 | Load: 0.231
[OS:03190] TURBULENTO | Gap Cuántico: 0.2424 | Load: 0.231
[OS:03195] TURBULENTO | Gap Cuántico: 0.1915 | Load: 0.232
[OS:03200] TURBULENTO | Gap Cuántico: 0.2068 | Load: 0.229
[OS:03205] TURBULENTO | Gap Cuántico: 0.1794 | Load: 0.231
[OS:03210] TURBULENTO | Gap Cuántico: 0.1893 | Load: 0.236
[OS:03215] TURBULENTO | Gap Cuántico: 0.2290 | Load: 0.237
[OS:03220] TURBULENTO | Gap Cuántico: 0.1902 | Load: 0.230
[OS:03225] TURBULENTO | Gap Cuántico: 0.2090 | Load: 0.228
[OS:03230] TURBULENTO | Gap Cuántico: 0.1863 | Load: 0.238
[OS:03235] TURBULENTO | Gap Cuántico: 0.1790 | Load: 0.232
[OS:03240] TURBULENTO | Gap Cuántico: 0.1931 | Load: 0.232
[OS:03245] TURBULENTO | Gap Cuántico: 0.1767 | Load: 0.229
[OS:03250] TURBULENTO | Gap Cuántico: 0.1863 | Load: 0.227
[OS:03255] TURBULENTO | Gap Cuántico: 0.2356 | Load: 0.225
[OS:03260] TURBULENTO | Gap Cuántico: 0.1869 | Load: 0.228
[OS:03265] TURBULENTO | Gap Cuántico: 0.1708 | Load: 0.231
[OS:03270] TURBULENTO | Gap Cuántico: 0.2068 | Load: 0.231
[OS:03275] TURBULENTO | Gap Cuántico: 0.1881 | Load: 0.234
[OS:03280] TURBULENTO | Gap Cuántico: 0.1959 | Load: 0.232
[OS:03285] TURBULENTO | Gap Cuántico: 0.1896 | Load: 0.230
[OS:03290] TURBULENTO | Gap Cuántico: 0.1892 | Load: 0.229
[OS:03295] TURBULENTO | Gap Cuántico: 0.1748 | Load: 0.233
[OS:03300] TURBULENTO | Gap Cuántico: 0.1863 | Load: 0.231
[OS:03305] TURBULENTO | Gap Cuántico: 0.1939 | Load: 0.231
[OS:03310] TURBULENTO | Gap Cuántico: 0.2130 | Load: 0.236
[OS:03315] TURBULENTO | Gap Cuántico: 0.1788 | Load: 0.228
[OS:03320] TURBULENTO | Gap Cuántico: 0.1760 | Load: 0.228
[OS:03325] TURBULENTO | Gap Cuántico: 0.1836 | Load: 0.225
[OS:03330] TURBULENTO | Gap Cuántico: 0.1896 | Load: 0.226
[OS:03335] TURBULENTO | Gap Cuántico: 0.1922 | Load: 0.233
[OS:03340] TURBULENTO | Gap Cuántico: 0.2215 | Load: 0.232
[OS:03345] TURBULENTO | Gap Cuántico: 0.1956 | Load: 0.233
[OS:03350] TURBULENTO | Gap Cuántico: 0.2280 | Load: 0.234
[OS:03355] TURBULENTO | Gap Cuántico: 0.2150 | Load: 0.229
[OS:03360] TURBULENTO | Gap Cuántico: 0.2024 | Load: 0.240
[OS:03365] TURBULENTO | Gap Cuántico: 0.1948 | Load: 0.229
[OS:03370] TURBULENTO | Gap Cuántico: 0.2135 | Load: 0.238
[OS:03375] TURBULENTO | Gap Cuántico: 0.1956 | Load: 0.229
[OS:03380] TURBULENTO | Gap Cuántico: 0.1715 | Load: 0.230
[OS:03385] TURBULENTO | Gap Cuántico: 0.2077 | Load: 0.230
[OS:03390] TURBULENTO | Gap Cuántico: 0.2207 | Load: 0.229
[OS:03395] TURBULENTO | Gap Cuántico: 0.2287 | Load: 0.227
[OS:03400] TURBULENTO | Gap Cuántico: 0.2297 | Load: 0.229
[OS:03405] TURBULENTO | Gap Cuántico: 0.1823 | Load: 0.229
[OS:03410] TURBULENTO | Gap Cuántico: 0.2107 | Load: 0.232
[OS:03415] TURBULENTO | Gap Cuántico: 0.1929 | Load: 0.231
[OS:03420] TURBULENTO | Gap Cuántico: 0.1880 | Load: 0.233
[OS:03425] TURBULENTO | Gap Cuántico: 0.2075 | Load: 0.226
[OS:03430] TURBULENTO | Gap Cuántico: 0.1881 | Load: 0.224
[OS:03435] TURBULENTO | Gap Cuántico: 0.2161 | Load: 0.227
[OS:03440] TURBULENTO | Gap Cuántico: 0.1773 | Load: 0.233
[OS:03445] TURBULENTO | Gap Cuántico: 0.2171 | Load: 0.230
[OS:03450] TURBULENTO | Gap Cuántico: 0.1894 | Load: 0.220
[OS:03455] TURBULENTO | Gap Cuántico: 0.1853 | Load: 0.222
[OS:03460] TURBULENTO | Gap Cuántico: 0.1878 | Load: 0.228
[OS:03465] TURBULENTO | Gap Cuántico: 0.2297 | Load: 0.238
[OS:03470] TURBULENTO | Gap Cuántico: 0.1887 | Load: 0.229
[OS:03475] TURBULENTO | Gap Cuántico: 0.1761 | Load: 0.227
[OS:03480] TURBULENTO | Gap Cuántico: 0.2381 | Load: 0.233
[OS:03485] TURBULENTO | Gap Cuántico: 0.2416 | Load: 0.235
[OS:03490] TURBULENTO | Gap Cuántico: 0.1892 | Load: 0.222
[OS:03495] TURBULENTO | Gap Cuántico: 0.2381 | Load: 0.235
[OS:03500] TURBULENTO | Gap Cuántico: 0.2116 | Load: 0.235
[OS:03505] TURBULENTO | Gap Cuántico: 0.2377 | Load: 0.232
[OS:03510] TURBULENTO | Gap Cuántico: 0.1836 | Load: 0.227
[OS:03515] TURBULENTO | Gap Cuántico: 0.1888 | Load: 0.229
[OS:03520] TURBULENTO | Gap Cuántico: 0.2094 | Load: 0.231
[OS:03525] TURBULENTO | Gap Cuántico: 0.2135 | Load: 0.232
[OS:03530] TURBULENTO | Gap Cuántico: 0.1842 | Load: 0.233
[OS:03535] TURBULENTO | Gap Cuántico: 0.1939 | Load: 0.232
[OS:03540] TURBULENTO | Gap Cuántico: 0.1766 | Load: 0.231
[OS:03545] TURBULENTO | Gap Cuántico: 0.1841 | Load: 0.234
[OS:03550] TURBULENTO | Gap Cuántico: 0.2104 | Load: 0.233
[OS:03555] TURBULENTO | Gap Cuántico: 0.1960 | Load: 0.230
[OS:03560] TURBULENTO | Gap Cuántico: 0.1860 | Load: 0.225
[OS:03565] TURBULENTO | Gap Cuántico: 0.1840 | Load: 0.233
[OS:03570] TURBULENTO | Gap Cuántico: 0.2297 | Load: 0.229
[OS:03575] TURBULENTO | Gap Cuántico: 0.1957 | Load: 0.233
[OS:03580] TURBULENTO | Gap Cuántico: 0.1961 | Load: 0.227
[OS:03585] TURBULENTO | Gap Cuántico: 0.2163 | Load: 0.228
[OS:03590] TURBULENTO | Gap Cuántico: 0.1962 | Load: 0.227
[OS:03595] TURBULENTO | Gap Cuántico: 0.2179 | Load: 0.226
[OS:03600] TURBULENTO | Gap Cuántico: 0.2290 | Load: 0.224
[OS:03605] TURBULENTO | Gap Cuántico: 0.1756 | Load: 0.227
[OS:03610] TURBULENTO | Gap Cuántico: 0.1942 | Load: 0.227
[OS:03615] TURBULENTO | Gap Cuántico: 0.1854 | Load: 0.229
[OS:03620] TURBULENTO | Gap Cuántico: 0.1857 | Load: 0.228
[OS:03625] TURBULENTO | Gap Cuántico: 0.1892 | Load: 0.229
[OS:03630] TURBULENTO | Gap Cuántico: 0.1838 | Load: 0.225
[OS:03635] TURBULENTO | Gap Cuántico: 0.1911 | Load: 0.230
[OS:03640] TURBULENTO | Gap Cuántico: 0.2390 | Load: 0.235
[OS:03645] TURBULENTO | Gap Cuántico: 0.1953 | Load: 0.228
[OS:03650] TURBULENTO | Gap Cuántico: 0.2328 | Load: 0.227
[OS:03655] TURBULENTO | Gap Cuántico: 0.1892 | Load: 0.222
[OS:03660] TURBULENTO | Gap Cuántico: 0.2132 | Load: 0.223
[OS:03665] TURBULENTO | Gap Cuántico: 0.1961 | Load: 0.226
[OS:03670] TURBULENTO | Gap Cuántico: 0.1928 | Load: 0.228
[OS:03675] TURBULENTO | Gap Cuántico: 0.2295 | Load: 0.227
[OS:03680] TURBULENTO | Gap Cuántico: 0.1893 | Load: 0.234
[OS:03685] TURBULENTO | Gap Cuántico: 0.1894 | Load: 0.240
[OS:03690] TURBULENTO | Gap Cuántico: 0.1962 | Load: 0.237
[OS:03695] TURBULENTO | Gap Cuántico: 0.2104 | Load: 0.233
[OS:03700] TURBULENTO | Gap Cuántico: 0.2254 | Load: 0.234
[OS:03705] TURBULENTO | Gap Cuántico: 0.1951 | Load: 0.229
[OS:03710] TURBULENTO | Gap Cuántico: 0.2223 | Load: 0.223
[OS:03715] TURBULENTO | Gap Cuántico: 0.1742 | Load: 0.228
[OS:03720] TURBULENTO | Gap Cuántico: 0.1790 | Load: 0.225
[OS:03725] TURBULENTO | Gap Cuántico: 0.1929 | Load: 0.223
[OS:03730] TURBULENTO | Gap Cuántico: 0.1846 | Load: 0.229
[OS:03735] TURBULENTO | Gap Cuántico: 0.2075 | Load: 0.227
[OS:03740] TURBULENTO | Gap Cuántico: 0.1957 | Load: 0.228
[OS:03745] TURBULENTO | Gap Cuántico: 0.2416 | Load: 0.233
[OS:03750] TURBULENTO | Gap Cuántico: 0.1885 | Load: 0.236
[OS:03755] TURBULENTO | Gap Cuántico: 0.2137 | Load: 0.231
[OS:03760] TURBULENTO | Gap Cuántico: 0.2365 | Load: 0.231
[OS:03765] TURBULENTO | Gap Cuántico: 0.1944 | Load: 0.230
[OS:03770] TURBULENTO | Gap Cuántico: 0.2386 | Load: 0.231
[OS:03775] TURBULENTO | Gap Cuántico: 0.1894 | Load: 0.230
[OS:03780] TURBULENTO | Gap Cuántico: 0.1956 | Load: 0.226
[OS:03785] TURBULENTO | Gap Cuántico: 0.1925 | Load: 0.227
[OS:03790] TURBULENTO | Gap Cuántico: 0.1755 | Load: 0.229
[OS:03795] TURBULENTO | Gap Cuántico: 0.1753 | Load: 0.232
[OS:03800] TURBULENTO | Gap Cuántico: 0.2124 | Load: 0.225
[OS:03805] TURBULENTO | Gap Cuántico: 0.2350 | Load: 0.235
[OS:03810] TURBULENTO | Gap Cuántico: 0.2255 | Load: 0.234
[OS:03815] TURBULENTO | Gap Cuántico: 0.2328 | Load: 0.238
[OS:03820] TURBULENTO | Gap Cuántico: 0.2124 | Load: 0.242
[OS:03825] TURBULENTO | Gap Cuántico: 0.2390 | Load: 0.231
[OS:03830] TURBULENTO | Gap Cuántico: 0.2214 | Load: 0.228
[OS:03835] TURBULENTO | Gap Cuántico: 0.1853 | Load: 0.231
[OS:03840] TURBULENTO | Gap Cuántico: 0.1708 | Load: 0.238
[OS:03845] TURBULENTO | Gap Cuántico: 0.2089 | Load: 0.225
[OS:03850] TURBULENTO | Gap Cuántico: 0.2005 | Load: 0.229
[OS:03855] TURBULENTO | Gap Cuántico: 0.1946 | Load: 0.228
[OS:03860] TURBULENTO | Gap Cuántico: 0.1891 | Load: 0.229
[OS:03865] TURBULENTO | Gap Cuántico: 0.1885 | Load: 0.232
[OS:03870] TURBULENTO | Gap Cuántico: 0.1919 | Load: 0.233
[OS:03875] TURBULENTO | Gap Cuántico: 0.1831 | Load: 0.233
[OS:03880] TURBULENTO | Gap Cuántico: 0.1742 | Load: 0.225
[OS:03885] TURBULENTO | Gap Cuántico: 0.2334 | Load: 0.226
[OS:03890] TURBULENTO | Gap Cuántico: 0.2334 | Load: 0.223
[OS:03895] TURBULENTO | Gap Cuántico: 0.1781 | Load: 0.219
[OS:03900] TURBULENTO | Gap Cuántico: 0.2373 | Load: 0.236
[OS:03905] TURBULENTO | Gap Cuántico: 0.2085 | Load: 0.236
[OS:03910] TURBULENTO | Gap Cuántico: 0.2128 | Load: 0.228
[OS:03915] TURBULENTO | Gap Cuántico: 0.2170 | Load: 0.233
[OS:03920] TURBULENTO | Gap Cuántico: 0.2385 | Load: 0.233
[OS:03925] TURBULENTO | Gap Cuántico: 0.2140 | Load: 0.227
[OS:03930] TURBULENTO | Gap Cuántico: 0.1873 | Load: 0.226
[OS:03935] TURBULENTO | Gap Cuántico: 0.2075 | Load: 0.228
[OS:03940] TURBULENTO | Gap Cuántico: 0.1849 | Load: 0.218
[OS:03945] TURBULENTO | Gap Cuántico: 0.1838 | Load: 0.231
[OS:03950] TURBULENTO | Gap Cuántico: 0.2099 | Load: 0.235
[OS:03955] TURBULENTO | Gap Cuántico: 0.2349 | Load: 0.236
[OS:03960] TURBULENTO | Gap Cuántico: 0.2369 | Load: 0.225
[OS:03965] TURBULENTO | Gap Cuántico: 0.1823 | Load: 0.226
[OS:03970] TURBULENTO | Gap Cuántico: 0.1892 | Load: 0.229
[OS:03975] TURBULENTO | Gap Cuántico: 0.1731 | Load: 0.227
[OS:03980] TURBULENTO | Gap Cuántico: 0.1831 | Load: 0.224
[OS:03985] TURBULENTO | Gap Cuántico: 0.1961 | Load: 0.223
[OS:03990] TURBULENTO | Gap Cuántico: 0.2215 | Load: 0.228
[OS:03995] TURBULENTO | Gap Cuántico: 0.2030 | Load: 0.226
[OS:04000] TURBULENTO | Gap Cuántico: 0.1888 | Load: 0.226
[OS:04005] TURBULENTO | Gap Cuántico: 0.2084 | Load: 0.233
[OS:04010] TURBULENTO | Gap Cuántico: 0.1850 | Load: 0.223
[OS:04015] TURBULENTO | Gap Cuántico: 0.2163 | Load: 0.229
[OS:04020] TURBULENTO | Gap Cuántico: 0.2322 | Load: 0.225
[OS:04025] TURBULENTO | Gap Cuántico: 0.2077 | Load: 0.229
[OS:04030] TURBULENTO | Gap Cuántico: 0.2149 | Load: 0.242
[OS:04035] TURBULENTO | Gap Cuántico: 0.1811 | Load: 0.234
[OS:04040] TURBULENTO | Gap Cuántico: 0.2316 | Load: 0.228
[OS:04045] TURBULENTO | Gap Cuántico: 0.2116 | Load: 0.225
[OS:04050] TURBULENTO | Gap Cuántico: 0.2169 | Load: 0.233
[OS:04055] TURBULENTO | Gap Cuántico: 0.1934 | Load: 0.225
[OS:04060] TURBULENTO | Gap Cuántico: 0.1961 | Load: 0.228
[OS:04065] TURBULENTO | Gap Cuántico: 0.1866 | Load: 0.221
[OS:04070] TURBULENTO | Gap Cuántico: 0.1887 | Load: 0.224
[OS:04075] TURBULENTO | Gap Cuántico: 0.1961 | Load: 0.225
[OS:04080] TURBULENTO | Gap Cuántico: 0.1851 | Load: 0.227
[OS:04085] TURBULENTO | Gap Cuántico: 0.1857 | Load: 0.235
[OS:04090] TURBULENTO | Gap Cuántico: 0.2259 | Load: 0.223
[OS:04095] TURBULENTO | Gap Cuántico: 0.2416 | Load: 0.230
[OS:04100] TURBULENTO | Gap Cuántico: 0.2414 | Load: 0.225
[OS:04105] TURBULENTO | Gap Cuántico: 0.1790 | Load: 0.226
[OS:04110] TURBULENTO | Gap Cuántico: 0.1828 | Load: 0.222
[OS:04115] TURBULENTO | Gap Cuántico: 0.2394 | Load: 0.245
[OS:04120] TURBULENTO | Gap Cuántico: 0.1929 | Load: 0.228
[OS:04125] TURBULENTO | Gap Cuántico: 0.1859 | Load: 0.236
[OS:04130] TURBULENTO | Gap Cuántico: 0.1758 | Load: 0.231
[OS:04135] TURBULENTO | Gap Cuántico: 0.2140 | Load: 0.229
[OS:04140] TURBULENTO | Gap Cuántico: 0.2287 | Load: 0.238
[OS:04145] TURBULENTO | Gap Cuántico: 0.1813 | Load: 0.230
[OS:04150] TURBULENTO | Gap Cuántico: 0.2399 | Load: 0.225
[OS:04155] TURBULENTO | Gap Cuántico: 0.1894 | Load: 0.228
[OS:04160] TURBULENTO | Gap Cuántico: 0.1895 | Load: 0.227
[OS:04165] TURBULENTO | Gap Cuántico: 0.1963 | Load: 0.226
[OS:04170] TURBULENTO | Gap Cuántico: 0.1961 | Load: 0.230
[OS:04175] TURBULENTO | Gap Cuántico: 0.2108 | Load: 0.230
[OS:04180] TURBULENTO | Gap Cuántico: 0.1916 | Load: 0.223
[OS:04185] TURBULENTO | Gap Cuántico: 0.1753 | Load: 0.231
[OS:04190] TURBULENTO | Gap Cuántico: 0.2422 | Load: 0.232
[OS:04195] TURBULENTO | Gap Cuántico: 0.1908 | Load: 0.228
[OS:04200] TURBULENTO | Gap Cuántico: 0.2065 | Load: 0.238
[OS:04205] TURBULENTO | Gap Cuántico: 0.2365 | Load: 0.232
[OS:04210] TURBULENTO | Gap Cuántico: 0.2379 | Load: 0.233
[OS:04215] TURBULENTO | Gap Cuántico: 0.2413 | Load: 0.233
[OS:04220] TURBULENTO | Gap Cuántico: 0.1961 | Load: 0.222
[OS:04225] TURBULENTO | Gap Cuántico: 0.2299 | Load: 0.236
[OS:04230] TURBULENTO | Gap Cuántico: 0.1753 | Load: 0.233
[OS:04235] TURBULENTO | Gap Cuántico: 0.1811 | Load: 0.223
[OS:04240] TURBULENTO | Gap Cuántico: 0.2402 | Load: 0.239
[OS:04245] TURBULENTO | Gap Cuántico: 0.1724 | Load: 0.227
[OS:04250] TURBULENTO | Gap Cuántico: 0.1838 | Load: 0.233
[OS:04255] TURBULENTO | Gap Cuántico: 0.1739 | Load: 0.227
[OS:04260] TURBULENTO | Gap Cuántico: 0.1753 | Load: 0.231
[OS:04265] TURBULENTO | Gap Cuántico: 0.1920 | Load: 0.229
[OS:04270] TURBULENTO | Gap Cuántico: 0.1836 | Load: 0.223
[OS:04275] TURBULENTO | Gap Cuántico: 0.2020 | Load: 0.237
[OS:04280] TURBULENTO | Gap Cuántico: 0.1848 | Load: 0.231
[OS:04285] TURBULENTO | Gap Cuántico: 0.1999 | Load: 0.234
[OS:04290] TURBULENTO | Gap Cuántico: 0.1854 | Load: 0.228
[OS:04295] TURBULENTO | Gap Cuántico: 0.2080 | Load: 0.229
[OS:04300] TURBULENTO | Gap Cuántico: 0.1796 | Load: 0.230
[OS:04305] TURBULENTO | Gap Cuántico: 0.1743 | Load: 0.227
[OS:04310] TURBULENTO | Gap Cuántico: 0.2067 | Load: 0.229
[OS:04315] TURBULENTO | Gap Cuántico: 0.2316 | Load: 0.229
[OS:04320] TURBULENTO | Gap Cuántico: 0.1760 | Load: 0.225
[OS:04325] TURBULENTO | Gap Cuántico: 0.2138 | Load: 0.236
[OS:04330] TURBULENTO | Gap Cuántico: 0.2392 | Load: 0.239
[OS:04335] TURBULENTO | Gap Cuántico: 0.1887 | Load: 0.235
[OS:04340] TURBULENTO | Gap Cuántico: 0.2116 | Load: 0.235
[OS:04345] TURBULENTO | Gap Cuántico: 0.1768 | Load: 0.231
[OS:04350] TURBULENTO | Gap Cuántico: 0.2172 | Load: 0.227
[OS:04355] TURBULENTO | Gap Cuántico: 0.1880 | Load: 0.228
[OS:04360] TURBULENTO | Gap Cuántico: 0.2042 | Load: 0.224
[OS:04365] TURBULENTO | Gap Cuántico: 0.2089 | Load: 0.231
[OS:04370] TURBULENTO | Gap Cuántico: 0.2167 | Load: 0.225
[OS:04375] TURBULENTO | Gap Cuántico: 0.1946 | Load: 0.224
[OS:04380] TURBULENTO | Gap Cuántico: 0.2350 | Load: 0.234
[OS:04385] TURBULENTO | Gap Cuántico: 0.1927 | Load: 0.226
[OS:04390] TURBULENTO | Gap Cuántico: 0.2179 | Load: 0.231
[OS:04395] TURBULENTO | Gap Cuántico: 0.1881 | Load: 0.235
[OS:04400] TURBULENTO | Gap Cuántico: 0.2194 | Load: 0.234
[OS:04405] TURBULENTO | Gap Cuántico: 0.1923 | Load: 0.230
[OS:04410] TURBULENTO | Gap Cuántico: 0.1848 | Load: 0.232
[OS:04415] TURBULENTO | Gap Cuántico: 0.1922 | Load: 0.234
[OS:04420] TURBULENTO | Gap Cuántico: 0.1823 | Load: 0.237
[OS:04425] TURBULENTO | Gap Cuántico: 0.2135 | Load: 0.228
[OS:04430] TURBULENTO | Gap Cuántico: 0.1869 | Load: 0.218
[OS:04435] TURBULENTO | Gap Cuántico: 0.1700 | Load: 0.223
[OS:04440] TURBULENTO | Gap Cuántico: 0.2135 | Load: 0.230
[OS:04445] TURBULENTO | Gap Cuántico: 0.2094 | Load: 0.230
[OS:04450] TURBULENTO | Gap Cuántico: 0.2138 | Load: 0.222
[OS:04455] TURBULENTO | Gap Cuántico: 0.1953 | Load: 0.226
[OS:04460] TURBULENTO | Gap Cuántico: 0.2422 | Load: 0.230
[OS:04465] TURBULENTO | Gap Cuántico: 0.1941 | Load: 0.224
[OS:04470] TURBULENTO | Gap Cuántico: 0.2135 | Load: 0.225
[OS:04475] TURBULENTO | Gap Cuántico: 0.1794 | Load: 0.227
[OS:04480] TURBULENTO | Gap Cuántico: 0.1846 | Load: 0.235
[OS:04485] TURBULENTO | Gap Cuántico: 0.1887 | Load: 0.230
[OS:04490] TURBULENTO | Gap Cuántico: 0.1894 | Load: 0.230
[OS:04495] TURBULENTO | Gap Cuántico: 0.1850 | Load: 0.233
[OS:04500] TURBULENTO | Gap Cuántico: 0.1767 | Load: 0.229
[OS:04505] TURBULENTO | Gap Cuántico: 0.1823 | Load: 0.237
[OS:04510] TURBULENTO | Gap Cuántico: 0.2103 | Load: 0.238
[OS:04515] TURBULENTO | Gap Cuántico: 0.2128 | Load: 0.228
[OS:04520] TURBULENTO | Gap Cuántico: 0.2422 | Load: 0.235
[OS:04525] TURBULENTO | Gap Cuántico: 0.1952 | Load: 0.229
[OS:04530] TURBULENTO | Gap Cuántico: 0.2262 | Load: 0.236
[OS:04535] TURBULENTO | Gap Cuántico: 0.2052 | Load: 0.237
[OS:04540] TURBULENTO | Gap Cuántico: 0.2167 | Load: 0.231
[OS:04545] TURBULENTO | Gap Cuántico: 0.2166 | Load: 0.233
[OS:04550] TURBULENTO | Gap Cuántico: 0.1894 | Load: 0.233
[OS:04555] TURBULENTO | Gap Cuántico: 0.1869 | Load: 0.230
[OS:04560] TURBULENTO | Gap Cuántico: 0.2297 | Load: 0.233
[OS:04565] TURBULENTO | Gap Cuántico: 0.1762 | Load: 0.234
[OS:04570] TURBULENTO | Gap Cuántico: 0.1753 | Load: 0.233
[OS:04575] TURBULENTO | Gap Cuántico: 0.1818 | Load: 0.223
[OS:04580] TURBULENTO | Gap Cuántico: 0.2079 | Load: 0.235
[OS:04585] TURBULENTO | Gap Cuántico: 0.1962 | Load: 0.232
[OS:04590] TURBULENTO | Gap Cuántico: 0.2417 | Load: 0.231
[OS:04595] TURBULENTO | Gap Cuántico: 0.2075 | Load: 0.226
[OS:04600] TURBULENTO | Gap Cuántico: 0.1889 | Load: 0.222
[OS:04605] TURBULENTO | Gap Cuántico: 0.1755 | Load: 0.232
[OS:04610] TURBULENTO | Gap Cuántico: 0.2089 | Load: 0.235
[OS:04615] TURBULENTO | Gap Cuántico: 0.2042 | Load: 0.238
[OS:04620] TURBULENTO | Gap Cuántico: 0.1834 | Load: 0.230
[OS:04625] TURBULENTO | Gap Cuántico: 0.2103 | Load: 0.226
[OS:04630] TURBULENTO | Gap Cuántico: 0.2297 | Load: 0.235
[OS:04635] TURBULENTO | Gap Cuántico: 0.1883 | Load: 0.228
[OS:04640] TURBULENTO | Gap Cuántico: 0.1881 | Load: 0.237
[OS:04645] TURBULENTO | Gap Cuántico: 0.1911 | Load: 0.232
[OS:04650] TURBULENTO | Gap Cuántico: 0.1956 | Load: 0.229
[OS:04655] TURBULENTO | Gap Cuántico: 0.1749 | Load: 0.221
[OS:04660] TURBULENTO | Gap Cuántico: 0.2141 | Load: 0.234
[OS:04665] TURBULENTO | Gap Cuántico: 0.1948 | Load: 0.222
[OS:04670] TURBULENTO | Gap Cuántico: 0.1825 | Load: 0.227
[OS:04675] TURBULENTO | Gap Cuántico: 0.2350 | Load: 0.234
[OS:04680] TURBULENTO | Gap Cuántico: 0.1813 | Load: 0.226
[OS:04685] TURBULENTO | Gap Cuántico: 0.2239 | Load: 0.236
[OS:04690] TURBULENTO | Gap Cuántico: 0.1885 | Load: 0.229
[OS:04695] TURBULENTO | Gap Cuántico: 0.1796 | Load: 0.228
[OS:04700] TURBULENTO | Gap Cuántico: 0.1767 | Load: 0.230
[OS:04705] TURBULENTO | Gap Cuántico: 0.1763 | Load: 0.230
[OS:04710] TURBULENTO | Gap Cuántico: 0.1881 | Load: 0.232
[OS:04715] TURBULENTO | Gap Cuántico: 0.1948 | Load: 0.225
[OS:04720] TURBULENTO | Gap Cuántico: 0.1888 | Load: 0.226
[OS:04725] TURBULENTO | Gap Cuántico: 0.2031 | Load: 0.232
[OS:04730] TURBULENTO | Gap Cuántico: 0.1743 | Load: 0.229
[OS:04735] TURBULENTO | Gap Cuántico: 0.2370 | Load: 0.240
[OS:04740] TURBULENTO | Gap Cuántico: 0.2099 | Load: 0.232
[OS:04745] TURBULENTO | Gap Cuántico: 0.2097 | Load: 0.232
[OS:04750] TURBULENTO | Gap Cuántico: 0.1767 | Load: 0.227
[OS:04755] TURBULENTO | Gap Cuántico: 0.1881 | Load: 0.227
[OS:04760] TURBULENTO | Gap Cuántico: 0.1807 | Load: 0.223
[OS:04765] TURBULENTO | Gap Cuántico: 0.1878 | Load: 0.229
[OS:04770] TURBULENTO | Gap Cuántico: 0.1894 | Load: 0.222
[OS:04775] TURBULENTO | Gap Cuántico: 0.2424 | Load: 0.232
[OS:04780] TURBULENTO | Gap Cuántico: 0.1889 | Load: 0.228
[OS:04785] TURBULENTO | Gap Cuántico: 0.1823 | Load: 0.231
[OS:04790] TURBULENTO | Gap Cuántico: 0.1779 | Load: 0.225
[OS:04795] TURBULENTO | Gap Cuántico: 0.1894 | Load: 0.230
[OS:04800] TURBULENTO | Gap Cuántico: 0.2030 | Load: 0.229
[OS:04805] TURBULENTO | Gap Cuántico: 0.2156 | Load: 0.233
[OS:04810] TURBULENTO | Gap Cuántico: 0.2413 | Load: 0.233
[OS:04815] TURBULENTO | Gap Cuántico: 0.2089 | Load: 0.234
[OS:04820] TURBULENTO | Gap Cuántico: 0.2303 | Load: 0.233
[OS:04825] TURBULENTO | Gap Cuántico: 0.2361 | Load: 0.232
[OS:04830] TURBULENTO | Gap Cuántico: 0.2233 | Load: 0.231
[OS:04835] TURBULENTO | Gap Cuántico: 0.1941 | Load: 0.235
[OS:04840] TURBULENTO | Gap Cuántico: 0.1926 | Load: 0.229
[OS:04845] TURBULENTO | Gap Cuántico: 0.1894 | Load: 0.222
[OS:04850] TURBULENTO | Gap Cuántico: 0.2273 | Load: 0.238
[OS:04855] TURBULENTO | Gap Cuántico: 0.2394 | Load: 0.229
[OS:04860] TURBULENTO | Gap Cuántico: 0.1951 | Load: 0.228
[OS:04865] TURBULENTO | Gap Cuántico: 0.1895 | Load: 0.225
[OS:04870] TURBULENTO | Gap Cuántico: 0.1866 | Load: 0.229
[OS:04875] TURBULENTO | Gap Cuántico: 0.2419 | Load: 0.225
[OS:04880] TURBULENTO | Gap Cuántico: 0.2161 | Load: 0.225
[OS:04885] TURBULENTO | Gap Cuántico: 0.1885 | Load: 0.229
[OS:04890] TURBULENTO | Gap Cuántico: 0.1840 | Load: 0.234
[OS:04895] TURBULENTO | Gap Cuántico: 0.2415 | Load: 0.236
[OS:04900] TURBULENTO | Gap Cuántico: 0.2423 | Load: 0.239
[OS:04905] TURBULENTO | Gap Cuántico: 0.1761 | Load: 0.232
[OS:04910] TURBULENTO | Gap Cuántico: 0.1823 | Load: 0.228
[OS:04915] TURBULENTO | Gap Cuántico: 0.2333 | Load: 0.229
[OS:04920] TURBULENTO | Gap Cuántico: 0.2421 | Load: 0.239
[OS:04925] TURBULENTO | Gap Cuántico: 0.2168 | Load: 0.226
[OS:04930] TURBULENTO | Gap Cuántico: 0.1894 | Load: 0.230
[OS:04935] TURBULENTO | Gap Cuántico: 0.1961 | Load: 0.232
[OS:04940] TURBULENTO | Gap Cuántico: 0.1851 | Load: 0.227
[OS:04945] TURBULENTO | Gap Cuántico: 0.2419 | Load: 0.237
[OS:04950] TURBULENTO | Gap Cuántico: 0.2079 | Load: 0.231
[OS:04955] TURBULENTO | Gap Cuántico: 0.2316 | Load: 0.227
[OS:04960] TURBULENTO | Gap Cuántico: 0.1887 | Load: 0.225
[OS:04965] TURBULENTO | Gap Cuántico: 0.1955 | Load: 0.220
[OS:04970] TURBULENTO | Gap Cuántico: 0.1819 | Load: 0.221
[OS:04975] TURBULENTO | Gap Cuántico: 0.2090 | Load: 0.233
[OS:04980] TURBULENTO | Gap Cuántico: 0.2187 | Load: 0.232
[OS:04985] TURBULENTO | Gap Cuántico: 0.1958 | Load: 0.231
[OS:04990] TURBULENTO | Gap Cuántico: 0.2420 | Load: 0.234
[OS:04995] TURBULENTO | Gap Cuántico: 0.2087 | Load: 0.232
[OS:05000] TURBULENTO | Gap Cuántico: 0.2120 | Load: 0.225
[OS:05005] TURBULENTO | Gap Cuántico: 0.2135 | Load: 0.235
[OS:05010] TURBULENTO | Gap Cuántico: 0.2409 | Load: 0.237
[OS:05015] TURBULENTO | Gap Cuántico: 0.1722 | Load: 0.229
[OS:05020] TURBULENTO | Gap Cuántico: 0.1857 | Load: 0.227
[OS:05025] TURBULENTO | Gap Cuántico: 0.1892 | Load: 0.231
[OS:05030] TURBULENTO | Gap Cuántico: 0.1889 | Load: 0.236
[OS:05035] TURBULENTO | Gap Cuántico: 0.2134 | Load: 0.229
[OS:05040] TURBULENTO | Gap Cuántico: 0.1766 | Load: 0.220
[OS:05045] TURBULENTO | Gap Cuántico: 0.2201 | Load: 0.226
[OS:05050] TURBULENTO | Gap Cuántico: 0.2020 | Load: 0.227
[OS:05055] TURBULENTO | Gap Cuántico: 0.2187 | Load: 0.230
[OS:05060] TURBULENTO | Gap Cuántico: 0.1885 | Load: 0.217
[OS:05065] TURBULENTO | Gap Cuántico: 0.2422 | Load: 0.218
[OS:05070] TURBULENTO | Gap Cuántico: 0.1961 | Load: 0.225
[OS:05075] TURBULENTO | Gap Cuántico: 0.1978 | Load: 0.229
[OS:05080] TURBULENTO | Gap Cuántico: 0.1864 | Load: 0.233
[OS:05085] TURBULENTO | Gap Cuántico: 0.1971 | Load: 0.229
[OS:05090] TURBULENTO | Gap Cuántico: 0.2373 | Load: 0.231
[OS:05095] TURBULENTO | Gap Cuántico: 0.1835 | Load: 0.226
[OS:05100] TURBULENTO | Gap Cuántico: 0.2369 | Load: 0.224
[OS:05105] TURBULENTO | Gap Cuántico: 0.2084 | Load: 0.224
[OS:05110] TURBULENTO | Gap Cuántico: 0.1892 | Load: 0.227
[OS:05115] TURBULENTO | Gap Cuántico: 0.1818 | Load: 0.225
[OS:05120] TURBULENTO | Gap Cuántico: 0.1853 | Load: 0.233
[OS:05125] TURBULENTO | Gap Cuántico: 0.1935 | Load: 0.234
[OS:05130] TURBULENTO | Gap Cuántico: 0.2349 | Load: 0.233
[OS:05135] TURBULENTO | Gap Cuántico: 0.1724 | Load: 0.229
[OS:05140] TURBULENTO | Gap Cuántico: 0.1781 | Load: 0.231
[OS:05145] TURBULENTO | Gap Cuántico: 0.2124 | Load: 0.229
[OS:05150] TURBULENTO | Gap Cuántico: 0.1961 | Load: 0.231
[OS:05155] TURBULENTO | Gap Cuántico: 0.1999 | Load: 0.235
[OS:05160] TURBULENTO | Gap Cuántico: 0.1794 | Load: 0.231
[OS:05165] TURBULENTO | Gap Cuántico: 0.2171 | Load: 0.231
[OS:05170] TURBULENTO | Gap Cuántico: 0.1873 | Load: 0.229
[OS:05175] TURBULENTO | Gap Cuántico: 0.2383 | Load: 0.228
[OS:05180] TURBULENTO | Gap Cuántico: 0.1808 | Load: 0.226
[OS:05185] TURBULENTO | Gap Cuántico: 0.2172 | Load: 0.237
[OS:05190] TURBULENTO | Gap Cuántico: 0.1863 | Load: 0.236
[OS:05195] TURBULENTO | Gap Cuántico: 0.2198 | Load: 0.228
[OS:05200] TURBULENTO | Gap Cuántico: 0.1946 | Load: 0.224
[OS:05205] TURBULENTO | Gap Cuántico: 0.1887 | Load: 0.218
[OS:05210] TURBULENTO | Gap Cuántico: 0.1950 | Load: 0.227
[OS:05215] TURBULENTO | Gap Cuántico: 0.1785 | Load: 0.229
[OS:05220] TURBULENTO | Gap Cuántico: 0.2424 | Load: 0.231
[OS:05225] TURBULENTO | Gap Cuántico: 0.1887 | Load: 0.234
[OS:05230] TURBULENTO | Gap Cuántico: 0.2172 | Load: 0.236
[OS:05235] TURBULENTO | Gap Cuántico: 0.1760 | Load: 0.224
[OS:05240] TURBULENTO | Gap Cuántico: 0.1952 | Load: 0.225
[OS:05245] TURBULENTO | Gap Cuántico: 0.1854 | Load: 0.227
[OS:05250] TURBULENTO | Gap Cuántico: 0.1767 | Load: 0.232
[OS:05255] TURBULENTO | Gap Cuántico: 0.1862 | Load: 0.231
[OS:05260] TURBULENTO | Gap Cuántico: 0.1888 | Load: 0.235
[OS:05265] TURBULENTO | Gap Cuántico: 0.2419 | Load: 0.234
[OS:05270] TURBULENTO | Gap Cuántico: 0.1823 | Load: 0.226
[OS:05275] TURBULENTO | Gap Cuántico: 0.1920 | Load: 0.227
[OS:05280] TURBULENTO | Gap Cuántico: 0.2247 | Load: 0.222
[OS:05285] TURBULENTO | Gap Cuántico: 0.1894 | Load: 0.222
[OS:05290] TURBULENTO | Gap Cuántico: 0.2116 | Load: 0.235
[OS:05295] TURBULENTO | Gap Cuántico: 0.2402 | Load: 0.241
[OS:05300] TURBULENTO | Gap Cuántico: 0.2364 | Load: 0.233
[OS:05305] TURBULENTO | Gap Cuántico: 0.1902 | Load: 0.229
[OS:05310] TURBULENTO | Gap Cuántico: 0.1892 | Load: 0.232
[OS:05315] TURBULENTO | Gap Cuántico: 0.1823 | Load: 0.226
[OS:05320] TURBULENTO | Gap Cuántico: 0.2150 | Load: 0.231
[OS:05325] TURBULENTO | Gap Cuántico: 0.2283 | Load: 0.235
[OS:05330] TURBULENTO | Gap Cuántico: 0.2187 | Load: 0.235
[OS:05335] TURBULENTO | Gap Cuántico: 0.2383 | Load: 0.235
[OS:05340] TURBULENTO | Gap Cuántico: 0.1863 | Load: 0.229
[OS:05345] TURBULENTO | Gap Cuántico: 0.2095 | Load: 0.232
[OS:05350] TURBULENTO | Gap Cuántico: 0.2052 | Load: 0.240
[OS:05355] TURBULENTO | Gap Cuántico: 0.2381 | Load: 0.239
[OS:05360] TURBULENTO | Gap Cuántico: 0.2322 | Load: 0.233
[OS:05365] TURBULENTO | Gap Cuántico: 0.1779 | Load: 0.234
[OS:05370] TURBULENTO | Gap Cuántico: 0.1856 | Load: 0.237
[OS:05375] TURBULENTO | Gap Cuántico: 0.1975 | Load: 0.226
[OS:05380] TURBULENTO | Gap Cuántico: 0.1975 | Load: 0.234
[OS:05385] TURBULENTO | Gap Cuántico: 0.1887 | Load: 0.242
[OS:05390] TURBULENTO | Gap Cuántico: 0.1944 | Load: 0.229
[OS:05395] TURBULENTO | Gap Cuántico: 0.1753 | Load: 0.238
[OS:05400] TURBULENTO | Gap Cuántico: 0.1919 | Load: 0.241
[OS:05405] TURBULENTO | Gap Cuántico: 0.1834 | Load: 0.236
[OS:05410] TURBULENTO | Gap Cuántico: 0.1773 | Load: 0.235
[OS:05415] TURBULENTO | Gap Cuántico: 0.2421 | Load: 0.235
[OS:05420] TURBULENTO | Gap Cuántico: 0.2120 | Load: 0.237
[OS:05425] TURBULENTO | Gap Cuántico: 0.1853 | Load: 0.233
[OS:05430] TURBULENTO | Gap Cuántico: 0.2143 | Load: 0.224
[OS:05435] TURBULENTO | Gap Cuántico: 0.2126 | Load: 0.236
[OS:05440] TURBULENTO | Gap Cuántico: 0.1936 | Load: 0.230
[OS:05445] TURBULENTO | Gap Cuántico: 0.1845 | Load: 0.226
[OS:05450] TURBULENTO | Gap Cuántico: 0.2162 | Load: 0.225
[OS:05455] TURBULENTO | Gap Cuántico: 0.1949 | Load: 0.233
[OS:05460] TURBULENTO | Gap Cuántico: 0.2227 | Load: 0.234
[OS:05465] TURBULENTO | Gap Cuántico: 0.1806 | Load: 0.233
[OS:05470] TURBULENTO | Gap Cuántico: 0.2143 | Load: 0.232
[OS:05475] TURBULENTO | Gap Cuántico: 0.2163 | Load: 0.231
[OS:05480] TURBULENTO | Gap Cuántico: 0.1961 | Load: 0.232
[OS:05485] TURBULENTO | Gap Cuántico: 0.1952 | Load: 0.233
[OS:05490] TURBULENTO | Gap Cuántico: 0.2135 | Load: 0.240
[OS:05495] TURBULENTO | Gap Cuántico: 0.2099 | Load: 0.230
[OS:05500] TURBULENTO | Gap Cuántico: 0.1956 | Load: 0.217
[OS:05505] TURBULENTO | Gap Cuántico: 0.1797 | Load: 0.233
[OS:05510] TURBULENTO | Gap Cuántico: 0.2116 | Load: 0.234
[OS:05515] TURBULENTO | Gap Cuántico: 0.2194 | Load: 0.229
[OS:05520] TURBULENTO | Gap Cuántico: 0.1849 | Load: 0.225
[OS:05525] TURBULENTO | Gap Cuántico: 0.2168 | Load: 0.232
[OS:05530] TURBULENTO | Gap Cuántico: 0.1946 | Load: 0.234
[OS:05535] TURBULENTO | Gap Cuántico: 0.1823 | Load: 0.230
[OS:05540] TURBULENTO | Gap Cuántico: 0.2276 | Load: 0.224
[OS:05545] TURBULENTO | Gap Cuántico: 0.1892 | Load: 0.223
[OS:05550] TURBULENTO | Gap Cuántico: 0.2138 | Load: 0.224
[OS:05555] TURBULENTO | Gap Cuántico: 0.2149 | Load: 0.234
[OS:05560] TURBULENTO | Gap Cuántico: 0.2143 | Load: 0.238
[OS:05565] TURBULENTO | Gap Cuántico: 0.1850 | Load: 0.233
[OS:05570] TURBULENTO | Gap Cuántico: 0.2322 | Load: 0.222
[OS:05575] TURBULENTO | Gap Cuántico: 0.1942 | Load: 0.234
[OS:05580] TURBULENTO | Gap Cuántico: 0.1952 | Load: 0.229
[OS:05585] TURBULENTO | Gap Cuántico: 0.1946 | Load: 0.226
[OS:05590] TURBULENTO | Gap Cuántico: 0.2322 | Load: 0.227
[OS:05595] TURBULENTO | Gap Cuántico: 0.2413 | Load: 0.229
[OS:05600] TURBULENTO | Gap Cuántico: 0.2020 | Load: 0.225
[OS:05605] TURBULENTO | Gap Cuántico: 0.1885 | Load: 0.226
[OS:05610] TURBULENTO | Gap Cuántico: 0.2170 | Load: 0.233
[OS:05615] TURBULENTO | Gap Cuántico: 0.1849 | Load: 0.229
[OS:05620] TURBULENTO | Gap Cuántico: 0.1801 | Load: 0.224
[OS:05625] TURBULENTO | Gap Cuántico: 0.1893 | Load: 0.225
[OS:05630] TURBULENTO | Gap Cuántico: 0.2381 | Load: 0.234
[OS:05635] TURBULENTO | Gap Cuántico: 0.1837 | Load: 0.223
[OS:05640] TURBULENTO | Gap Cuántico: 0.2198 | Load: 0.230
[OS:05645] TURBULENTO | Gap Cuántico: 0.2349 | Load: 0.229
[OS:05650] TURBULENTO | Gap Cuántico: 0.1902 | Load: 0.233
[OS:05655] TURBULENTO | Gap Cuántico: 0.1796 | Load: 0.222
[OS:05660] TURBULENTO | Gap Cuántico: 0.1831 | Load: 0.222
[OS:05665] TURBULENTO | Gap Cuántico: 0.1987 | Load: 0.231
[OS:05670] TURBULENTO | Gap Cuántico: 0.1956 | Load: 0.236
[OS:05675] TURBULENTO | Gap Cuántico: 0.1819 | Load: 0.230
[OS:05680] TURBULENTO | Gap Cuántico: 0.1962 | Load: 0.230
[OS:05685] TURBULENTO | Gap Cuántico: 0.1909 | Load: 0.233
[OS:05690] TURBULENTO | Gap Cuántico: 0.2084 | Load: 0.234
[OS:05695] TURBULENTO | Gap Cuántico: 0.2221 | Load: 0.231
[OS:05700] TURBULENTO | Gap Cuántico: 0.1889 | Load: 0.229
[OS:05705] TURBULENTO | Gap Cuántico: 0.1948 | Load: 0.233
[OS:05710] TURBULENTO | Gap Cuántico: 0.1844 | Load: 0.228
[OS:05715] TURBULENTO | Gap Cuántico: 0.2262 | Load: 0.226
[OS:05720] TURBULENTO | Gap Cuántico: 0.2121 | Load: 0.229
[OS:05725] TURBULENTO | Gap Cuántico: 0.2170 | Load: 0.234
[OS:05730] TURBULENTO | Gap Cuántico: 0.1864 | Load: 0.227
[OS:05735] TURBULENTO | Gap Cuántico: 0.1756 | Load: 0.222
[OS:05740] TURBULENTO | Gap Cuántico: 0.1952 | Load: 0.231
[OS:05745] TURBULENTO | Gap Cuántico: 0.1889 | Load: 0.237
[OS:05750] TURBULENTO | Gap Cuántico: 0.2112 | Load: 0.241
[OS:05755] TURBULENTO | Gap Cuántico: 0.1823 | Load: 0.229
[OS:05760] TURBULENTO | Gap Cuántico: 0.2135 | Load: 0.221
[OS:05765] TURBULENTO | Gap Cuántico: 0.2424 | Load: 0.226
[OS:05770] TURBULENTO | Gap Cuántico: 0.2390 | Load: 0.234
[OS:05775] TURBULENTO | Gap Cuántico: 0.2386 | Load: 0.229
[OS:05780] TURBULENTO | Gap Cuántico: 0.1801 | Load: 0.227
[OS:05785] TURBULENTO | Gap Cuántico: 0.2005 | Load: 0.224
[OS:05790] TURBULENTO | Gap Cuántico: 0.2415 | Load: 0.232
[OS:05795] TURBULENTO | Gap Cuántico: 0.2162 | Load: 0.236
[OS:05800] TURBULENTO | Gap Cuántico: 0.1883 | Load: 0.230
[OS:05805] TURBULENTO | Gap Cuántico: 0.1757 | Load: 0.232
[OS:05810] TURBULENTO | Gap Cuántico: 0.2116 | Load: 0.227
[OS:05815] TURBULENTO | Gap Cuántico: 0.2264 | Load: 0.235
[OS:05820] TURBULENTO | Gap Cuántico: 0.1928 | Load: 0.231
[OS:05825] TURBULENTO | Gap Cuántico: 0.2138 | Load: 0.234
[OS:05830] TURBULENTO | Gap Cuántico: 0.1863 | Load: 0.225
[OS:05835] TURBULENTO | Gap Cuántico: 0.2392 | Load: 0.226
[OS:05840] TURBULENTO | Gap Cuántico: 0.1749 | Load: 0.233
[OS:05845] TURBULENTO | Gap Cuántico: 0.2349 | Load: 0.225
[OS:05850] TURBULENTO | Gap Cuántico: 0.2402 | Load: 0.232
[OS:05855] TURBULENTO | Gap Cuántico: 0.1873 | Load: 0.235
[OS:05860] TURBULENTO | Gap Cuántico: 0.1909 | Load: 0.238
[OS:05865] TURBULENTO | Gap Cuántico: 0.2108 | Load: 0.231
[OS:05870] TURBULENTO | Gap Cuántico: 0.2276 | Load: 0.230
[OS:05875] TURBULENTO | Gap Cuántico: 0.2344 | Load: 0.237
[OS:05880] TURBULENTO | Gap Cuántico: 0.1888 | Load: 0.234
[OS:05885] TURBULENTO | Gap Cuántico: 0.2223 | Load: 0.225
[OS:05890] TURBULENTO | Gap Cuántico: 0.2283 | Load: 0.225
[OS:05895] TURBULENTO | Gap Cuántico: 0.1853 | Load: 0.236
[OS:05900] TURBULENTO | Gap Cuántico: 0.1888 | Load: 0.229
[OS:05905] TURBULENTO | Gap Cuántico: 0.1879 | Load: 0.222
[OS:05910] TURBULENTO | Gap Cuántico: 0.1747 | Load: 0.226
[OS:05915] TURBULENTO | Gap Cuántico: 0.1788 | Load: 0.228
[OS:05920] TURBULENTO | Gap Cuántico: 0.2163 | Load: 0.233
[OS:05925] TURBULENTO | Gap Cuántico: 0.1960 | Load: 0.227
[OS:05930] TURBULENTO | Gap Cuántico: 0.2103 | Load: 0.226
[OS:05935] TURBULENTO | Gap Cuántico: 0.2112 | Load: 0.225
[OS:05940] TURBULENTO | Gap Cuántico: 0.1948 | Load: 0.226
[OS:05945] TURBULENTO | Gap Cuántico: 0.2079 | Load: 0.230
[OS:05950] TURBULENTO | Gap Cuántico: 0.2423 | Load: 0.228
[OS:05955] TURBULENTO | Gap Cuántico: 0.1932 | Load: 0.230
[OS:05960] TURBULENTO | Gap Cuántico: 0.2214 | Load: 0.229
[OS:05965] TURBULENTO | Gap Cuántico: 0.1957 | Load: 0.230
[OS:05970] TURBULENTO | Gap Cuántico: 0.2255 | Load: 0.230
[OS:05975] TURBULENTO | Gap Cuántico: 0.1747 | Load: 0.230
[OS:05980] TURBULENTO | Gap Cuántico: 0.2390 | Load: 0.234
[OS:05985] TURBULENTO | Gap Cuántico: 0.1722 | Load: 0.225
[OS:05990] TURBULENTO | Gap Cuántico: 0.1731 | Load: 0.221
[OS:05995] TURBULENTO | Gap Cuántico: 0.2172 | Load: 0.233
[OS:06000] TURBULENTO | Gap Cuántico: 0.2316 | Load: 0.227
[OS:06005] TURBULENTO | Gap Cuántico: 0.2130 | Load: 0.234
[OS:06010] TURBULENTO | Gap Cuántico: 0.1950 | Load: 0.235
[OS:06015] TURBULENTO | Gap Cuántico: 0.1841 | Load: 0.229
[OS:06020] TURBULENTO | Gap Cuántico: 0.1904 | Load: 0.229
[OS:06025] TURBULENTO | Gap Cuántico: 0.2334 | Load: 0.225
[OS:06030] TURBULENTO | Gap Cuántico: 0.2170 | Load: 0.228
[OS:06035] TURBULENTO | Gap Cuántico: 0.1992 | Load: 0.220
[OS:06040] TURBULENTO | Gap Cuántico: 0.2365 | Load: 0.224
[OS:06045] TURBULENTO | Gap Cuántico: 0.2365 | Load: 0.222
[OS:06050] TURBULENTO | Gap Cuántico: 0.2024 | Load: 0.225
[OS:06055] TURBULENTO | Gap Cuántico: 0.1796 | Load: 0.232
[OS:06060] TURBULENTO | Gap Cuántico: 0.2144 | Load: 0.230
[OS:06065] TURBULENTO | Gap Cuántico: 0.1743 | Load: 0.230
[OS:06070] TURBULENTO | Gap Cuántico: 0.1842 | Load: 0.222
[OS:06075] TURBULENTO | Gap Cuántico: 0.2150 | Load: 0.233
[OS:06080] TURBULENTO | Gap Cuántico: 0.1957 | Load: 0.235
[OS:06085] TURBULENTO | Gap Cuántico: 0.2162 | Load: 0.240
[OS:06090] TURBULENTO | Gap Cuántico: 0.2377 | Load: 0.221
[OS:06095] TURBULENTO | Gap Cuántico: 0.2374 | Load: 0.232
[OS:06100] TURBULENTO | Gap Cuántico: 0.2116 | Load: 0.227
[OS:06105] TURBULENTO | Gap Cuántico: 0.2309 | Load: 0.226
[OS:06110] TURBULENTO | Gap Cuántico: 0.1892 | Load: 0.227
[OS:06115] TURBULENTO | Gap Cuántico: 0.1848 | Load: 0.228
[OS:06120] TURBULENTO | Gap Cuántico: 0.2423 | Load: 0.223
[OS:06125] TURBULENTO | Gap Cuántico: 0.2340 | Load: 0.222
[OS:06130] TURBULENTO | Gap Cuántico: 0.1951 | Load: 0.232
[OS:06135] TURBULENTO | Gap Cuántico: 0.2394 | Load: 0.232
[OS:06140] TURBULENTO | Gap Cuántico: 0.1887 | Load: 0.229
[OS:06145] TURBULENTO | Gap Cuántico: 0.1893 | Load: 0.225
[OS:06150] TURBULENTO | Gap Cuántico: 0.1875 | Load: 0.233
[OS:06155] TURBULENTO | Gap Cuántico: 0.1760 | Load: 0.233
[OS:06160] TURBULENTO | Gap Cuántico: 0.2068 | Load: 0.221
[OS:06165] TURBULENTO | Gap Cuántico: 0.1856 | Load: 0.227
[OS:06170] TURBULENTO | Gap Cuántico: 0.2340 | Load: 0.228
[OS:06175] TURBULENTO | Gap Cuántico: 0.1785 | Load: 0.227
[OS:06180] TURBULENTO | Gap Cuántico: 0.1823 | Load: 0.234
[OS:06185] TURBULENTO | Gap Cuántico: 0.2328 | Load: 0.227
[OS:06190] TURBULENTO | Gap Cuántico: 0.1892 | Load: 0.234
[OS:06195] TURBULENTO | Gap Cuántico: 0.1879 | Load: 0.230
[OS:06200] TURBULENTO | Gap Cuántico: 0.1960 | Load: 0.229
[OS:06205] TURBULENTO | Gap Cuántico: 0.2297 | Load: 0.233
[OS:06210] TURBULENTO | Gap Cuántico: 0.1808 | Load: 0.231
[OS:06215] TURBULENTO | Gap Cuántico: 0.1962 | Load: 0.228
[OS:06220] TURBULENTO | Gap Cuántico: 0.1825 | Load: 0.221
[OS:06225] TURBULENTO | Gap Cuántico: 0.2116 | Load: 0.229
[OS:06230] TURBULENTO | Gap Cuántico: 0.2383 | Load: 0.236
[OS:06235] TURBULENTO | Gap Cuántico: 0.1905 | Load: 0.230
[OS:06240] TURBULENTO | Gap Cuántico: 0.2344 | Load: 0.230
[OS:06245] TURBULENTO | Gap Cuántico: 0.1801 | Load: 0.234
[OS:06250] TURBULENTO | Gap Cuántico: 0.2415 | Load: 0.228
[OS:06255] TURBULENTO | Gap Cuántico: 0.1830 | Load: 0.233
[OS:06260] TURBULENTO | Gap Cuántico: 0.1873 | Load: 0.231
[OS:06265] TURBULENTO | Gap Cuántico: 0.1832 | Load: 0.229
[OS:06270] TURBULENTO | Gap Cuántico: 0.2030 | Load: 0.245
[OS:06275] TURBULENTO | Gap Cuántico: 0.2163 | Load: 0.234
[OS:06280] TURBULENTO | Gap Cuántico: 0.2171 | Load: 0.227
[OS:06285] TURBULENTO | Gap Cuántico: 0.2159 | Load: 0.234
[OS:06290] TURBULENTO | Gap Cuántico: 0.1940 | Load: 0.228
[OS:06295] TURBULENTO | Gap Cuántico: 0.1998 | Load: 0.233
[OS:06300] TURBULENTO | Gap Cuántico: 0.2120 | Load: 0.241
[OS:06305] TURBULENTO | Gap Cuántico: 0.2416 | Load: 0.233
[OS:06310] TURBULENTO | Gap Cuántico: 0.2170 | Load: 0.236
[OS:06315] TURBULENTO | Gap Cuántico: 0.1760 | Load: 0.227
[OS:06320] TURBULENTO | Gap Cuántico: 0.1894 | Load: 0.228
[OS:06325] TURBULENTO | Gap Cuántico: 0.2411 | Load: 0.233
[OS:06330] TURBULENTO | Gap Cuántico: 0.2157 | Load: 0.228
[OS:06335] TURBULENTO | Gap Cuántico: 0.1794 | Load: 0.232
[OS:06340] TURBULENTO | Gap Cuántico: 0.2379 | Load: 0.234
[OS:06345] TURBULENTO | Gap Cuántico: 0.1708 | Load: 0.232
[OS:06350] TURBULENTO | Gap Cuántico: 0.1818 | Load: 0.230
[OS:06355] TURBULENTO | Gap Cuántico: 0.2068 | Load: 0.231
[OS:06360] TURBULENTO | Gap Cuántico: 0.1866 | Load: 0.231
[OS:06365] TURBULENTO | Gap Cuántico: 0.2309 | Load: 0.236
[OS:06370] TURBULENTO | Gap Cuántico: 0.1894 | Load: 0.232
[OS:06375] TURBULENTO | Gap Cuántico: 0.2138 | Load: 0.232
[OS:06380] TURBULENTO | Gap Cuántico: 0.2112 | Load: 0.225
[OS:06385] TURBULENTO | Gap Cuántico: 0.2280 | Load: 0.221
[OS:06390] TURBULENTO | Gap Cuántico: 0.1944 | Load: 0.233
[OS:06395] TURBULENTO | Gap Cuántico: 0.1959 | Load: 0.239
[OS:06400] TURBULENTO | Gap Cuántico: 0.1856 | Load: 0.230
[OS:06405] TURBULENTO | Gap Cuántico: 0.1755 | Load: 0.227
[OS:06410] TURBULENTO | Gap Cuántico: 0.2276 | Load: 0.227
[OS:06415] TURBULENTO | Gap Cuántico: 0.1962 | Load: 0.229
[OS:06420] TURBULENTO | Gap Cuántico: 0.1794 | Load: 0.232
[OS:06425] TURBULENTO | Gap Cuántico: 0.1883 | Load: 0.233
[OS:06430] TURBULENTO | Gap Cuántico: 0.1918 | Load: 0.232
[OS:06435] TURBULENTO | Gap Cuántico: 0.2150 | Load: 0.223
[OS:06440] TURBULENTO | Gap Cuántico: 0.2280 | Load: 0.227
[OS:06445] TURBULENTO | Gap Cuántico: 0.2349 | Load: 0.233
[OS:06450] TURBULENTO | Gap Cuántico: 0.2042 | Load: 0.231
[OS:06455] TURBULENTO | Gap Cuántico: 0.1962 | Load: 0.233
[OS:06460] TURBULENTO | Gap Cuántico: 0.2090 | Load: 0.239
[OS:06465] TURBULENTO | Gap Cuántico: 0.2392 | Load: 0.238
[OS:06470] TURBULENTO | Gap Cuántico: 0.1954 | Load: 0.228
[OS:06475] TURBULENTO | Gap Cuántico: 0.2154 | Load: 0.227
[OS:06480] TURBULENTO | Gap Cuántico: 0.1879 | Load: 0.222
[OS:06485] TURBULENTO | Gap Cuántico: 0.1951 | Load: 0.230
[OS:06490] TURBULENTO | Gap Cuántico: 0.2079 | Load: 0.233
[OS:06495] TURBULENTO | Gap Cuántico: 0.1752 | Load: 0.230
[OS:06500] TURBULENTO | Gap Cuántico: 0.2349 | Load: 0.232
[OS:06505] TURBULENTO | Gap Cuántico: 0.2171 | Load: 0.229
[OS:06510] TURBULENTO | Gap Cuántico: 0.1773 | Load: 0.232
[OS:06515] TURBULENTO | Gap Cuántico: 0.1885 | Load: 0.225
[OS:06520] TURBULENTO | Gap Cuántico: 0.2009 | Load: 0.226
[OS:06525] TURBULENTO | Gap Cuántico: 0.1760 | Load: 0.232
[OS:06530] TURBULENTO | Gap Cuántico: 0.1866 | Load: 0.224
[OS:06535] TURBULENTO | Gap Cuántico: 0.1909 | Load: 0.228
[OS:06540] TURBULENTO | Gap Cuántico: 0.2424 | Load: 0.230
[OS:06545] TURBULENTO | Gap Cuántico: 0.1753 | Load: 0.225
[OS:06550] TURBULENTO | Gap Cuántico: 0.1888 | Load: 0.222
[OS:06555] TURBULENTO | Gap Cuántico: 0.1869 | Load: 0.233
[OS:06560] TURBULENTO | Gap Cuántico: 0.1962 | Load: 0.229
[OS:06565] TURBULENTO | Gap Cuántico: 0.2097 | Load: 0.228
[OS:06570] TURBULENTO | Gap Cuántico: 0.1961 | Load: 0.226
[OS:06575] TURBULENTO | Gap Cuántico: 0.2215 | Load: 0.232
[OS:06580] TURBULENTO | Gap Cuántico: 0.1939 | Load: 0.227
[OS:06585] TURBULENTO | Gap Cuántico: 0.1825 | Load: 0.228
[OS:06590] TURBULENTO | Gap Cuántico: 0.2135 | Load: 0.231
[OS:06595] TURBULENTO | Gap Cuántico: 0.1845 | Load: 0.235
[OS:06600] TURBULENTO | Gap Cuántico: 0.2383 | Load: 0.230
[OS:06605] TURBULENTO | Gap Cuántico: 0.1942 | Load: 0.234
[OS:06610] TURBULENTO | Gap Cuántico: 0.2165 | Load: 0.230
[OS:06615] TURBULENTO | Gap Cuántico: 0.1878 | Load: 0.229
[OS:06620] TURBULENTO | Gap Cuántico: 0.2062 | Load: 0.223
[OS:06625] TURBULENTO | Gap Cuántico: 0.1850 | Load: 0.218
[OS:06630] TURBULENTO | Gap Cuántico: 0.2155 | Load: 0.227
[OS:06635] TURBULENTO | Gap Cuántico: 0.2201 | Load: 0.233
[OS:06640] TURBULENTO | Gap Cuántico: 0.2408 | Load: 0.241
[OS:06645] TURBULENTO | Gap Cuántico: 0.2247 | Load: 0.233
[OS:06650] TURBULENTO | Gap Cuántico: 0.1791 | Load: 0.229
[OS:06655] TURBULENTO | Gap Cuántico: 0.2415 | Load: 0.234
[OS:06660] TURBULENTO | Gap Cuántico: 0.2120 | Load: 0.233
[OS:06665] TURBULENTO | Gap Cuántico: 0.2030 | Load: 0.231
[OS:06670] TURBULENTO | Gap Cuántico: 0.1881 | Load: 0.230
[OS:06675] TURBULENTO | Gap Cuántico: 0.1850 | Load: 0.236
[OS:06680] TURBULENTO | Gap Cuántico: 0.1963 | Load: 0.235
[OS:06685] TURBULENTO | Gap Cuántico: 0.1837 | Load: 0.228
[OS:06690] TURBULENTO | Gap Cuántico: 0.1876 | Load: 0.237
[OS:06695] TURBULENTO | Gap Cuántico: 0.1700 | Load: 0.227
[OS:06700] TURBULENTO | Gap Cuántico: 0.1808 | Load: 0.224
[OS:06705] TURBULENTO | Gap Cuántico: 0.1894 | Load: 0.223
[OS:06710] TURBULENTO | Gap Cuántico: 0.2134 | Load: 0.229
[OS:06715] TURBULENTO | Gap Cuántico: 0.1768 | Load: 0.237
[OS:06720] TURBULENTO | Gap Cuántico: 0.1929 | Load: 0.235
[OS:06725] TURBULENTO | Gap Cuántico: 0.1830 | Load: 0.226
[OS:06730] TURBULENTO | Gap Cuántico: 0.1890 | Load: 0.227
[OS:06735] TURBULENTO | Gap Cuántico: 0.1753 | Load: 0.225
[OS:06740] TURBULENTO | Gap Cuántico: 0.1952 | Load: 0.227
[OS:06745] TURBULENTO | Gap Cuántico: 0.2416 | Load: 0.227
[OS:06750] TURBULENTO | Gap Cuántico: 0.2208 | Load: 0.233
[OS:06755] TURBULENTO | Gap Cuántico: 0.2215 | Load: 0.236
[OS:06760] TURBULENTO | Gap Cuántico: 0.2036 | Load: 0.232
[OS:06765] TURBULENTO | Gap Cuántico: 0.2309 | Load: 0.227
[OS:06770] TURBULENTO | Gap Cuántico: 0.2250 | Load: 0.229
[OS:06775] TURBULENTO | Gap Cuántico: 0.2048 | Load: 0.234
[OS:06780] TURBULENTO | Gap Cuántico: 0.1862 | Load: 0.228
[OS:06785] TURBULENTO | Gap Cuántico: 0.1909 | Load: 0.220
[OS:06790] TURBULENTO | Gap Cuántico: 0.1891 | Load: 0.229
[OS:06795] TURBULENTO | Gap Cuántico: 0.2104 | Load: 0.229
[OS:06800] TURBULENTO | Gap Cuántico: 0.2250 | Load: 0.229
[OS:06805] TURBULENTO | Gap Cuántico: 0.2054 | Load: 0.229
[OS:06810] TURBULENTO | Gap Cuántico: 0.2132 | Load: 0.233
[OS:06815] TURBULENTO | Gap Cuántico: 0.1837 | Load: 0.233
[OS:06820] TURBULENTO | Gap Cuántico: 0.1763 | Load: 0.234
[OS:06825] TURBULENTO | Gap Cuántico: 0.2369 | Load: 0.231
[OS:06830] TURBULENTO | Gap Cuántico: 0.1956 | Load: 0.230
[OS:06835] TURBULENTO | Gap Cuántico: 0.1935 | Load: 0.230
[OS:06840] TURBULENTO | Gap Cuántico: 0.1946 | Load: 0.238
[OS:06845] TURBULENTO | Gap Cuántico: 0.2397 | Load: 0.232
[OS:06850] TURBULENTO | Gap Cuántico: 0.1854 | Load: 0.226
[OS:06855] TURBULENTO | Gap Cuántico: 0.2355 | Load: 0.235
[OS:06860] TURBULENTO | Gap Cuántico: 0.1891 | Load: 0.227
[OS:06865] TURBULENTO | Gap Cuántico: 0.2168 | Load: 0.235
[OS:06870] TURBULENTO | Gap Cuántico: 0.2065 | Load: 0.231
[OS:06875] TURBULENTO | Gap Cuántico: 0.2190 | Load: 0.234
[OS:06880] TURBULENTO | Gap Cuántico: 0.1948 | Load: 0.226
[OS:06885] TURBULENTO | Gap Cuántico: 0.1950 | Load: 0.229
[OS:06890] TURBULENTO | Gap Cuántico: 0.1869 | Load: 0.217
[OS:06895] TURBULENTO | Gap Cuántico: 0.1791 | Load: 0.216
[OS:06900] TURBULENTO | Gap Cuántico: 0.1763 | Load: 0.224
[OS:06905] TURBULENTO | Gap Cuántico: 0.1952 | Load: 0.226
[OS:06910] TURBULENTO | Gap Cuántico: 0.2422 | Load: 0.227
[OS:06915] TURBULENTO | Gap Cuántico: 0.1957 | Load: 0.231
[OS:06920] TURBULENTO | Gap Cuántico: 0.1779 | Load: 0.233
[OS:06925] TURBULENTO | Gap Cuántico: 0.1964 | Load: 0.233
[OS:06930] TURBULENTO | Gap Cuántico: 0.1987 | Load: 0.232
[OS:06935] TURBULENTO | Gap Cuántico: 0.2147 | Load: 0.227
[OS:06940] TURBULENTO | Gap Cuántico: 0.2377 | Load: 0.237
[OS:06945] TURBULENTO | Gap Cuántico: 0.1838 | Load: 0.222
[OS:06950] TURBULENTO | Gap Cuántico: 0.2172 | Load: 0.230
[OS:06955] TURBULENTO | Gap Cuántico: 0.1860 | Load: 0.228
[OS:06960] TURBULENTO | Gap Cuántico: 0.2108 | Load: 0.235
[OS:06965] TURBULENTO | Gap Cuántico: 0.1779 | Load: 0.223
[OS:06970] TURBULENTO | Gap Cuántico: 0.1955 | Load: 0.235
[OS:06975] TURBULENTO | Gap Cuántico: 0.2412 | Load: 0.234
[OS:06980] TURBULENTO | Gap Cuántico: 0.1860 | Load: 0.227
[OS:06985] TURBULENTO | Gap Cuántico: 0.1956 | Load: 0.225
[OS:06990] TURBULENTO | Gap Cuántico: 0.1746 | Load: 0.229
[OS:06995] TURBULENTO | Gap Cuántico: 0.1861 | Load: 0.228
[OS:07000] TURBULENTO | Gap Cuántico: 0.1987 | Load: 0.234
[OS:07005] TURBULENTO | Gap Cuántico: 0.2187 | Load: 0.229
[OS:07010] TURBULENTO | Gap Cuántico: 0.1850 | Load: 0.228
[OS:07015] TURBULENTO | Gap Cuántico: 0.1763 | Load: 0.229
[OS:07020] TURBULENTO | Gap Cuántico: 0.1931 | Load: 0.230
[OS:07025] TURBULENTO | Gap Cuántico: 0.2402 | Load: 0.228
[OS:07030] TURBULENTO | Gap Cuántico: 0.2422 | Load: 0.230
[OS:07035] TURBULENTO | Gap Cuántico: 0.2042 | Load: 0.230
[OS:07040] TURBULENTO | Gap Cuántico: 0.2141 | Load: 0.234
[OS:07045] TURBULENTO | Gap Cuántico: 0.1836 | Load: 0.226
[OS:07050] TURBULENTO | Gap Cuántico: 0.2250 | Load: 0.223
[OS:07055] TURBULENTO | Gap Cuántico: 0.1892 | Load: 0.228
[OS:07060] TURBULENTO | Gap Cuántico: 0.2301 | Load: 0.239
[OS:07065] TURBULENTO | Gap Cuántico: 0.1823 | Load: 0.234
[OS:07070] TURBULENTO | Gap Cuántico: 0.2151 | Load: 0.233
[OS:07075] TURBULENTO | Gap Cuántico: 0.1954 | Load: 0.235
[OS:07080] TURBULENTO | Gap Cuántico: 0.1950 | Load: 0.222
[OS:07085] TURBULENTO | Gap Cuántico: 0.2095 | Load: 0.228
[OS:07090] TURBULENTO | Gap Cuántico: 0.1801 | Load: 0.231
[OS:07095] TURBULENTO | Gap Cuántico: 0.2168 | Load: 0.235
[OS:07100] TURBULENTO | Gap Cuántico: 0.2127 | Load: 0.230
[OS:07105] TURBULENTO | Gap Cuántico: 0.2399 | Load: 0.228
[OS:07110] TURBULENTO | Gap Cuántico: 0.2383 | Load: 0.234
[OS:07115] TURBULENTO | Gap Cuántico: 0.1889 | Load: 0.226
[OS:07120] TURBULENTO | Gap Cuántico: 0.1962 | Load: 0.232
[OS:07125] TURBULENTO | Gap Cuántico: 0.1757 | Load: 0.228
[OS:07130] TURBULENTO | Gap Cuántico: 0.2412 | Load: 0.227
[OS:07135] TURBULENTO | Gap Cuántico: 0.1905 | Load: 0.225
[OS:07140] TURBULENTO | Gap Cuántico: 0.1978 | Load: 0.230
[OS:07145] TURBULENTO | Gap Cuántico: 0.2168 | Load: 0.231
[OS:07150] TURBULENTO | Gap Cuántico: 0.1764 | Load: 0.224
[OS:07155] TURBULENTO | Gap Cuántico: 0.2172 | Load: 0.230
[OS:07160] TURBULENTO | Gap Cuántico: 0.1750 | Load: 0.241
[OS:07165] TURBULENTO | Gap Cuántico: 0.2413 | Load: 0.236
[OS:07170] TURBULENTO | Gap Cuántico: 0.2171 | Load: 0.233
[OS:07175] TURBULENTO | Gap Cuántico: 0.2417 | Load: 0.234
[OS:07180] TURBULENTO | Gap Cuántico: 0.1797 | Load: 0.231
[OS:07185] TURBULENTO | Gap Cuántico: 0.1998 | Load: 0.228
[OS:07190] TURBULENTO | Gap Cuántico: 0.2344 | Load: 0.226
[OS:07195] TURBULENTO | Gap Cuántico: 0.2166 | Load: 0.225
[OS:07200] TURBULENTO | Gap Cuántico: 0.1957 | Load: 0.227
[OS:07205] TURBULENTO | Gap Cuántico: 0.2290 | Load: 0.230
[OS:07210] TURBULENTO | Gap Cuántico: 0.2067 | Load: 0.227
[OS:07215] TURBULENTO | Gap Cuántico: 0.1891 | Load: 0.223
[OS:07220] TURBULENTO | Gap Cuántico: 0.2167 | Load: 0.223
[OS:07225] TURBULENTO | Gap Cuántico: 0.1944 | Load: 0.227
[OS:07230] TURBULENTO | Gap Cuántico: 0.1956 | Load: 0.232
[OS:07235] TURBULENTO | Gap Cuántico: 0.2063 | Load: 0.233
[OS:07240] TURBULENTO | Gap Cuántico: 0.2030 | Load: 0.227
[OS:07245] TURBULENTO | Gap Cuántico: 0.2099 | Load: 0.233
[OS:07250] TURBULENTO | Gap Cuántico: 0.1861 | Load: 0.236
[OS:07255] TURBULENTO | Gap Cuántico: 0.2207 | Load: 0.228
[OS:07260] TURBULENTO | Gap Cuántico: 0.1785 | Load: 0.229
[OS:07265] TURBULENTO | Gap Cuántico: 0.1762 | Load: 0.231
[OS:07270] TURBULENTO | Gap Cuántico: 0.1760 | Load: 0.231
[OS:07275] TURBULENTO | Gap Cuántico: 0.2369 | Load: 0.229
[OS:07280] TURBULENTO | Gap Cuántico: 0.1978 | Load: 0.224
[OS:07285] TURBULENTO | Gap Cuántico: 0.1841 | Load: 0.229
[OS:07290] TURBULENTO | Gap Cuántico: 0.2073 | Load: 0.234
[OS:07295] TURBULENTO | Gap Cuántico: 0.1829 | Load: 0.228
[OS:07300] TURBULENTO | Gap Cuántico: 0.1755 | Load: 0.222
[OS:07305] TURBULENTO | Gap Cuántico: 0.2355 | Load: 0.231
[OS:07310] TURBULENTO | Gap Cuántico: 0.2062 | Load: 0.235
[OS:07315] TURBULENTO | Gap Cuántico: 0.1922 | Load: 0.231
[OS:07320] TURBULENTO | Gap Cuántico: 0.1950 | Load: 0.237
[OS:07325] TURBULENTO | Gap Cuántico: 0.2397 | Load: 0.233
[OS:07330] TURBULENTO | Gap Cuántico: 0.2385 | Load: 0.233
[OS:07335] TURBULENTO | Gap Cuántico: 0.1889 | Load: 0.226
[OS:07340] TURBULENTO | Gap Cuántico: 0.1932 | Load: 0.221
[OS:07345] TURBULENTO | Gap Cuántico: 0.2369 | Load: 0.238
[OS:07350] TURBULENTO | Gap Cuántico: 0.1940 | Load: 0.232
[OS:07355] TURBULENTO | Gap Cuántico: 0.1861 | Load: 0.227
[OS:07360] TURBULENTO | Gap Cuántico: 0.1871 | Load: 0.222
[OS:07365] TURBULENTO | Gap Cuántico: 0.1821 | Load: 0.236
[OS:07370] TURBULENTO | Gap Cuántico: 0.2254 | Load: 0.232
[OS:07375] TURBULENTO | Gap Cuántico: 0.1963 | Load: 0.233
[OS:07380] TURBULENTO | Gap Cuántico: 0.2420 | Load: 0.233
[OS:07385] TURBULENTO | Gap Cuántico: 0.1764 | Load: 0.229
[OS:07390] TURBULENTO | Gap Cuántico: 0.2062 | Load: 0.236
[OS:07395] TURBULENTO | Gap Cuántico: 0.2247 | Load: 0.236
[OS:07400] TURBULENTO | Gap Cuántico: 0.1756 | Load: 0.234
[OS:07405] TURBULENTO | Gap Cuántico: 0.1846 | Load: 0.226
[OS:07410] TURBULENTO | Gap Cuántico: 0.2149 | Load: 0.227
[OS:07415] TURBULENTO | Gap Cuántico: 0.2030 | Load: 0.225
[OS:07420] TURBULENTO | Gap Cuántico: 0.1941 | Load: 0.226
[OS:07425] TURBULENTO | Gap Cuántico: 0.1825 | Load: 0.230
[OS:07430] TURBULENTO | Gap Cuántico: 0.1892 | Load: 0.219
[OS:07435] TURBULENTO | Gap Cuántico: 0.1890 | Load: 0.228
[OS:07440] TURBULENTO | Gap Cuántico: 0.1889 | Load: 0.226
[OS:07445] TURBULENTO | Gap Cuántico: 0.2083 | Load: 0.235
[OS:07450] TURBULENTO | Gap Cuántico: 0.2151 | Load: 0.230
[OS:07455] TURBULENTO | Gap Cuántico: 0.2400 | Load: 0.236
[OS:07460] TURBULENTO | Gap Cuántico: 0.1911 | Load: 0.235
[OS:07465] TURBULENTO | Gap Cuántico: 0.2020 | Load: 0.237
[OS:07470] TURBULENTO | Gap Cuántico: 0.2411 | Load: 0.233
[OS:07475] TURBULENTO | Gap Cuántico: 0.1873 | Load: 0.224
[OS:07480] TURBULENTO | Gap Cuántico: 0.2250 | Load: 0.233
[OS:07485] TURBULENTO | Gap Cuántico: 0.1885 | Load: 0.226
[OS:07490] TURBULENTO | Gap Cuántico: 0.1872 | Load: 0.229
[OS:07495] TURBULENTO | Gap Cuántico: 0.2135 | Load: 0.237
[OS:07500] TURBULENTO | Gap Cuántico: 0.1894 | Load: 0.228
[OS:07505] TURBULENTO | Gap Cuántico: 0.1998 | Load: 0.227
[OS:07510] TURBULENTO | Gap Cuántico: 0.1788 | Load: 0.226
[OS:07515] TURBULENTO | Gap Cuántico: 0.1889 | Load: 0.228
[OS:07520] TURBULENTO | Gap Cuántico: 0.2166 | Load: 0.232
[OS:07525] TURBULENTO | Gap Cuántico: 0.1911 | Load: 0.230
[OS:07530] TURBULENTO | Gap Cuántico: 0.1753 | Load: 0.222
[OS:07535] TURBULENTO | Gap Cuántico: 0.1763 | Load: 0.229
[OS:07540] TURBULENTO | Gap Cuántico: 0.1840 | Load: 0.224
[OS:07545] TURBULENTO | Gap Cuántico: 0.2227 | Load: 0.224
[OS:07550] TURBULENTO | Gap Cuántico: 0.2138 | Load: 0.224
[OS:07555] TURBULENTO | Gap Cuántico: 0.2124 | Load: 0.230
[OS:07560] TURBULENTO | Gap Cuántico: 0.1894 | Load: 0.230
[OS:07565] TURBULENTO | Gap Cuántico: 0.1881 | Load: 0.232
[OS:07570] TURBULENTO | Gap Cuántico: 0.2138 | Load: 0.232
[OS:07575] TURBULENTO | Gap Cuántico: 0.1837 | Load: 0.226
[OS:07580] TURBULENTO | Gap Cuántico: 0.2392 | Load: 0.229
[OS:07585] TURBULENTO | Gap Cuántico: 0.2316 | Load: 0.231
[OS:07590] TURBULENTO | Gap Cuántico: 0.2406 | Load: 0.238
[OS:07595] TURBULENTO | Gap Cuántico: 0.1957 | Load: 0.229
[OS:07600] TURBULENTO | Gap Cuántico: 0.1942 | Load: 0.226
[OS:07605] TURBULENTO | Gap Cuántico: 0.2190 | Load: 0.228
[OS:07610] TURBULENTO | Gap Cuántico: 0.1889 | Load: 0.232
[OS:07615] TURBULENTO | Gap Cuántico: 0.2303 | Load: 0.230
[OS:07620] TURBULENTO | Gap Cuántico: 0.2138 | Load: 0.239
[OS:07625] TURBULENTO | Gap Cuántico: 0.1962 | Load: 0.230
[OS:07630] TURBULENTO | Gap Cuántico: 0.2090 | Load: 0.226
[OS:07635] TURBULENTO | Gap Cuántico: 0.1962 | Load: 0.234
[OS:07640] TURBULENTO | Gap Cuántico: 0.2334 | Load: 0.233
[OS:07645] TURBULENTO | Gap Cuántico: 0.1818 | Load: 0.226
[OS:07650] TURBULENTO | Gap Cuántico: 0.1940 | Load: 0.233
[OS:07655] TURBULENTO | Gap Cuántico: 0.1763 | Load: 0.229
[OS:07660] TURBULENTO | Gap Cuántico: 0.1761 | Load: 0.233
[OS:07665] TURBULENTO | Gap Cuántico: 0.1958 | Load: 0.236
[OS:07670] TURBULENTO | Gap Cuántico: 0.2424 | Load: 0.231
[OS:07675] TURBULENTO | Gap Cuántico: 0.2135 | Load: 0.232
[OS:07680] TURBULENTO | Gap Cuántico: 0.1893 | Load: 0.231
[OS:07685] TURBULENTO | Gap Cuántico: 0.2120 | Load: 0.231
[OS:07690] TURBULENTO | Gap Cuántico: 0.1750 | Load: 0.231
[OS:07695] TURBULENTO | Gap Cuántico: 0.2304 | Load: 0.234
[OS:07700] TURBULENTO | Gap Cuántico: 0.1767 | Load: 0.225
[OS:07705] TURBULENTO | Gap Cuántico: 0.2171 | Load: 0.232
[OS:07710] TURBULENTO | Gap Cuántico: 0.2295 | Load: 0.232
[OS:07715] TURBULENTO | Gap Cuántico: 0.2181 | Load: 0.227
[OS:07720] TURBULENTO | Gap Cuántico: 0.1900 | Load: 0.227
[OS:07725] TURBULENTO | Gap Cuántico: 0.1755 | Load: 0.232
[OS:07730] TURBULENTO | Gap Cuántico: 0.1869 | Load: 0.229
[OS:07735] TURBULENTO | Gap Cuántico: 0.2322 | Load: 0.238
[OS:07740] TURBULENTO | Gap Cuántico: 0.2424 | Load: 0.242
[OS:07745] TURBULENTO | Gap Cuántico: 0.1748 | Load: 0.233
[OS:07750] TURBULENTO | Gap Cuántico: 0.1894 | Load: 0.227
[OS:07755] TURBULENTO | Gap Cuántico: 0.1876 | Load: 0.237
[OS:07760] TURBULENTO | Gap Cuántico: 0.1962 | Load: 0.233
[OS:07765] TURBULENTO | Gap Cuántico: 0.2121 | Load: 0.236
[OS:07770] TURBULENTO | Gap Cuántico: 0.2269 | Load: 0.243
[OS:07775] TURBULENTO | Gap Cuántico: 0.1922 | Load: 0.225
[OS:07780] TURBULENTO | Gap Cuántico: 0.2171 | Load: 0.231
[OS:07785] TURBULENTO | Gap Cuántico: 0.2369 | Load: 0.225
[OS:07790] TURBULENTO | Gap Cuántico: 0.1864 | Load: 0.218
[OS:07795] TURBULENTO | Gap Cuántico: 0.1895 | Load: 0.225
[OS:07800] TURBULENTO | Gap Cuántico: 0.1948 | Load: 0.232
[OS:07805] TURBULENTO | Gap Cuántico: 0.1985 | Load: 0.228
[OS:07810] TURBULENTO | Gap Cuántico: 0.1879 | Load: 0.229
[OS:07815] TURBULENTO | Gap Cuántico: 0.2104 | Load: 0.229
[OS:07820] TURBULENTO | Gap Cuántico: 0.1962 | Load: 0.237
[OS:07825] TURBULENTO | Gap Cuántico: 0.1962 | Load: 0.244
[OS:07830] TURBULENTO | Gap Cuántico: 0.1757 | Load: 0.244
[OS:07835] TURBULENTO | Gap Cuántico: 0.2201 | Load: 0.236
[OS:07840] TURBULENTO | Gap Cuántico: 0.1914 | Load: 0.230
[OS:07845] TURBULENTO | Gap Cuántico: 0.1962 | Load: 0.225
[OS:07850] TURBULENTO | Gap Cuántico: 0.2166 | Load: 0.220
[OS:07855] TURBULENTO | Gap Cuántico: 0.1819 | Load: 0.220
[OS:07860] TURBULENTO | Gap Cuántico: 0.2172 | Load: 0.230
[OS:07865] TURBULENTO | Gap Cuántico: 0.2322 | Load: 0.230
[OS:07870] TURBULENTO | Gap Cuántico: 0.2386 | Load: 0.234
[OS:07875] TURBULENTO | Gap Cuántico: 0.2179 | Load: 0.234
[OS:07880] TURBULENTO | Gap Cuántico: 0.1960 | Load: 0.225
[OS:07885] TURBULENTO | Gap Cuántico: 0.1755 | Load: 0.230
[OS:07890] TURBULENTO | Gap Cuántico: 0.1742 | Load: 0.231
[OS:07895] TURBULENTO | Gap Cuántico: 0.2418 | Load: 0.235
[OS:07900] TURBULENTO | Gap Cuántico: 0.1956 | Load: 0.228
[OS:07905] TURBULENTO | Gap Cuántico: 0.2018 | Load: 0.229
[OS:07910] TURBULENTO | Gap Cuántico: 0.2287 | Load: 0.234
[OS:07915] TURBULENTO | Gap Cuántico: 0.1861 | Load: 0.230
[OS:07920] TURBULENTO | Gap Cuántico: 0.1753 | Load: 0.237
[OS:07925] TURBULENTO | Gap Cuántico: 0.1742 | Load: 0.226
[OS:07930] TURBULENTO | Gap Cuántico: 0.2141 | Load: 0.229
[OS:07935] TURBULENTO | Gap Cuántico: 0.2233 | Load: 0.226
[OS:07940] TURBULENTO | Gap Cuántico: 0.2303 | Load: 0.235
[OS:07945] TURBULENTO | Gap Cuántico: 0.2030 | Load: 0.228
[OS:07950] TURBULENTO | Gap Cuántico: 0.1891 | Load: 0.218
[OS:07955] TURBULENTO | Gap Cuántico: 0.2408 | Load: 0.230
[OS:07960] TURBULENTO | Gap Cuántico: 0.1818 | Load: 0.230
[OS:07965] TURBULENTO | Gap Cuántico: 0.1796 | Load: 0.232
[OS:07970] TURBULENTO | Gap Cuántico: 0.2169 | Load: 0.230
[OS:07975] TURBULENTO | Gap Cuántico: 0.2276 | Load: 0.225
[OS:07980] TURBULENTO | Gap Cuántico: 0.2416 | Load: 0.236
[OS:07985] TURBULENTO | Gap Cuántico: 0.2283 | Load: 0.234
[OS:07990] TURBULENTO | Gap Cuántico: 0.1755 | Load: 0.238
[OS:07995] TURBULENTO | Gap Cuántico: 0.2340 | Load: 0.229
[OS:08000] TURBULENTO | Gap Cuántico: 0.1961 | Load: 0.237
[OS:08005] TURBULENTO | Gap Cuántico: 0.2381 | Load: 0.236
[OS:08010] TURBULENTO | Gap Cuántico: 0.1753 | Load: 0.231
[OS:08015] TURBULENTO | Gap Cuántico: 0.2172 | Load: 0.230
[OS:08020] TURBULENTO | Gap Cuántico: 0.2005 | Load: 0.231
[OS:08025] TURBULENTO | Gap Cuántico: 0.2269 | Load: 0.228
[OS:08030] TURBULENTO | Gap Cuántico: 0.1767 | Load: 0.225
[OS:08035] TURBULENTO | Gap Cuántico: 0.2276 | Load: 0.219
[OS:08040] TURBULENTO | Gap Cuántico: 0.2030 | Load: 0.224
[OS:08045] TURBULENTO | Gap Cuántico: 0.1946 | Load: 0.226
[OS:08050] TURBULENTO | Gap Cuántico: 0.1927 | Load: 0.221
[OS:08055] TURBULENTO | Gap Cuántico: 0.1722 | Load: 0.228
[OS:08060] TURBULENTO | Gap Cuántico: 0.1802 | Load: 0.226
[OS:08065] TURBULENTO | Gap Cuántico: 0.2303 | Load: 0.225
[OS:08070] TURBULENTO | Gap Cuántico: 0.1856 | Load: 0.227
[OS:08075] TURBULENTO | Gap Cuántico: 0.2073 | Load: 0.226
[OS:08080] TURBULENTO | Gap Cuántico: 0.2155 | Load: 0.235
[OS:08085] TURBULENTO | Gap Cuántico: 0.2171 | Load: 0.230
[OS:08090] TURBULENTO | Gap Cuántico: 0.1904 | Load: 0.227
[OS:08095] TURBULENTO | Gap Cuántico: 0.2166 | Load: 0.230
[OS:08100] TURBULENTO | Gap Cuántico: 0.2163 | Load: 0.230
[OS:08105] TURBULENTO | Gap Cuántico: 0.1854 | Load: 0.228
[OS:08110] TURBULENTO | Gap Cuántico: 0.2333 | Load: 0.225
[OS:08115] TURBULENTO | Gap Cuántico: 0.1903 | Load: 0.224
[OS:08120] TURBULENTO | Gap Cuántico: 0.2172 | Load: 0.244
[OS:08125] TURBULENTO | Gap Cuántico: 0.2356 | Load: 0.232
[OS:08130] TURBULENTO | Gap Cuántico: 0.1806 | Load: 0.232
[OS:08135] TURBULENTO | Gap Cuántico: 0.1866 | Load: 0.232
[OS:08140] TURBULENTO | Gap Cuántico: 0.2005 | Load: 0.226
[OS:08145] TURBULENTO | Gap Cuántico: 0.1998 | Load: 0.230
[OS:08150] TURBULENTO | Gap Cuántico: 0.1861 | Load: 0.229
[OS:08155] TURBULENTO | Gap Cuántico: 0.1911 | Load: 0.231
[OS:08160] TURBULENTO | Gap Cuántico: 0.2413 | Load: 0.230
[OS:08165] TURBULENTO | Gap Cuántico: 0.1708 | Load: 0.231
[OS:08170] TURBULENTO | Gap Cuántico: 0.1892 | Load: 0.233
[OS:08175] TURBULENTO | Gap Cuántico: 0.2059 | Load: 0.232
[OS:08180] TURBULENTO | Gap Cuántico: 0.1953 | Load: 0.234
[OS:08185] TURBULENTO | Gap Cuántico: 0.1746 | Load: 0.226
[OS:08190] TURBULENTO | Gap Cuántico: 0.1756 | Load: 0.219
[OS:08195] TURBULENTO | Gap Cuántico: 0.1985 | Load: 0.234
[OS:08200] TURBULENTO | Gap Cuántico: 0.2120 | Load: 0.230
[OS:08205] TURBULENTO | Gap Cuántico: 0.2273 | Load: 0.234
[OS:08210] TURBULENTO | Gap Cuántico: 0.1753 | Load: 0.229
[OS:08215] TURBULENTO | Gap Cuántico: 0.2389 | Load: 0.230
[OS:08220] TURBULENTO | Gap Cuántico: 0.2421 | Load: 0.230
[OS:08225] TURBULENTO | Gap Cuántico: 0.1794 | Load: 0.234
[OS:08230] TURBULENTO | Gap Cuántico: 0.1838 | Load: 0.227
[OS:08235] TURBULENTO | Gap Cuántico: 0.1763 | Load: 0.233
[OS:08240] TURBULENTO | Gap Cuántico: 0.2290 | Load: 0.236
[OS:08245] TURBULENTO | Gap Cuántico: 0.1850 | Load: 0.232
[OS:08250] TURBULENTO | Gap Cuántico: 0.1773 | Load: 0.225
[OS:08255] TURBULENTO | Gap Cuántico: 0.2328 | Load: 0.233
[OS:08260] TURBULENTO | Gap Cuántico: 0.1813 | Load: 0.233
[OS:08265] TURBULENTO | Gap Cuántico: 0.2422 | Load: 0.231
[OS:08270] TURBULENTO | Gap Cuántico: 0.2423 | Load: 0.227
[OS:08275] TURBULENTO | Gap Cuántico: 0.2187 | Load: 0.235
[OS:08280] TURBULENTO | Gap Cuántico: 0.1926 | Load: 0.238
[OS:08285] TURBULENTO | Gap Cuántico: 0.2269 | Load: 0.224
[OS:08290] TURBULENTO | Gap Cuántico: 0.1931 | Load: 0.232
[OS:08295] TURBULENTO | Gap Cuántico: 0.2390 | Load: 0.229
[OS:08300] TURBULENTO | Gap Cuántico: 0.2165 | Load: 0.236
[OS:08305] TURBULENTO | Gap Cuántico: 0.2214 | Load: 0.235
[OS:08310] TURBULENTO | Gap Cuántico: 0.1863 | Load: 0.230
[OS:08315] TURBULENTO | Gap Cuántico: 0.1700 | Load: 0.228
[OS:08320] TURBULENTO | Gap Cuántico: 0.1819 | Load: 0.230
[OS:08325] TURBULENTO | Gap Cuántico: 0.1748 | Load: 0.233
[OS:08330] TURBULENTO | Gap Cuántico: 0.1958 | Load: 0.233
[OS:08335] TURBULENTO | Gap Cuántico: 0.2048 | Load: 0.227
[OS:08340] TURBULENTO | Gap Cuántico: 0.2293 | Load: 0.228
[OS:08345] TURBULENTO | Gap Cuántico: 0.2396 | Load: 0.240
[OS:08350] TURBULENTO | Gap Cuántico: 0.2239 | Load: 0.236
[OS:08355] TURBULENTO | Gap Cuántico: 0.2422 | Load: 0.234
[OS:08360] TURBULENTO | Gap Cuántico: 0.2239 | Load: 0.238
[OS:08365] TURBULENTO | Gap Cuántico: 0.2020 | Load: 0.227
[OS:08370] TURBULENTO | Gap Cuántico: 0.1887 | Load: 0.224
[OS:08375] TURBULENTO | Gap Cuántico: 0.2052 | Load: 0.222
[OS:08380] TURBULENTO | Gap Cuántico: 0.1889 | Load: 0.228
[OS:08385] TURBULENTO | Gap Cuántico: 0.2419 | Load: 0.230
[OS:08390] TURBULENTO | Gap Cuántico: 0.1731 | Load: 0.233
[OS:08395] TURBULENTO | Gap Cuántico: 0.1889 | Load: 0.230
[OS:08400] TURBULENTO | Gap Cuántico: 0.2215 | Load: 0.225
[OS:08405] TURBULENTO | Gap Cuántico: 0.1939 | Load: 0.224
[OS:08410] TURBULENTO | Gap Cuántico: 0.2422 | Load: 0.230
[OS:08415] TURBULENTO | Gap Cuántico: 0.1904 | Load: 0.236
[OS:08420] TURBULENTO | Gap Cuántico: 0.1894 | Load: 0.228
[OS:08425] TURBULENTO | Gap Cuántico: 0.1985 | Load: 0.227
[OS:08430] TURBULENTO | Gap Cuántico: 0.1985 | Load: 0.228
[OS:08435] TURBULENTO | Gap Cuántico: 0.1940 | Load: 0.228
[OS:08440] TURBULENTO | Gap Cuántico: 0.2138 | Load: 0.229
[OS:08445] TURBULENTO | Gap Cuántico: 0.2239 | Load: 0.237
[OS:08450] TURBULENTO | Gap Cuántico: 0.1848 | Load: 0.226
[OS:08455] TURBULENTO | Gap Cuántico: 0.2144 | Load: 0.229
[OS:08460] TURBULENTO | Gap Cuántico: 0.2138 | Load: 0.228
[OS:08465] TURBULENTO | Gap Cuántico: 0.2165 | Load: 0.222
[OS:08470] TURBULENTO | Gap Cuántico: 0.1950 | Load: 0.223
[OS:08475] TURBULENTO | Gap Cuántico: 0.1742 | Load: 0.226
[OS:08480] TURBULENTO | Gap Cuántico: 0.2414 | Load: 0.233
[OS:08485] TURBULENTO | Gap Cuántico: 0.2297 | Load: 0.231
[OS:08490] TURBULENTO | Gap Cuántico: 0.1960 | Load: 0.232
[OS:08495] TURBULENTO | Gap Cuántico: 0.2397 | Load: 0.230
[OS:08500] TURBULENTO | Gap Cuántico: 0.1762 | Load: 0.234
[OS:08505] TURBULENTO | Gap Cuántico: 0.1922 | Load: 0.229
[OS:08510] TURBULENTO | Gap Cuántico: 0.2031 | Load: 0.233
[OS:08515] TURBULENTO | Gap Cuántico: 0.1960 | Load: 0.229
[OS:08520] TURBULENTO | Gap Cuántico: 0.1875 | Load: 0.225
[OS:08525] TURBULENTO | Gap Cuántico: 0.1915 | Load: 0.229
[OS:08530] TURBULENTO | Gap Cuántico: 0.1801 | Load: 0.231
[OS:08535] TURBULENTO | Gap Cuántico: 0.1971 | Load: 0.230
[OS:08540] TURBULENTO | Gap Cuántico: 0.1946 | Load: 0.229
[OS:08545] TURBULENTO | Gap Cuántico: 0.1894 | Load: 0.232
[OS:08550] TURBULENTO | Gap Cuántico: 0.1760 | Load: 0.229
[OS:08555] TURBULENTO | Gap Cuántico: 0.2112 | Load: 0.231
[OS:08560] TURBULENTO | Gap Cuántico: 0.2262 | Load: 0.231
[OS:08565] TURBULENTO | Gap Cuántico: 0.1846 | Load: 0.226
[OS:08570] TURBULENTO | Gap Cuántico: 0.2345 | Load: 0.225
[OS:08575] TURBULENTO | Gap Cuántico: 0.2214 | Load: 0.237
[OS:08580] TURBULENTO | Gap Cuántico: 0.2018 | Load: 0.233
[OS:08585] TURBULENTO | Gap Cuántico: 0.1845 | Load: 0.231
[OS:08590] TURBULENTO | Gap Cuántico: 0.2140 | Load: 0.229
[OS:08595] TURBULENTO | Gap Cuántico: 0.1758 | Load: 0.230
[OS:08600] TURBULENTO | Gap Cuántico: 0.2063 | Load: 0.232
[OS:08605] TURBULENTO | Gap Cuántico: 0.2062 | Load: 0.229
[OS:08610] TURBULENTO | Gap Cuántico: 0.1978 | Load: 0.239
[OS:08615] TURBULENTO | Gap Cuántico: 0.1872 | Load: 0.228
[OS:08620] TURBULENTO | Gap Cuántico: 0.1829 | Load: 0.230
[OS:08625] TURBULENTO | Gap Cuántico: 0.1827 | Load: 0.233
[OS:08630] TURBULENTO | Gap Cuántico: 0.1836 | Load: 0.234
[OS:08635] TURBULENTO | Gap Cuántico: 0.2103 | Load: 0.234
[OS:08640] TURBULENTO | Gap Cuántico: 0.1753 | Load: 0.231
[OS:08645] TURBULENTO | Gap Cuántico: 0.2250 | Load: 0.228
[OS:08650] TURBULENTO | Gap Cuántico: 0.2068 | Load: 0.230
[OS:08655] TURBULENTO | Gap Cuántico: 0.1922 | Load: 0.232
[OS:08660] TURBULENTO | Gap Cuántico: 0.2104 | Load: 0.229
[OS:08665] TURBULENTO | Gap Cuántico: 0.2254 | Load: 0.237
[OS:08670] TURBULENTO | Gap Cuántico: 0.1773 | Load: 0.233
[OS:08675] TURBULENTO | Gap Cuántico: 0.2108 | Load: 0.235
[OS:08680] TURBULENTO | Gap Cuántico: 0.2359 | Load: 0.228
[OS:08685] TURBULENTO | Gap Cuántico: 0.2390 | Load: 0.232
[OS:08690] TURBULENTO | Gap Cuántico: 0.2095 | Load: 0.241
[OS:08695] TURBULENTO | Gap Cuántico: 0.1892 | Load: 0.233
[OS:08700] TURBULENTO | Gap Cuántico: 0.2424 | Load: 0.236
[OS:08705] TURBULENTO | Gap Cuántico: 0.1759 | Load: 0.235
[OS:08710] TURBULENTO | Gap Cuántico: 0.2166 | Load: 0.234
[OS:08715] TURBULENTO | Gap Cuántico: 0.2147 | Load: 0.232
[OS:08720] TURBULENTO | Gap Cuántico: 0.1827 | Load: 0.235
[OS:08725] TURBULENTO | Gap Cuántico: 0.1872 | Load: 0.236
[OS:08730] TURBULENTO | Gap Cuántico: 0.1959 | Load: 0.229
[OS:08735] TURBULENTO | Gap Cuántico: 0.1745 | Load: 0.219
[OS:08740] TURBULENTO | Gap Cuántico: 0.1853 | Load: 0.221
[OS:08745] TURBULENTO | Gap Cuántico: 0.1948 | Load: 0.229
[OS:08750] TURBULENTO | Gap Cuántico: 0.1762 | Load: 0.222
[OS:08755] TURBULENTO | Gap Cuántico: 0.2080 | Load: 0.225
[OS:08760] TURBULENTO | Gap Cuántico: 0.1823 | Load: 0.223
[OS:08765] TURBULENTO | Gap Cuántico: 0.1888 | Load: 0.229
[OS:08770] TURBULENTO | Gap Cuántico: 0.2063 | Load: 0.226
[OS:08775] TURBULENTO | Gap Cuántico: 0.2334 | Load: 0.237
[OS:08780] TURBULENTO | Gap Cuántico: 0.2231 | Load: 0.231
[OS:08785] TURBULENTO | Gap Cuántico: 0.1825 | Load: 0.228
[OS:08790] TURBULENTO | Gap Cuántico: 0.1871 | Load: 0.229
[OS:08795] TURBULENTO | Gap Cuántico: 0.2163 | Load: 0.233
[OS:08800] TURBULENTO | Gap Cuántico: 0.1779 | Load: 0.227
[OS:08805] TURBULENTO | Gap Cuántico: 0.2415 | Load: 0.224
[OS:08810] TURBULENTO | Gap Cuántico: 0.1931 | Load: 0.231
[OS:08815] TURBULENTO | Gap Cuántico: 0.1992 | Load: 0.228
[OS:08820] TURBULENTO | Gap Cuántico: 0.1887 | Load: 0.229
[OS:08825] TURBULENTO | Gap Cuántico: 0.1827 | Load: 0.229
[OS:08830] TURBULENTO | Gap Cuántico: 0.2054 | Load: 0.228
[OS:08835] TURBULENTO | Gap Cuántico: 0.1962 | Load: 0.231
[OS:08840] TURBULENTO | Gap Cuántico: 0.1797 | Load: 0.237
[OS:08845] TURBULENTO | Gap Cuántico: 0.1745 | Load: 0.239
[OS:08850] TURBULENTO | Gap Cuántico: 0.2167 | Load: 0.228
[OS:08855] TURBULENTO | Gap Cuántico: 0.1885 | Load: 0.233
[OS:08860] TURBULENTO | Gap Cuántico: 0.1963 | Load: 0.229
[OS:08865] TURBULENTO | Gap Cuántico: 0.1853 | Load: 0.226
[OS:08870] TURBULENTO | Gap Cuántico: 0.2120 | Load: 0.233
[OS:08875] TURBULENTO | Gap Cuántico: 0.2284 | Load: 0.236
[OS:08880] TURBULENTO | Gap Cuántico: 0.2259 | Load: 0.236
[OS:08885] TURBULENTO | Gap Cuántico: 0.2161 | Load: 0.230
[OS:08890] TURBULENTO | Gap Cuántico: 0.1954 | Load: 0.237
[OS:08895] TURBULENTO | Gap Cuántico: 0.1872 | Load: 0.229
[OS:08900] TURBULENTO | Gap Cuántico: 0.2020 | Load: 0.237
[OS:08905] TURBULENTO | Gap Cuántico: 0.2138 | Load: 0.237
[OS:08910] TURBULENTO | Gap Cuántico: 0.1888 | Load: 0.224
[OS:08915] TURBULENTO | Gap Cuántico: 0.1959 | Load: 0.229
[OS:08920] TURBULENTO | Gap Cuántico: 0.1871 | Load: 0.229
[OS:08925] TURBULENTO | Gap Cuántico: 0.2134 | Load: 0.237
[OS:08930] TURBULENTO | Gap Cuántico: 0.1869 | Load: 0.234
[OS:08935] TURBULENTO | Gap Cuántico: 0.1877 | Load: 0.237
[OS:08940] TURBULENTO | Gap Cuántico: 0.2244 | Load: 0.230
[OS:08945] TURBULENTO | Gap Cuántico: 0.1902 | Load: 0.233
[OS:08950] TURBULENTO | Gap Cuántico: 0.1922 | Load: 0.237
[OS:08955] TURBULENTO | Gap Cuántico: 0.2134 | Load: 0.230
[OS:08960] TURBULENTO | Gap Cuántico: 0.1801 | Load: 0.230
[OS:08965] TURBULENTO | Gap Cuántico: 0.1813 | Load: 0.226
[OS:08970] TURBULENTO | Gap Cuántico: 0.1758 | Load: 0.233
[OS:08975] TURBULENTO | Gap Cuántico: 0.2157 | Load: 0.229
[OS:08980] TURBULENTO | Gap Cuántico: 0.1735 | Load: 0.225
[OS:08985] TURBULENTO | Gap Cuántico: 0.1801 | Load: 0.228
[OS:08990] TURBULENTO | Gap Cuántico: 0.2172 | Load: 0.237
[OS:08995] TURBULENTO | Gap Cuántico: 0.2168 | Load: 0.229
[OS:09000] TURBULENTO | Gap Cuántico: 0.2201 | Load: 0.231
[OS:09005] TURBULENTO | Gap Cuántico: 0.2290 | Load: 0.236
[OS:09010] TURBULENTO | Gap Cuántico: 0.2340 | Load: 0.229
[OS:09015] TURBULENTO | Gap Cuántico: 0.2369 | Load: 0.227
[OS:09020] TURBULENTO | Gap Cuántico: 0.1781 | Load: 0.229
[OS:09025] TURBULENTO | Gap Cuántico: 0.1846 | Load: 0.223
[OS:09030] TURBULENTO | Gap Cuántico: 0.2112 | Load: 0.231
[OS:09035] TURBULENTO | Gap Cuántico: 0.2194 | Load: 0.234
[OS:09040] TURBULENTO | Gap Cuántico: 0.2065 | Load: 0.233
[OS:09045] TURBULENTO | Gap Cuántico: 0.2304 | Load: 0.230
[OS:09050] TURBULENTO | Gap Cuántico: 0.1883 | Load: 0.222
[OS:09055] TURBULENTO | Gap Cuántico: 0.1860 | Load: 0.225
[OS:09060] TURBULENTO | Gap Cuántico: 0.2250 | Load: 0.233
[OS:09065] TURBULENTO | Gap Cuántico: 0.1866 | Load: 0.227
[OS:09070] TURBULENTO | Gap Cuántico: 0.1860 | Load: 0.229
[OS:09075] TURBULENTO | Gap Cuántico: 0.2299 | Load: 0.234
[OS:09080] TURBULENTO | Gap Cuántico: 0.2154 | Load: 0.233
[OS:09085] TURBULENTO | Gap Cuántico: 0.2156 | Load: 0.225
[OS:09090] TURBULENTO | Gap Cuántico: 0.2094 | Load: 0.226
[OS:09095] TURBULENTO | Gap Cuántico: 0.1830 | Load: 0.220
[OS:09100] TURBULENTO | Gap Cuántico: 0.2373 | Load: 0.230
[OS:09105] TURBULENTO | Gap Cuántico: 0.1739 | Load: 0.232
[OS:09110] TURBULENTO | Gap Cuántico: 0.2099 | Load: 0.237
[OS:09115] TURBULENTO | Gap Cuántico: 0.2227 | Load: 0.240
[OS:09120] TURBULENTO | Gap Cuántico: 0.1872 | Load: 0.222
[OS:09125] TURBULENTO | Gap Cuántico: 0.1891 | Load: 0.225
[OS:09130] TURBULENTO | Gap Cuántico: 0.1971 | Load: 0.227
[OS:09135] TURBULENTO | Gap Cuántico: 0.1903 | Load: 0.230
[OS:09140] TURBULENTO | Gap Cuántico: 0.2386 | Load: 0.228
[OS:09145] TURBULENTO | Gap Cuántico: 0.1880 | Load: 0.231
[OS:09150] TURBULENTO | Gap Cuántico: 0.2112 | Load: 0.234
[OS:09155] TURBULENTO | Gap Cuántico: 0.2190 | Load: 0.224
[OS:09160] TURBULENTO | Gap Cuántico: 0.2419 | Load: 0.224
[OS:09165] TURBULENTO | Gap Cuántico: 0.1818 | Load: 0.230
[OS:09170] TURBULENTO | Gap Cuántico: 0.2018 | Load: 0.228
[OS:09175] TURBULENTO | Gap Cuántico: 0.2166 | Load: 0.228
[OS:09180] TURBULENTO | Gap Cuántico: 0.2094 | Load: 0.227
[OS:09185] TURBULENTO | Gap Cuántico: 0.1963 | Load: 0.229
[OS:09190] TURBULENTO | Gap Cuántico: 0.1887 | Load: 0.235
[OS:09195] TURBULENTO | Gap Cuántico: 0.1749 | Load: 0.225
[OS:09200] TURBULENTO | Gap Cuántico: 0.1767 | Load: 0.222
[OS:09205] TURBULENTO | Gap Cuántico: 0.1836 | Load: 0.228
[OS:09210] TURBULENTO | Gap Cuántico: 0.1871 | Load: 0.238
[OS:09215] TURBULENTO | Gap Cuántico: 0.2276 | Load: 0.232
[OS:09220] TURBULENTO | Gap Cuántico: 0.2149 | Load: 0.236
[OS:09225] TURBULENTO | Gap Cuántico: 0.1760 | Load: 0.224
[OS:09230] TURBULENTO | Gap Cuántico: 0.2065 | Load: 0.233
[OS:09235] TURBULENTO | Gap Cuántico: 0.1998 | Load: 0.234
[OS:09240] TURBULENTO | Gap Cuántico: 0.2130 | Load: 0.235
[OS:09245] TURBULENTO | Gap Cuántico: 0.1873 | Load: 0.231
[OS:09250] TURBULENTO | Gap Cuántico: 0.1948 | Load: 0.225
[OS:09255] TURBULENTO | Gap Cuántico: 0.2116 | Load: 0.225
[OS:09260] TURBULENTO | Gap Cuántico: 0.2413 | Load: 0.234
[OS:09265] TURBULENTO | Gap Cuántico: 0.1747 | Load: 0.234
[OS:09270] TURBULENTO | Gap Cuántico: 0.1853 | Load: 0.233
[OS:09275] TURBULENTO | Gap Cuántico: 0.1905 | Load: 0.223
[OS:09280] TURBULENTO | Gap Cuántico: 0.1914 | Load: 0.234
[OS:09285] TURBULENTO | Gap Cuántico: 0.1962 | Load: 0.224
[OS:09290] TURBULENTO | Gap Cuántico: 0.2005 | Load: 0.226
[OS:09295] TURBULENTO | Gap Cuántico: 0.2424 | Load: 0.235
[OS:09300] TURBULENTO | Gap Cuántico: 0.2345 | Load: 0.234
[OS:09305] TURBULENTO | Gap Cuántico: 0.2423 | Load: 0.232
[OS:09310] TURBULENTO | Gap Cuántico: 0.1883 | Load: 0.231
[OS:09315] TURBULENTO | Gap Cuántico: 0.1755 | Load: 0.226
[OS:09320] TURBULENTO | Gap Cuántico: 0.2421 | Load: 0.225
[OS:09325] TURBULENTO | Gap Cuántico: 0.1875 | Load: 0.223
[OS:09330] TURBULENTO | Gap Cuántico: 0.2416 | Load: 0.222
[OS:09335] TURBULENTO | Gap Cuántico: 0.1958 | Load: 0.226
[OS:09340] TURBULENTO | Gap Cuántico: 0.1872 | Load: 0.234
[OS:09345] TURBULENTO | Gap Cuántico: 0.2112 | Load: 0.227
[OS:09350] TURBULENTO | Gap Cuántico: 0.1889 | Load: 0.235
[OS:09355] TURBULENTO | Gap Cuántico: 0.1881 | Load: 0.235
[OS:09360] TURBULENTO | Gap Cuántico: 0.1957 | Load: 0.228
[OS:09365] TURBULENTO | Gap Cuántico: 0.2068 | Load: 0.237
[OS:09370] TURBULENTO | Gap Cuántico: 0.2389 | Load: 0.230
[OS:09375] TURBULENTO | Gap Cuántico: 0.1782 | Load: 0.232
[OS:09380] TURBULENTO | Gap Cuántico: 0.1801 | Load: 0.223
[OS:09385] TURBULENTO | Gap Cuántico: 0.1962 | Load: 0.225
[OS:09390] TURBULENTO | Gap Cuántico: 0.1893 | Load: 0.226
[OS:09395] TURBULENTO | Gap Cuántico: 0.1889 | Load: 0.231
[OS:09400] TURBULENTO | Gap Cuántico: 0.1806 | Load: 0.228
[OS:09405] TURBULENTO | Gap Cuántico: 0.1889 | Load: 0.229
[OS:09410] TURBULENTO | Gap Cuántico: 0.1862 | Load: 0.235
[OS:09415] TURBULENTO | Gap Cuántico: 0.1893 | Load: 0.233
[OS:09420] TURBULENTO | Gap Cuántico: 0.2214 | Load: 0.230
[OS:09425] TURBULENTO | Gap Cuántico: 0.1978 | Load: 0.226
[OS:09430] TURBULENTO | Gap Cuántico: 0.1962 | Load: 0.228
[OS:09435] TURBULENTO | Gap Cuántico: 0.1834 | Load: 0.233
[OS:09440] TURBULENTO | Gap Cuántico: 0.1854 | Load: 0.218
[OS:09445] TURBULENTO | Gap Cuántico: 0.2172 | Load: 0.226
[OS:09450] TURBULENTO | Gap Cuántico: 0.2170 | Load: 0.235
[OS:09455] TURBULENTO | Gap Cuántico: 0.1869 | Load: 0.230
[OS:09460] TURBULENTO | Gap Cuántico: 0.1894 | Load: 0.221
[OS:09465] TURBULENTO | Gap Cuántico: 0.1880 | Load: 0.230
[OS:09470] TURBULENTO | Gap Cuántico: 0.1807 | Load: 0.236
[OS:09475] TURBULENTO | Gap Cuántico: 0.1888 | Load: 0.219
[OS:09480] TURBULENTO | Gap Cuántico: 0.1813 | Load: 0.222
[OS:09485] TURBULENTO | Gap Cuántico: 0.2295 | Load: 0.228
[OS:09490] TURBULENTO | Gap Cuántico: 0.1835 | Load: 0.231
[OS:09495] TURBULENTO | Gap Cuántico: 0.2419 | Load: 0.227
[OS:09500] TURBULENTO | Gap Cuántico: 0.2163 | Load: 0.235
[OS:09505] TURBULENTO | Gap Cuántico: 0.2283 | Load: 0.235
[OS:09510] TURBULENTO | Gap Cuántico: 0.2420 | Load: 0.230
[OS:09515] TURBULENTO | Gap Cuántico: 0.2198 | Load: 0.229
[OS:09520] TURBULENTO | Gap Cuántico: 0.2223 | Load: 0.236
[OS:09525] TURBULENTO | Gap Cuántico: 0.1790 | Load: 0.228
[OS:09530] TURBULENTO | Gap Cuántico: 0.2164 | Load: 0.231
[OS:09535] TURBULENTO | Gap Cuántico: 0.2151 | Load: 0.233
[OS:09540] TURBULENTO | Gap Cuántico: 0.2223 | Load: 0.227
[OS:09545] TURBULENTO | Gap Cuántico: 0.1849 | Load: 0.222
[OS:09550] TURBULENTO | Gap Cuántico: 0.2102 | Load: 0.224
[OS:09555] TURBULENTO | Gap Cuántico: 0.1748 | Load: 0.231
[OS:09560] TURBULENTO | Gap Cuántico: 0.1818 | Load: 0.228
[OS:09565] TURBULENTO | Gap Cuántico: 0.2166 | Load: 0.223
[OS:09570] TURBULENTO | Gap Cuántico: 0.1949 | Load: 0.232
[OS:09575] TURBULENTO | Gap Cuántico: 0.1857 | Load: 0.233
[OS:09580] TURBULENTO | Gap Cuántico: 0.2164 | Load: 0.235
[OS:09585] TURBULENTO | Gap Cuántico: 0.1746 | Load: 0.230
[OS:09590] TURBULENTO | Gap Cuántico: 0.2309 | Load: 0.238
[OS:09595] TURBULENTO | Gap Cuántico: 0.1848 | Load: 0.229
[OS:09600] TURBULENTO | Gap Cuántico: 0.2221 | Load: 0.231
[OS:09605] TURBULENTO | Gap Cuántico: 0.1764 | Load: 0.223
[OS:09610] TURBULENTO | Gap Cuántico: 0.2377 | Load: 0.226
[OS:09615] TURBULENTO | Gap Cuántico: 0.1929 | Load: 0.231
[OS:09620] TURBULENTO | Gap Cuántico: 0.1818 | Load: 0.218
[OS:09625] TURBULENTO | Gap Cuántico: 0.2143 | Load: 0.225
[OS:09630] TURBULENTO | Gap Cuántico: 0.1806 | Load: 0.232
[OS:09635] TURBULENTO | Gap Cuántico: 0.2152 | Load: 0.228
[OS:09640] TURBULENTO | Gap Cuántico: 0.1850 | Load: 0.230
[OS:09645] TURBULENTO | Gap Cuántico: 0.1869 | Load: 0.233
[OS:09650] TURBULENTO | Gap Cuántico: 0.1850 | Load: 0.234
[OS:09655] TURBULENTO | Gap Cuántico: 0.1791 | Load: 0.224
[OS:09660] TURBULENTO | Gap Cuántico: 0.1724 | Load: 0.229
[OS:09665] TURBULENTO | Gap Cuántico: 0.2135 | Load: 0.232
[OS:09670] TURBULENTO | Gap Cuántico: 0.2361 | Load: 0.236
[OS:09675] TURBULENTO | Gap Cuántico: 0.2116 | Load: 0.232
[OS:09680] TURBULENTO | Gap Cuántico: 0.2141 | Load: 0.226
[OS:09685] TURBULENTO | Gap Cuántico: 0.1894 | Load: 0.228
[OS:09690] TURBULENTO | Gap Cuántico: 0.2259 | Load: 0.229
[OS:09695] TURBULENTO | Gap Cuántico: 0.2054 | Load: 0.234
[OS:09700] TURBULENTO | Gap Cuántico: 0.1893 | Load: 0.227
[OS:09705] TURBULENTO | Gap Cuántico: 0.2054 | Load: 0.235
[OS:09710] TURBULENTO | Gap Cuántico: 0.1931 | Load: 0.222
[OS:09715] TURBULENTO | Gap Cuántico: 0.2207 | Load: 0.239
[OS:09720] TURBULENTO | Gap Cuántico: 0.2397 | Load: 0.235
[OS:09725] TURBULENTO | Gap Cuántico: 0.1956 | Load: 0.227
[OS:09730] TURBULENTO | Gap Cuántico: 0.2283 | Load: 0.233
[OS:09735] TURBULENTO | Gap Cuántico: 0.2079 | Load: 0.229
[OS:09740] TURBULENTO | Gap Cuántico: 0.2381 | Load: 0.237
[OS:09745] TURBULENTO | Gap Cuántico: 0.1758 | Load: 0.232
[OS:09750] TURBULENTO | Gap Cuántico: 0.2042 | Load: 0.234
[OS:09755] TURBULENTO | Gap Cuántico: 0.1919 | Load: 0.222
[OS:09760] TURBULENTO | Gap Cuántico: 0.2418 | Load: 0.232
[OS:09765] TURBULENTO | Gap Cuántico: 0.2059 | Load: 0.231
[OS:09770] TURBULENTO | Gap Cuántico: 0.2140 | Load: 0.225
[OS:09775] TURBULENTO | Gap Cuántico: 0.2247 | Load: 0.230
[OS:09780] TURBULENTO | Gap Cuántico: 0.2231 | Load: 0.238
[OS:09785] TURBULENTO | Gap Cuántico: 0.1837 | Load: 0.238
[OS:09790] TURBULENTO | Gap Cuántico: 0.2155 | Load: 0.225
[OS:09795] TURBULENTO | Gap Cuántico: 0.1764 | Load: 0.232
[OS:09800] TURBULENTO | Gap Cuántico: 0.2172 | Load: 0.236
[OS:09805] TURBULENTO | Gap Cuántico: 0.1928 | Load: 0.224
[OS:09810] TURBULENTO | Gap Cuántico: 0.1949 | Load: 0.229
[OS:09815] TURBULENTO | Gap Cuántico: 0.1796 | Load: 0.232
[OS:09820] TURBULENTO | Gap Cuántico: 0.2221 | Load: 0.227
[OS:09825] TURBULENTO | Gap Cuántico: 0.2316 | Load: 0.231
[OS:09830] TURBULENTO | Gap Cuántico: 0.1927 | Load: 0.222
[OS:09835] TURBULENTO | Gap Cuántico: 0.2370 | Load: 0.233
[OS:09840] TURBULENTO | Gap Cuántico: 0.2355 | Load: 0.233
[OS:09845] TURBULENTO | Gap Cuántico: 0.1932 | Load: 0.230
[OS:09850] TURBULENTO | Gap Cuántico: 0.2394 | Load: 0.237
[OS:09855] TURBULENTO | Gap Cuántico: 0.1959 | Load: 0.235
[OS:09860] TURBULENTO | Gap Cuántico: 0.1838 | Load: 0.230
[OS:09865] TURBULENTO | Gap Cuántico: 0.1739 | Load: 0.228
[OS:09870] TURBULENTO | Gap Cuántico: 0.2171 | Load: 0.227
[OS:09875] TURBULENTO | Gap Cuántico: 0.1797 | Load: 0.232
[OS:09880] TURBULENTO | Gap Cuántico: 0.2124 | Load: 0.232
[OS:09885] TURBULENTO | Gap Cuántico: 0.1987 | Load: 0.228
[OS:09890] TURBULENTO | Gap Cuántico: 0.1791 | Load: 0.234
[OS:09895] TURBULENTO | Gap Cuántico: 0.1700 | Load: 0.231
[OS:09900] TURBULENTO | Gap Cuántico: 0.2089 | Load: 0.232
[OS:09905] TURBULENTO | Gap Cuántico: 0.1860 | Load: 0.227
[OS:09910] TURBULENTO | Gap Cuántico: 0.1904 | Load: 0.221
[OS:09915] TURBULENTO | Gap Cuántico: 0.1788 | Load: 0.225
[OS:09920] TURBULENTO | Gap Cuántico: 0.1898 | Load: 0.230
[OS:09925] TURBULENTO | Gap Cuántico: 0.2138 | Load: 0.229
[OS:09930] TURBULENTO | Gap Cuántico: 0.2383 | Load: 0.229
[OS:09935] TURBULENTO | Gap Cuántico: 0.1791 | Load: 0.222
[OS:09940] TURBULENTO | Gap Cuántico: 0.1914 | Load: 0.230
[OS:09945] TURBULENTO | Gap Cuántico: 0.2103 | Load: 0.227
[OS:09950] TURBULENTO | Gap Cuántico: 0.1888 | Load: 0.229
[OS:09955] TURBULENTO | Gap Cuántico: 0.1887 | Load: 0.234
[OS:09960] TURBULENTO | Gap Cuántico: 0.2293 | Load: 0.230
[OS:09965] TURBULENTO | Gap Cuántico: 0.1957 | Load: 0.228
[OS:09970] TURBULENTO | Gap Cuántico: 0.2293 | Load: 0.224
[OS:09975] TURBULENTO | Gap Cuántico: 0.2168 | Load: 0.232
[OS:09980] TURBULENTO | Gap Cuántico: 0.1889 | Load: 0.233
[OS:09985] TURBULENTO | Gap Cuántico: 0.1960 | Load: 0.234
[OS:09990] TURBULENTO | Gap Cuántico: 0.2131 | Load: 0.238
[OS:09995] TURBULENTO | Gap Cuántico: 0.1796 | Load: 0.236
[OS:10000] TURBULENTO | Gap Cuántico: 0.1835 | Load: 0.230
[OS:10005] TURBULENTO | Gap Cuántico: 0.1875 | Load: 0.229
[OS:10010] TURBULENTO | Gap Cuántico: 0.1962 | Load: 0.230
[OS:10015] TURBULENTO | Gap Cuántico: 0.1873 | Load: 0.229
[OS:10020] TURBULENTO | Gap Cuántico: 0.1962 | Load: 0.231
[OS:10025] TURBULENTO | Gap Cuántico: 0.1790 | Load: 0.236
[OS:10030] TURBULENTO | Gap Cuántico: 0.1960 | Load: 0.237
[OS:10035] TURBULENTO | Gap Cuántico: 0.2381 | Load: 0.234
[OS:10040] TURBULENTO | Gap Cuántico: 0.1950 | Load: 0.237
[OS:10045] TURBULENTO | Gap Cuántico: 0.1773 | Load: 0.241
[OS:10050] TURBULENTO | Gap Cuántico: 0.1838 | Load: 0.231
[OS:10055] TURBULENTO | Gap Cuántico: 0.2077 | Load: 0.234
[OS:10060] TURBULENTO | Gap Cuántico: 0.2283 | Load: 0.233
[OS:10065] TURBULENTO | Gap Cuántico: 0.2415 | Load: 0.228
[OS:10070] TURBULENTO | Gap Cuántico: 0.1903 | Load: 0.230
[OS:10075] TURBULENTO | Gap Cuántico: 0.2399 | Load: 0.240
[OS:10080] TURBULENTO | Gap Cuántico: 0.2163 | Load: 0.225
[OS:10085] TURBULENTO | Gap Cuántico: 0.2416 | Load: 0.230
[OS:10090] TURBULENTO | Gap Cuántico: 0.1963 | Load: 0.233
[OS:10095] TURBULENTO | Gap Cuántico: 0.2030 | Load: 0.232
[OS:10100] TURBULENTO | Gap Cuántico: 0.2099 | Load: 0.236
[OS:10105] TURBULENTO | Gap Cuántico: 0.2383 | Load: 0.232
[OS:10110] TURBULENTO | Gap Cuántico: 0.1801 | Load: 0.238
[OS:10115] TURBULENTO | Gap Cuántico: 0.2407 | Load: 0.238
[OS:10120] TURBULENTO | Gap Cuántico: 0.2369 | Load: 0.237
[OS:10125] TURBULENTO | Gap Cuántico: 0.1998 | Load: 0.231
[OS:10130] TURBULENTO | Gap Cuántico: 0.2166 | Load: 0.222
[OS:10135] TURBULENTO | Gap Cuántico: 0.1860 | Load: 0.228
[OS:10140] TURBULENTO | Gap Cuántico: 0.2059 | Load: 0.226
[OS:10145] TURBULENTO | Gap Cuántico: 0.1746 | Load: 0.238
[OS:10150] TURBULENTO | Gap Cuántico: 0.2299 | Load: 0.226
[OS:10155] TURBULENTO | Gap Cuántico: 0.1941 | Load: 0.227
[OS:10160] TURBULENTO | Gap Cuántico: 0.2215 | Load: 0.228
[OS:10165] TURBULENTO | Gap Cuántico: 0.1883 | Load: 0.236
[OS:10170] TURBULENTO | Gap Cuántico: 0.1844 | Load: 0.233
[OS:10175] TURBULENTO | Gap Cuántico: 0.2374 | Load: 0.231
[OS:10180] TURBULENTO | Gap Cuántico: 0.2054 | Load: 0.228
[OS:10185] TURBULENTO | Gap Cuántico: 0.2309 | Load: 0.229
[OS:10190] TURBULENTO | Gap Cuántico: 0.2018 | Load: 0.229
[OS:10195] TURBULENTO | Gap Cuántico: 0.2075 | Load: 0.238
[OS:10200] TURBULENTO | Gap Cuántico: 0.1893 | Load: 0.238
[OS:10205] TURBULENTO | Gap Cuántico: 0.2181 | Load: 0.229
[OS:10210] TURBULENTO | Gap Cuántico: 0.2345 | Load: 0.222
[OS:10215] TURBULENTO | Gap Cuántico: 0.1762 | Load: 0.232
[OS:10220] TURBULENTO | Gap Cuántico: 0.1892 | Load: 0.228
[OS:10225] TURBULENTO | Gap Cuántico: 0.2190 | Load: 0.230
[OS:10230] TURBULENTO | Gap Cuántico: 0.2215 | Load: 0.235
[OS:10235] TURBULENTO | Gap Cuántico: 0.1831 | Load: 0.232
[OS:10240] TURBULENTO | Gap Cuántico: 0.1998 | Load: 0.238
[OS:10245] TURBULENTO | Gap Cuántico: 0.2198 | Load: 0.236
[OS:10250] TURBULENTO | Gap Cuántico: 0.2030 | Load: 0.223
[OS:10255] TURBULENTO | Gap Cuántico: 0.2262 | Load: 0.225
[OS:10260] TURBULENTO | Gap Cuántico: 0.2190 | Load: 0.236
[OS:10265] TURBULENTO | Gap Cuántico: 0.1757 | Load: 0.229
[OS:10270] TURBULENTO | Gap Cuántico: 0.2171 | Load: 0.231
[OS:10275] TURBULENTO | Gap Cuántico: 0.2303 | Load: 0.225
[OS:10280] TURBULENTO | Gap Cuántico: 0.2059 | Load: 0.228
[OS:10285] TURBULENTO | Gap Cuántico: 0.1873 | Load: 0.228
[OS:10290] TURBULENTO | Gap Cuántico: 0.2276 | Load: 0.225
[OS:10295] TURBULENTO | Gap Cuántico: 0.2134 | Load: 0.223
[OS:10300] TURBULENTO | Gap Cuántico: 0.2168 | Load: 0.236
[OS:10305] TURBULENTO | Gap Cuántico: 0.2152 | Load: 0.225
[OS:10310] TURBULENTO | Gap Cuántico: 0.1883 | Load: 0.232
[OS:10315] TURBULENTO | Gap Cuántico: 0.2399 | Load: 0.227
[OS:10320] TURBULENTO | Gap Cuántico: 0.2381 | Load: 0.227
[OS:10325] TURBULENTO | Gap Cuántico: 0.1939 | Load: 0.234
[OS:10330] TURBULENTO | Gap Cuántico: 0.1838 | Load: 0.236
[OS:10335] TURBULENTO | Gap Cuántico: 0.1900 | Load: 0.234
[OS:10340] TURBULENTO | Gap Cuántico: 0.2322 | Load: 0.235
[OS:10345] TURBULENTO | Gap Cuántico: 0.2124 | Load: 0.236
[OS:10350] TURBULENTO | Gap Cuántico: 0.2424 | Load: 0.234
[OS:10355] TURBULENTO | Gap Cuántico: 0.1857 | Load: 0.226
[OS:10360] TURBULENTO | Gap Cuántico: 0.2414 | Load: 0.227
[OS:10365] TURBULENTO | Gap Cuántico: 0.2269 | Load: 0.222
[OS:10370] TURBULENTO | Gap Cuántico: 0.2304 | Load: 0.230
[OS:10375] TURBULENTO | Gap Cuántico: 0.2172 | Load: 0.235
[OS:10380] TURBULENTO | Gap Cuántico: 0.2254 | Load: 0.232
[OS:10385] TURBULENTO | Gap Cuántico: 0.1729 | Load: 0.231
[OS:10390] TURBULENTO | Gap Cuántico: 0.1838 | Load: 0.221
[OS:10395] TURBULENTO | Gap Cuántico: 0.1870 | Load: 0.227
[OS:10400] TURBULENTO | Gap Cuántico: 0.1971 | Load: 0.238
[OS:10405] TURBULENTO | Gap Cuántico: 0.1876 | Load: 0.229
[OS:10410] TURBULENTO | Gap Cuántico: 0.1808 | Load: 0.227
[OS:10415] TURBULENTO | Gap Cuántico: 0.1893 | Load: 0.221
[OS:10420] TURBULENTO | Gap Cuántico: 0.2309 | Load: 0.229
[OS:10425] TURBULENTO | Gap Cuántico: 0.1779 | Load: 0.232
[OS:10430] TURBULENTO | Gap Cuántico: 0.2163 | Load: 0.226
[OS:10435] TURBULENTO | Gap Cuántico: 0.1957 | Load: 0.227
[OS:10440] TURBULENTO | Gap Cuántico: 0.1893 | Load: 0.224
[OS:10445] TURBULENTO | Gap Cuántico: 0.1948 | Load: 0.228
[OS:10450] TURBULENTO | Gap Cuántico: 0.1953 | Load: 0.235
[OS:10455] TURBULENTO | Gap Cuántico: 0.1766 | Load: 0.235
[OS:10460] TURBULENTO | Gap Cuántico: 0.1961 | Load: 0.236
[OS:10465] TURBULENTO | Gap Cuántico: 0.2042 | Load: 0.231
[OS:10470] TURBULENTO | Gap Cuántico: 0.2423 | Load: 0.236
[OS:10475] TURBULENTO | Gap Cuántico: 0.2018 | Load: 0.234
[OS:10480] TURBULENTO | Gap Cuántico: 0.1900 | Load: 0.234
[OS:10485] TURBULENTO | Gap Cuántico: 0.1825 | Load: 0.226
[OS:10490] TURBULENTO | Gap Cuántico: 0.1889 | Load: 0.225
[OS:10495] TURBULENTO | Gap Cuántico: 0.2167 | Load: 0.225
[OS:10500] TURBULENTO | Gap Cuántico: 0.2120 | Load: 0.225
[OS:10505] TURBULENTO | Gap Cuántico: 0.1931 | Load: 0.231
[OS:10510] TURBULENTO | Gap Cuántico: 0.2168 | Load: 0.229
[OS:10515] TURBULENTO | Gap Cuántico: 0.1962 | Load: 0.225
[OS:10520] TURBULENTO | Gap Cuántico: 0.2158 | Load: 0.235
[OS:10525] TURBULENTO | Gap Cuántico: 0.1946 | Load: 0.228
[OS:10530] TURBULENTO | Gap Cuántico: 0.2385 | Load: 0.229
[OS:10535] TURBULENTO | Gap Cuántico: 0.1762 | Load: 0.229
[OS:10540] TURBULENTO | Gap Cuántico: 0.1842 | Load: 0.230
[OS:10545] TURBULENTO | Gap Cuántico: 0.1763 | Load: 0.231
[OS:10550] TURBULENTO | Gap Cuántico: 0.1844 | Load: 0.224
[OS:10555] TURBULENTO | Gap Cuántico: 0.2170 | Load: 0.229
[OS:10560] TURBULENTO | Gap Cuántico: 0.2127 | Load: 0.239
[OS:10565] TURBULENTO | Gap Cuántico: 0.1898 | Load: 0.231
[OS:10570] TURBULENTO | Gap Cuántico: 0.1796 | Load: 0.231
[OS:10575] TURBULENTO | Gap Cuántico: 0.2163 | Load: 0.226
[OS:10580] TURBULENTO | Gap Cuántico: 0.1957 | Load: 0.235
[OS:10585] TURBULENTO | Gap Cuántico: 0.2112 | Load: 0.239
[OS:10590] TURBULENTO | Gap Cuántico: 0.2135 | Load: 0.232
[OS:10595] TURBULENTO | Gap Cuántico: 0.1853 | Load: 0.233
[OS:10600] TURBULENTO | Gap Cuántico: 0.1923 | Load: 0.230
[OS:10605] TURBULENTO | Gap Cuántico: 0.2116 | Load: 0.228
[OS:10610] TURBULENTO | Gap Cuántico: 0.1785 | Load: 0.231
[OS:10615] TURBULENTO | Gap Cuántico: 0.1881 | Load: 0.233
[OS:10620] TURBULENTO | Gap Cuántico: 0.1746 | Load: 0.232
[OS:10625] TURBULENTO | Gap Cuántico: 0.1841 | Load: 0.227
[OS:10630] TURBULENTO | Gap Cuántico: 0.2084 | Load: 0.234
[OS:10635] TURBULENTO | Gap Cuántico: 0.1978 | Load: 0.235
[OS:10640] TURBULENTO | Gap Cuántico: 0.1819 | Load: 0.226
[OS:10645] TURBULENTO | Gap Cuántico: 0.1760 | Load: 0.227
[OS:10650] TURBULENTO | Gap Cuántico: 0.2262 | Load: 0.230
[OS:10655] TURBULENTO | Gap Cuántico: 0.2345 | Load: 0.225
[OS:10660] TURBULENTO | Gap Cuántico: 0.2062 | Load: 0.225
[OS:10665] TURBULENTO | Gap Cuántico: 0.1785 | Load: 0.240
[OS:10670] TURBULENTO | Gap Cuántico: 0.1957 | Load: 0.227
[OS:10675] TURBULENTO | Gap Cuántico: 0.1948 | Load: 0.231
[OS:10680] TURBULENTO | Gap Cuántico: 0.2161 | Load: 0.227
[OS:10685] TURBULENTO | Gap Cuántico: 0.2415 | Load: 0.232
[OS:10690] TURBULENTO | Gap Cuántico: 0.2172 | Load: 0.233
[OS:10695] TURBULENTO | Gap Cuántico: 0.1920 | Load: 0.233
[OS:10700] TURBULENTO | Gap Cuántico: 0.1892 | Load: 0.230
[OS:10705] TURBULENTO | Gap Cuántico: 0.2415 | Load: 0.229
[OS:10710] TURBULENTO | Gap Cuántico: 0.1758 | Load: 0.230
[OS:10715] TURBULENTO | Gap Cuántico: 0.2390 | Load: 0.232
[OS:10720] TURBULENTO | Gap Cuántico: 0.1946 | Load: 0.232
[OS:10725] TURBULENTO | Gap Cuántico: 0.1811 | Load: 0.232
[OS:10730] TURBULENTO | Gap Cuántico: 0.2408 | Load: 0.239
[OS:10735] TURBULENTO | Gap Cuántico: 0.2155 | Load: 0.237
[OS:10740] TURBULENTO | Gap Cuántico: 0.1911 | Load: 0.229
[OS:10745] TURBULENTO | Gap Cuántico: 0.1862 | Load: 0.226
[OS:10750] TURBULENTO | Gap Cuántico: 0.1957 | Load: 0.239
[OS:10755] TURBULENTO | Gap Cuántico: 0.1806 | Load: 0.231
[OS:10760] TURBULENTO | Gap Cuántico: 0.2116 | Load: 0.220
[OS:10765] TURBULENTO | Gap Cuántico: 0.1750 | Load: 0.224
[OS:10770] TURBULENTO | Gap Cuántico: 0.2359 | Load: 0.228
[OS:10775] TURBULENTO | Gap Cuántico: 0.1866 | Load: 0.223
[OS:10780] TURBULENTO | Gap Cuántico: 0.2042 | Load: 0.225
[OS:10785] TURBULENTO | Gap Cuántico: 0.1785 | Load: 0.223
[OS:10790] TURBULENTO | Gap Cuántico: 0.1962 | Load: 0.236
[OS:10795] TURBULENTO | Gap Cuántico: 0.1950 | Load: 0.232
[OS:10800] TURBULENTO | Gap Cuántico: 0.1813 | Load: 0.236
[OS:10805] TURBULENTO | Gap Cuántico: 0.1864 | Load: 0.227
[OS:10810] TURBULENTO | Gap Cuántico: 0.2024 | Load: 0.222
[OS:10815] TURBULENTO | Gap Cuántico: 0.1923 | Load: 0.230
[OS:10820] TURBULENTO | Gap Cuántico: 0.1840 | Load: 0.220
[OS:10825] TURBULENTO | Gap Cuántico: 0.1913 | Load: 0.228
[OS:10830] TURBULENTO | Gap Cuántico: 0.1935 | Load: 0.229
[OS:10835] TURBULENTO | Gap Cuántico: 0.1773 | Load: 0.232
[OS:10840] TURBULENTO | Gap Cuántico: 0.1831 | Load: 0.236
[OS:10845] TURBULENTO | Gap Cuántico: 0.2284 | Load: 0.236
[OS:10850] TURBULENTO | Gap Cuántico: 0.2132 | Load: 0.223
[OS:10855] TURBULENTO | Gap Cuántico: 0.1836 | Load: 0.227
[OS:10860] TURBULENTO | Gap Cuántico: 0.2143 | Load: 0.236
[OS:10865] TURBULENTO | Gap Cuántico: 0.1753 | Load: 0.234
[OS:10870] TURBULENTO | Gap Cuántico: 0.2042 | Load: 0.234
[OS:10875] TURBULENTO | Gap Cuántico: 0.1829 | Load: 0.229
[OS:10880] TURBULENTO | Gap Cuántico: 0.2093 | Load: 0.240
[OS:10885] TURBULENTO | Gap Cuántico: 0.1828 | Load: 0.230
[OS:10890] TURBULENTO | Gap Cuántico: 0.1931 | Load: 0.224
[OS:10895] TURBULENTO | Gap Cuántico: 0.1863 | Load: 0.223
[OS:10900] TURBULENTO | Gap Cuántico: 0.1953 | Load: 0.229
[OS:10905] TURBULENTO | Gap Cuántico: 0.2421 | Load: 0.227
[OS:10910] TURBULENTO | Gap Cuántico: 0.2345 | Load: 0.237
[OS:10915] TURBULENTO | Gap Cuántico: 0.2079 | Load: 0.233
[OS:10920] TURBULENTO | Gap Cuántico: 0.1750 | Load: 0.227
[OS:10925] TURBULENTO | Gap Cuántico: 0.2422 | Load: 0.225
[OS:10930] TURBULENTO | Gap Cuántico: 0.1962 | Load: 0.224
[OS:10935] TURBULENTO | Gap Cuántico: 0.1850 | Load: 0.233
[OS:10940] TURBULENTO | Gap Cuántico: 0.2420 | Load: 0.233
[OS:10945] TURBULENTO | Gap Cuántico: 0.2316 | Load: 0.232
[OS:10950] TURBULENTO | Gap Cuántico: 0.2131 | Load: 0.227
[OS:10955] TURBULENTO | Gap Cuántico: 0.2164 | Load: 0.229
[OS:10960] TURBULENTO | Gap Cuántico: 0.2158 | Load: 0.224
[OS:10965] TURBULENTO | Gap Cuántico: 0.2262 | Load: 0.232
[OS:10970] TURBULENTO | Gap Cuántico: 0.1898 | Load: 0.232
[OS:10975] TURBULENTO | Gap Cuántico: 0.1818 | Load: 0.232
[OS:10980] TURBULENTO | Gap Cuántico: 0.1863 | Load: 0.230
[OS:10985] TURBULENTO | Gap Cuántico: 0.1878 | Load: 0.229
[OS:10990] TURBULENTO | Gap Cuántico: 0.2423 | Load: 0.230
[OS:10995] TURBULENTO | Gap Cuántico: 0.2154 | Load: 0.236
[OS:11000] TURBULENTO | Gap Cuántico: 0.1758 | Load: 0.236
[OS:11005] TURBULENTO | Gap Cuántico: 0.1950 | Load: 0.238
[OS:11010] TURBULENTO | Gap Cuántico: 0.1773 | Load: 0.222
[OS:11015] TURBULENTO | Gap Cuántico: 0.1708 | Load: 0.228
[OS:11020] TURBULENTO | Gap Cuántico: 0.2152 | Load: 0.229
[OS:11025] TURBULENTO | Gap Cuántico: 0.1975 | Load: 0.235
[OS:11030] TURBULENTO | Gap Cuántico: 0.2416 | Load: 0.237
[OS:11035] TURBULENTO | Gap Cuántico: 0.1871 | Load: 0.237
[OS:11040] TURBULENTO | Gap Cuántico: 0.2075 | Load: 0.232
[OS:11045] TURBULENTO | Gap Cuántico: 0.1948 | Load: 0.230
[OS:11050] TURBULENTO | Gap Cuántico: 0.1860 | Load: 0.229
[OS:11055] TURBULENTO | Gap Cuántico: 0.2359 | Load: 0.233
[OS:11060] TURBULENTO | Gap Cuántico: 0.2132 | Load: 0.230
[OS:11065] TURBULENTO | Gap Cuántico: 0.2146 | Load: 0.231
[OS:11070] TURBULENTO | Gap Cuántico: 0.1823 | Load: 0.228
[OS:11075] TURBULENTO | Gap Cuántico: 0.2079 | Load: 0.230
[OS:11080] TURBULENTO | Gap Cuántico: 0.2132 | Load: 0.232
[OS:11085] TURBULENTO | Gap Cuántico: 0.1963 | Load: 0.233
[OS:11090] TURBULENTO | Gap Cuántico: 0.2322 | Load: 0.237
[OS:11095] TURBULENTO | Gap Cuántico: 0.2138 | Load: 0.235
[OS:11100] TURBULENTO | Gap Cuántico: 0.2207 | Load: 0.232
[OS:11105] TURBULENTO | Gap Cuántico: 0.1894 | Load: 0.231
[OS:11110] TURBULENTO | Gap Cuántico: 0.1876 | Load: 0.229
[OS:11115] TURBULENTO | Gap Cuántico: 0.1850 | Load: 0.230
[OS:11120] TURBULENTO | Gap Cuántico: 0.1877 | Load: 0.227
[OS:11125] TURBULENTO | Gap Cuántico: 0.2104 | Load: 0.225
[OS:11130] TURBULENTO | Gap Cuántico: 0.1859 | Load: 0.225
[OS:11135] TURBULENTO | Gap Cuántico: 0.1949 | Load: 0.224
[OS:11140] TURBULENTO | Gap Cuántico: 0.2201 | Load: 0.232
[OS:11145] TURBULENTO | Gap Cuántico: 0.2169 | Load: 0.229
[OS:11150] TURBULENTO | Gap Cuántico: 0.2423 | Load: 0.232
[OS:11155] TURBULENTO | Gap Cuántico: 0.1819 | Load: 0.232
[OS:11160] TURBULENTO | Gap Cuántico: 0.1883 | Load: 0.235
[OS:11165] TURBULENTO | Gap Cuántico: 0.1919 | Load: 0.225
[OS:11170] TURBULENTO | Gap Cuántico: 0.1796 | Load: 0.222
[OS:11175] TURBULENTO | Gap Cuántico: 0.2344 | Load: 0.232
[OS:11180] TURBULENTO | Gap Cuántico: 0.1807 | Load: 0.229
[OS:11185] TURBULENTO | Gap Cuántico: 0.1962 | Load: 0.228
[OS:11190] TURBULENTO | Gap Cuántico: 0.2172 | Load: 0.235
[OS:11195] TURBULENTO | Gap Cuántico: 0.2146 | Load: 0.230
[OS:11200] TURBULENTO | Gap Cuántico: 0.1825 | Load: 0.232
[OS:11205] TURBULENTO | Gap Cuántico: 0.2138 | Load: 0.230
[OS:11210] TURBULENTO | Gap Cuántico: 0.1767 | Load: 0.234
[OS:11215] TURBULENTO | Gap Cuántico: 0.1873 | Load: 0.234
[OS:11220] TURBULENTO | Gap Cuántico: 0.1866 | Load: 0.234
[OS:11225] TURBULENTO | Gap Cuántico: 0.1866 | Load: 0.242
[OS:11230] TURBULENTO | Gap Cuántico: 0.1715 | Load: 0.235
[OS:11235] TURBULENTO | Gap Cuántico: 0.2389 | Load: 0.235
[OS:11240] TURBULENTO | Gap Cuántico: 0.2079 | Load: 0.233
[OS:11245] TURBULENTO | Gap Cuántico: 0.1903 | Load: 0.234
[OS:11250] TURBULENTO | Gap Cuántico: 0.2422 | Load: 0.236
[OS:11255] TURBULENTO | Gap Cuántico: 0.1854 | Load: 0.229
[OS:11260] TURBULENTO | Gap Cuántico: 0.1887 | Load: 0.230
[OS:11265] TURBULENTO | Gap Cuántico: 0.1959 | Load: 0.225
[OS:11270] TURBULENTO | Gap Cuántico: 0.1743 | Load: 0.223
[OS:11275] TURBULENTO | Gap Cuántico: 0.1840 | Load: 0.225
[OS:11280] TURBULENTO | Gap Cuántico: 0.2141 | Load: 0.232
[OS:11285] TURBULENTO | Gap Cuántico: 0.1961 | Load: 0.229
[OS:11290] TURBULENTO | Gap Cuántico: 0.1873 | Load: 0.231
[OS:11295] TURBULENTO | Gap Cuántico: 0.2179 | Load: 0.230
[OS:11300] TURBULENTO | Gap Cuántico: 0.2290 | Load: 0.229
[OS:11305] TURBULENTO | Gap Cuántico: 0.1961 | Load: 0.225
[OS:11310] TURBULENTO | Gap Cuántico: 0.1835 | Load: 0.234
[OS:11315] TURBULENTO | Gap Cuántico: 0.2149 | Load: 0.229
[OS:11320] TURBULENTO | Gap Cuántico: 0.1755 | Load: 0.230
[OS:11325] TURBULENTO | Gap Cuántico: 0.2103 | Load: 0.228
[OS:11330] TURBULENTO | Gap Cuántico: 0.1891 | Load: 0.222
[OS:11335] TURBULENTO | Gap Cuántico: 0.1875 | Load: 0.226
[OS:11340] TURBULENTO | Gap Cuántico: 0.2063 | Load: 0.230
[OS:11345] TURBULENTO | Gap Cuántico: 0.1957 | Load: 0.230
[OS:11350] TURBULENTO | Gap Cuántico: 0.1900 | Load: 0.228
[OS:11355] TURBULENTO | Gap Cuántico: 0.1911 | Load: 0.235
[OS:11360] TURBULENTO | Gap Cuántico: 0.1885 | Load: 0.230
[OS:11365] TURBULENTO | Gap Cuántico: 0.2163 | Load: 0.227
[OS:11370] TURBULENTO | Gap Cuántico: 0.1716 | Load: 0.228
[OS:11375] TURBULENTO | Gap Cuántico: 0.1926 | Load: 0.237
[OS:11380] TURBULENTO | Gap Cuántico: 0.1892 | Load: 0.235
[OS:11385] TURBULENTO | Gap Cuántico: 0.1929 | Load: 0.241
[OS:11390] TURBULENTO | Gap Cuántico: 0.2150 | Load: 0.236
[OS:11395] TURBULENTO | Gap Cuántico: 0.2221 | Load: 0.233
[OS:11400] TURBULENTO | Gap Cuántico: 0.2126 | Load: 0.222
[OS:11405] TURBULENTO | Gap Cuántico: 0.1902 | Load: 0.233
[OS:11410] TURBULENTO | Gap Cuántico: 0.1762 | Load: 0.221
[OS:11415] TURBULENTO | Gap Cuántico: 0.2154 | Load: 0.231
[OS:11420] TURBULENTO | Gap Cuántico: 0.2406 | Load: 0.243
[OS:11425] TURBULENTO | Gap Cuántico: 0.2390 | Load: 0.237
[OS:11430] TURBULENTO | Gap Cuántico: 0.1818 | Load: 0.241
[OS:11435] TURBULENTO | Gap Cuántico: 0.1911 | Load: 0.236
[OS:11440] TURBULENTO | Gap Cuántico: 0.1987 | Load: 0.230
[OS:11445] TURBULENTO | Gap Cuántico: 0.2404 | Load: 0.228
[OS:11450] TURBULENTO | Gap Cuántico: 0.1936 | Load: 0.230
[OS:11455] TURBULENTO | Gap Cuántico: 0.1724 | Load: 0.230
[OS:11460] TURBULENTO | Gap Cuántico: 0.1962 | Load: 0.225
[OS:11465] TURBULENTO | Gap Cuántico: 0.2373 | Load: 0.226
[OS:11470] TURBULENTO | Gap Cuántico: 0.2170 | Load: 0.227
[OS:11475] TURBULENTO | Gap Cuántico: 0.2103 | Load: 0.232
[OS:11480] TURBULENTO | Gap Cuántico: 0.1761 | Load: 0.233
[OS:11485] TURBULENTO | Gap Cuántico: 0.2121 | Load: 0.232
[OS:11490] TURBULENTO | Gap Cuántico: 0.1829 | Load: 0.231
[OS:11495] TURBULENTO | Gap Cuántico: 0.2172 | Load: 0.239
[OS:11500] TURBULENTO | Gap Cuántico: 0.1811 | Load: 0.233
[OS:11505] TURBULENTO | Gap Cuántico: 0.2127 | Load: 0.227
[OS:11510] TURBULENTO | Gap Cuántico: 0.1883 | Load: 0.229
[OS:11515] TURBULENTO | Gap Cuántico: 0.1856 | Load: 0.226
[OS:11520] TURBULENTO | Gap Cuántico: 0.1866 | Load: 0.223
[OS:11525] TURBULENTO | Gap Cuántico: 0.1808 | Load: 0.226
[OS:11530] TURBULENTO | Gap Cuántico: 0.1960 | Load: 0.232
[OS:11535] TURBULENTO | Gap Cuántico: 0.2170 | Load: 0.233
[OS:11540] TURBULENTO | Gap Cuántico: 0.2316 | Load: 0.236
[OS:11545] TURBULENTO | Gap Cuántico: 0.2424 | Load: 0.235
[OS:11550] TURBULENTO | Gap Cuántico: 0.1863 | Load: 0.230
[OS:11555] TURBULENTO | Gap Cuántico: 0.2126 | Load: 0.225
[OS:11560] TURBULENTO | Gap Cuántico: 0.1779 | Load: 0.219
[OS:11565] TURBULENTO | Gap Cuántico: 0.2355 | Load: 0.239
[OS:11570] TURBULENTO | Gap Cuántico: 0.2364 | Load: 0.241
[OS:11575] TURBULENTO | Gap Cuántico: 0.1944 | Load: 0.237
[OS:11580] TURBULENTO | Gap Cuántico: 0.1928 | Load: 0.232
[OS:11585] TURBULENTO | Gap Cuántico: 0.2215 | Load: 0.223
[OS:11590] TURBULENTO | Gap Cuántico: 0.2116 | Load: 0.230
[OS:11595] TURBULENTO | Gap Cuántico: 0.2316 | Load: 0.228
[OS:11600] TURBULENTO | Gap Cuántico: 0.1959 | Load: 0.235
[OS:11605] TURBULENTO | Gap Cuántico: 0.1958 | Load: 0.229
[OS:11610] TURBULENTO | Gap Cuántico: 0.2116 | Load: 0.226
[OS:11615] TURBULENTO | Gap Cuántico: 0.2420 | Load: 0.230
[OS:11620] TURBULENTO | Gap Cuántico: 0.2137 | Load: 0.229
[OS:11625] TURBULENTO | Gap Cuántico: 0.1876 | Load: 0.236
[OS:11630] TURBULENTO | Gap Cuántico: 0.2087 | Load: 0.230
[OS:11635] TURBULENTO | Gap Cuántico: 0.2365 | Load: 0.224
[OS:11640] TURBULENTO | Gap Cuántico: 0.1961 | Load: 0.231
[OS:11645] TURBULENTO | Gap Cuántico: 0.1863 | Load: 0.226
[OS:11650] TURBULENTO | Gap Cuántico: 0.1861 | Load: 0.230
[OS:11655] TURBULENTO | Gap Cuántico: 0.2423 | Load: 0.229
[OS:11660] TURBULENTO | Gap Cuántico: 0.2355 | Load: 0.239
[OS:11665] TURBULENTO | Gap Cuántico: 0.2138 | Load: 0.232
[OS:11670] TURBULENTO | Gap Cuántico: 0.1931 | Load: 0.227
[OS:11675] TURBULENTO | Gap Cuántico: 0.2164 | Load: 0.229
[OS:11680] TURBULENTO | Gap Cuántico: 0.2273 | Load: 0.224
[OS:11685] TURBULENTO | Gap Cuántico: 0.1911 | Load: 0.225
[OS:11690] TURBULENTO | Gap Cuántico: 0.2269 | Load: 0.227
[OS:11695] TURBULENTO | Gap Cuántico: 0.2162 | Load: 0.235
[OS:11700] TURBULENTO | Gap Cuántico: 0.1849 | Load: 0.225
[OS:11705] TURBULENTO | Gap Cuántico: 0.1872 | Load: 0.232
[OS:11710] TURBULENTO | Gap Cuántico: 0.1944 | Load: 0.226
[OS:11715] TURBULENTO | Gap Cuántico: 0.1950 | Load: 0.224
[OS:11720] TURBULENTO | Gap Cuántico: 0.1863 | Load: 0.237
[OS:11725] TURBULENTO | Gap Cuántico: 0.2059 | Load: 0.238
[OS:11730] TURBULENTO | Gap Cuántico: 0.2359 | Load: 0.230
[OS:11735] TURBULENTO | Gap Cuántico: 0.1729 | Load: 0.223
[OS:11740] TURBULENTO | Gap Cuántico: 0.1864 | Load: 0.225
[OS:11745] TURBULENTO | Gap Cuántico: 0.1806 | Load: 0.227
[OS:11750] TURBULENTO | Gap Cuántico: 0.2150 | Load: 0.232
[OS:11755] TURBULENTO | Gap Cuántico: 0.2396 | Load: 0.228
[OS:11760] TURBULENTO | Gap Cuántico: 0.1891 | Load: 0.231
[OS:11765] TURBULENTO | Gap Cuántico: 0.2415 | Load: 0.235
[OS:11770] TURBULENTO | Gap Cuántico: 0.2422 | Load: 0.229
[OS:11775] TURBULENTO | Gap Cuántico: 0.2276 | Load: 0.228
[OS:11780] TURBULENTO | Gap Cuántico: 0.1893 | Load: 0.230
[OS:11785] TURBULENTO | Gap Cuántico: 0.1909 | Load: 0.232
[OS:11790] TURBULENTO | Gap Cuántico: 0.2120 | Load: 0.229
[OS:11795] TURBULENTO | Gap Cuántico: 0.2112 | Load: 0.234
[OS:11800] TURBULENTO | Gap Cuántico: 0.1785 | Load: 0.226
[OS:11805] TURBULENTO | Gap Cuántico: 0.1827 | Load: 0.232
[OS:11810] TURBULENTO | Gap Cuántico: 0.2402 | Load: 0.237
[OS:11815] TURBULENTO | Gap Cuántico: 0.2062 | Load: 0.229
[OS:11820] TURBULENTO | Gap Cuántico: 0.2052 | Load: 0.230
[OS:11825] TURBULENTO | Gap Cuántico: 0.2423 | Load: 0.238
[OS:11830] TURBULENTO | Gap Cuántico: 0.2276 | Load: 0.230
[OS:11835] TURBULENTO | Gap Cuántico: 0.2089 | Load: 0.233
[OS:11840] TURBULENTO | Gap Cuántico: 0.2149 | Load: 0.233
[OS:11845] TURBULENTO | Gap Cuántico: 0.1887 | Load: 0.233
[OS:11850] TURBULENTO | Gap Cuántico: 0.2170 | Load: 0.235
[OS:11855] TURBULENTO | Gap Cuántico: 0.2250 | Load: 0.229
[OS:11860] TURBULENTO | Gap Cuántico: 0.2171 | Load: 0.226
[OS:11865] TURBULENTO | Gap Cuántico: 0.1960 | Load: 0.223
[OS:11870] TURBULENTO | Gap Cuántico: 0.1913 | Load: 0.227
[OS:11875] TURBULENTO | Gap Cuántico: 0.2404 | Load: 0.240
[OS:11880] TURBULENTO | Gap Cuántico: 0.2276 | Load: 0.233
[OS:11885] TURBULENTO | Gap Cuántico: 0.2283 | Load: 0.225
[OS:11890] TURBULENTO | Gap Cuántico: 0.2172 | Load: 0.227
[OS:11895] TURBULENTO | Gap Cuántico: 0.1955 | Load: 0.225
[OS:11900] TURBULENTO | Gap Cuántico: 0.2231 | Load: 0.231
[OS:11905] TURBULENTO | Gap Cuántico: 0.2369 | Load: 0.234
[OS:11910] TURBULENTO | Gap Cuántico: 0.2157 | Load: 0.233
[OS:11915] TURBULENTO | Gap Cuántico: 0.2012 | Load: 0.229
[OS:11920] TURBULENTO | Gap Cuántico: 0.2409 | Load: 0.218
[OS:11925] TURBULENTO | Gap Cuántico: 0.2162 | Load: 0.232
[OS:11930] TURBULENTO | Gap Cuántico: 0.2084 | Load: 0.239
[OS:11935] TURBULENTO | Gap Cuántico: 0.1813 | Load: 0.231
[OS:11940] TURBULENTO | Gap Cuántico: 0.2254 | Load: 0.234
[OS:11945] TURBULENTO | Gap Cuántico: 0.1975 | Load: 0.226
[OS:11950] TURBULENTO | Gap Cuántico: 0.1896 | Load: 0.219
[OS:11955] TURBULENTO | Gap Cuántico: 0.2187 | Load: 0.221
[OS:11960] TURBULENTO | Gap Cuántico: 0.1823 | Load: 0.224
[OS:11965] TURBULENTO | Gap Cuántico: 0.1841 | Load: 0.227
[OS:11970] TURBULENTO | Gap Cuántico: 0.2379 | Load: 0.230
[OS:11975] TURBULENTO | Gap Cuántico: 0.1760 | Load: 0.222
[OS:11980] TURBULENTO | Gap Cuántico: 0.2280 | Load: 0.229
[OS:11985] TURBULENTO | Gap Cuántico: 0.2316 | Load: 0.232
[OS:11990] TURBULENTO | Gap Cuántico: 0.1908 | Load: 0.234
[OS:11995] TURBULENTO | Gap Cuántico: 0.2171 | Load: 0.218
[OS:12000] TURBULENTO | Gap Cuántico: 0.1949 | Load: 0.225
[OS:12005] TURBULENTO | Gap Cuántico: 0.2299 | Load: 0.228
[OS:12010] TURBULENTO | Gap Cuántico: 0.2077 | Load: 0.232
[OS:12015] TURBULENTO | Gap Cuántico: 0.2290 | Load: 0.234
[OS:12020] TURBULENTO | Gap Cuántico: 0.2328 | Load: 0.236
[OS:12025] TURBULENTO | Gap Cuántico: 0.1883 | Load: 0.230
[OS:12030] TURBULENTO | Gap Cuántico: 0.1823 | Load: 0.228
[OS:12035] TURBULENTO | Gap Cuántico: 0.1731 | Load: 0.222
[OS:12040] TURBULENTO | Gap Cuántico: 0.1788 | Load: 0.220
[OS:12045] TURBULENTO | Gap Cuántico: 0.1915 | Load: 0.231
[OS:12050] TURBULENTO | Gap Cuántico: 0.1962 | Load: 0.232
[OS:12055] TURBULENTO | Gap Cuántico: 0.1866 | Load: 0.228
[OS:12060] TURBULENTO | Gap Cuántico: 0.2404 | Load: 0.233
[OS:12065] TURBULENTO | Gap Cuántico: 0.2121 | Load: 0.231
[OS:12070] TURBULENTO | Gap Cuántico: 0.2370 | Load: 0.234
[OS:12075] TURBULENTO | Gap Cuántico: 0.1927 | Load: 0.237
[OS:12080] TURBULENTO | Gap Cuántico: 0.1782 | Load: 0.239
[OS:12085] TURBULENTO | Gap Cuántico: 0.1893 | Load: 0.230
[OS:12090] TURBULENTO | Gap Cuántico: 0.1935 | Load: 0.234
[OS:12095] TURBULENTO | Gap Cuántico: 0.1892 | Load: 0.230
[OS:12100] TURBULENTO | Gap Cuántico: 0.1931 | Load: 0.222
[OS:12105] TURBULENTO | Gap Cuántico: 0.2423 | Load: 0.228
[OS:12110] TURBULENTO | Gap Cuántico: 0.2159 | Load: 0.234
[OS:12115] TURBULENTO | Gap Cuántico: 0.1889 | Load: 0.229
[OS:12120] TURBULENTO | Gap Cuántico: 0.1860 | Load: 0.234
[OS:12125] TURBULENTO | Gap Cuántico: 0.1853 | Load: 0.237
[OS:12130] TURBULENTO | Gap Cuántico: 0.2172 | Load: 0.226
[OS:12135] TURBULENTO | Gap Cuántico: 0.2169 | Load: 0.231
[OS:12140] TURBULENTO | Gap Cuántico: 0.2247 | Load: 0.232
[OS:12145] TURBULENTO | Gap Cuántico: 0.1946 | Load: 0.227
[OS:12150] TURBULENTO | Gap Cuántico: 0.1892 | Load: 0.230
[OS:12155] TURBULENTO | Gap Cuántico: 0.2164 | Load: 0.227
[OS:12160] TURBULENTO | Gap Cuántico: 0.2167 | Load: 0.227
[OS:12165] TURBULENTO | Gap Cuántico: 0.1935 | Load: 0.231
[OS:12170] TURBULENTO | Gap Cuántico: 0.2369 | Load: 0.232
[OS:12175] TURBULENTO | Gap Cuántico: 0.1859 | Load: 0.229
[OS:12180] TURBULENTO | Gap Cuántico: 0.1863 | Load: 0.227
[OS:12185] TURBULENTO | Gap Cuántico: 0.1952 | Load: 0.222
[OS:12190] TURBULENTO | Gap Cuántico: 0.2221 | Load: 0.228
[OS:12195] TURBULENTO | Gap Cuántico: 0.1894 | Load: 0.232
[OS:12200] TURBULENTO | Gap Cuántico: 0.1739 | Load: 0.234
[OS:12205] TURBULENTO | Gap Cuántico: 0.2340 | Load: 0.228
[OS:12210] TURBULENTO | Gap Cuántico: 0.2135 | Load: 0.227
[OS:12215] TURBULENTO | Gap Cuántico: 0.1760 | Load: 0.237
[OS:12220] TURBULENTO | Gap Cuántico: 0.1715 | Load: 0.214
[OS:12225] TURBULENTO | Gap Cuántico: 0.2406 | Load: 0.223
[OS:12230] TURBULENTO | Gap Cuántico: 0.2190 | Load: 0.235
[OS:12235] TURBULENTO | Gap Cuántico: 0.2172 | Load: 0.235
[OS:12240] TURBULENTO | Gap Cuántico: 0.1948 | Load: 0.232
[OS:12245] TURBULENTO | Gap Cuántico: 0.1928 | Load: 0.232
[OS:12250] TURBULENTO | Gap Cuántico: 0.1807 | Load: 0.234
[OS:12255] TURBULENTO | Gap Cuántico: 0.1961 | Load: 0.243
[OS:12260] TURBULENTO | Gap Cuántico: 0.2303 | Load: 0.229
[OS:12265] TURBULENTO | Gap Cuántico: 0.1883 | Load: 0.221
[OS:12270] TURBULENTO | Gap Cuántico: 0.1863 | Load: 0.226
[OS:12275] TURBULENTO | Gap Cuántico: 0.1844 | Load: 0.225
[OS:12280] TURBULENTO | Gap Cuántico: 0.1946 | Load: 0.222
[OS:12285] TURBULENTO | Gap Cuántico: 0.1806 | Load: 0.225
[OS:12290] TURBULENTO | Gap Cuántico: 0.1767 | Load: 0.230
[OS:12295] TURBULENTO | Gap Cuántico: 0.2303 | Load: 0.234
[OS:12300] TURBULENTO | Gap Cuántico: 0.2416 | Load: 0.235
[OS:12305] TURBULENTO | Gap Cuántico: 0.1889 | Load: 0.220
[OS:12310] TURBULENTO | Gap Cuántico: 0.2170 | Load: 0.228
[OS:12315] TURBULENTO | Gap Cuántico: 0.2103 | Load: 0.227
[OS:12320] TURBULENTO | Gap Cuántico: 0.2416 | Load: 0.238
[OS:12325] TURBULENTO | Gap Cuántico: 0.2104 | Load: 0.229
[OS:12330] TURBULENTO | Gap Cuántico: 0.1923 | Load: 0.231
[OS:12335] TURBULENTO | Gap Cuántico: 0.1828 | Load: 0.227
[OS:12340] TURBULENTO | Gap Cuántico: 0.1875 | Load: 0.222
[OS:12345] TURBULENTO | Gap Cuántico: 0.2424 | Load: 0.228
[OS:12350] TURBULENTO | Gap Cuántico: 0.1779 | Load: 0.231
[OS:12355] TURBULENTO | Gap Cuántico: 0.2394 | Load: 0.228
[OS:12360] TURBULENTO | Gap Cuántico: 0.1932 | Load: 0.236
[OS:12365] TURBULENTO | Gap Cuántico: 0.2406 | Load: 0.231
[OS:12370] TURBULENTO | Gap Cuántico: 0.2103 | Load: 0.237
[OS:12375] TURBULENTO | Gap Cuántico: 0.1763 | Load: 0.231
[OS:12380] TURBULENTO | Gap Cuántico: 0.1925 | Load: 0.233
[OS:12385] TURBULENTO | Gap Cuántico: 0.2020 | Load: 0.235
[OS:12390] TURBULENTO | Gap Cuántico: 0.1836 | Load: 0.237
[OS:12395] TURBULENTO | Gap Cuántico: 0.1806 | Load: 0.227
[OS:12400] TURBULENTO | Gap Cuántico: 0.2244 | Load: 0.236
[OS:12405] TURBULENTO | Gap Cuántico: 0.1894 | Load: 0.225
[OS:12410] TURBULENTO | Gap Cuántico: 0.1767 | Load: 0.232
[OS:12415] TURBULENTO | Gap Cuántico: 0.2116 | Load: 0.229
[OS:12420] TURBULENTO | Gap Cuántico: 0.2052 | Load: 0.229
[OS:12425] TURBULENTO | Gap Cuántico: 0.1975 | Load: 0.226
[OS:12430] TURBULENTO | Gap Cuántico: 0.1794 | Load: 0.231
[OS:12435] TURBULENTO | Gap Cuántico: 0.1869 | Load: 0.228
[OS:12440] TURBULENTO | Gap Cuántico: 0.2163 | Load: 0.234
[OS:12445] TURBULENTO | Gap Cuántico: 0.1746 | Load: 0.229
[OS:12450] TURBULENTO | Gap Cuántico: 0.1846 | Load: 0.226
[OS:12455] TURBULENTO | Gap Cuántico: 0.1896 | Load: 0.222
[OS:12460] TURBULENTO | Gap Cuántico: 0.2208 | Load: 0.231
[OS:12465] TURBULENTO | Gap Cuántico: 0.2161 | Load: 0.231
[OS:12470] TURBULENTO | Gap Cuántico: 0.2244 | Load: 0.230
[OS:12475] TURBULENTO | Gap Cuántico: 0.1739 | Load: 0.228
[OS:12480] TURBULENTO | Gap Cuántico: 0.2231 | Load: 0.233
[OS:12485] TURBULENTO | Gap Cuántico: 0.1937 | Load: 0.228
[OS:12490] TURBULENTO | Gap Cuántico: 0.2390 | Load: 0.226
[OS:12495] TURBULENTO | Gap Cuántico: 0.1944 | Load: 0.224
[OS:12500] TURBULENTO | Gap Cuántico: 0.2163 | Load: 0.229
[OS:12505] TURBULENTO | Gap Cuántico: 0.1918 | Load: 0.229
[OS:12510] TURBULENTO | Gap Cuántico: 0.1851 | Load: 0.229
[OS:12515] TURBULENTO | Gap Cuántico: 0.1869 | Load: 0.233
[OS:12520] TURBULENTO | Gap Cuántico: 0.1735 | Load: 0.231
[OS:12525] TURBULENTO | Gap Cuántico: 0.1893 | Load: 0.239
[OS:12530] TURBULENTO | Gap Cuántico: 0.2359 | Load: 0.230
[OS:12535] TURBULENTO | Gap Cuántico: 0.2198 | Load: 0.232
[OS:12540] TURBULENTO | Gap Cuántico: 0.1853 | Load: 0.237
[OS:12545] TURBULENTO | Gap Cuántico: 0.2103 | Load: 0.236
[OS:12550] TURBULENTO | Gap Cuántico: 0.2340 | Load: 0.226
[OS:12555] TURBULENTO | Gap Cuántico: 0.1894 | Load: 0.228
[OS:12560] TURBULENTO | Gap Cuántico: 0.1764 | Load: 0.226
[OS:12565] TURBULENTO | Gap Cuántico: 0.1895 | Load: 0.225
[OS:12570] TURBULENTO | Gap Cuántico: 0.1753 | Load: 0.229
[OS:12575] TURBULENTO | Gap Cuántico: 0.1893 | Load: 0.227
[OS:12580] TURBULENTO | Gap Cuántico: 0.1934 | Load: 0.226
[OS:12585] TURBULENTO | Gap Cuántico: 0.2421 | Load: 0.229
[OS:12590] TURBULENTO | Gap Cuántico: 0.2094 | Load: 0.227
[OS:12595] TURBULENTO | Gap Cuántico: 0.2150 | Load: 0.231
[OS:12600] TURBULENTO | Gap Cuántico: 0.1885 | Load: 0.223
[OS:12605] TURBULENTO | Gap Cuántico: 0.1752 | Load: 0.226
[OS:12610] TURBULENTO | Gap Cuántico: 0.1866 | Load: 0.232
[OS:12615] TURBULENTO | Gap Cuántico: 0.1854 | Load: 0.230
[OS:12620] TURBULENTO | Gap Cuántico: 0.2198 | Load: 0.230
[OS:12625] TURBULENTO | Gap Cuántico: 0.1896 | Load: 0.229
[OS:12630] TURBULENTO | Gap Cuántico: 0.1759 | Load: 0.224
[OS:12635] TURBULENTO | Gap Cuántico: 0.1875 | Load: 0.230
[OS:12640] TURBULENTO | Gap Cuántico: 0.1763 | Load: 0.234
[OS:12645] TURBULENTO | Gap Cuántico: 0.2223 | Load: 0.236
[OS:12650] TURBULENTO | Gap Cuántico: 0.1749 | Load: 0.230
[OS:12655] TURBULENTO | Gap Cuántico: 0.2297 | Load: 0.233
[OS:12660] TURBULENTO | Gap Cuántico: 0.2416 | Load: 0.231
[OS:12665] TURBULENTO | Gap Cuántico: 0.1939 | Load: 0.229
[OS:12670] TURBULENTO | Gap Cuántico: 0.1708 | Load: 0.227
[OS:12675] TURBULENTO | Gap Cuántico: 0.2108 | Load: 0.233
[OS:12680] TURBULENTO | Gap Cuántico: 0.2170 | Load: 0.224
[OS:12685] TURBULENTO | Gap Cuántico: 0.1842 | Load: 0.226
[OS:12690] TURBULENTO | Gap Cuántico: 0.2135 | Load: 0.232
[OS:12695] TURBULENTO | Gap Cuántico: 0.2370 | Load: 0.235
[OS:12700] TURBULENTO | Gap Cuántico: 0.2420 | Load: 0.234
[OS:12705] TURBULENTO | Gap Cuántico: 0.2095 | Load: 0.235
[OS:12710] TURBULENTO | Gap Cuántico: 0.1934 | Load: 0.229
[OS:12715] TURBULENTO | Gap Cuántico: 0.1774 | Load: 0.228
[OS:12720] TURBULENTO | Gap Cuántico: 0.2152 | Load: 0.233
[OS:12725] TURBULENTO | Gap Cuántico: 0.2187 | Load: 0.239
[OS:12730] TURBULENTO | Gap Cuántico: 0.2297 | Load: 0.235
[OS:12735] TURBULENTO | Gap Cuántico: 0.2103 | Load: 0.232
[OS:12740] TURBULENTO | Gap Cuántico: 0.2334 | Load: 0.228
[OS:12745] TURBULENTO | Gap Cuántico: 0.2164 | Load: 0.233
[OS:12750] TURBULENTO | Gap Cuántico: 0.2407 | Load: 0.226
[OS:12755] TURBULENTO | Gap Cuántico: 0.2303 | Load: 0.225
[OS:12760] TURBULENTO | Gap Cuántico: 0.2170 | Load: 0.235
[OS:12765] TURBULENTO | Gap Cuántico: 0.2128 | Load: 0.225
[OS:12770] TURBULENTO | Gap Cuántico: 0.2421 | Load: 0.232
[OS:12775] TURBULENTO | Gap Cuántico: 0.2036 | Load: 0.227
[OS:12780] TURBULENTO | Gap Cuántico: 0.1837 | Load: 0.221
[OS:12785] TURBULENTO | Gap Cuántico: 0.2194 | Load: 0.232
[OS:12790] TURBULENTO | Gap Cuántico: 0.2309 | Load: 0.230
[OS:12795] TURBULENTO | Gap Cuántico: 0.1747 | Load: 0.229
[OS:12800] TURBULENTO | Gap Cuántico: 0.1825 | Load: 0.230
[OS:12805] TURBULENTO | Gap Cuántico: 0.2031 | Load: 0.235
[OS:12810] TURBULENTO | Gap Cuántico: 0.2137 | Load: 0.236
[OS:12815] TURBULENTO | Gap Cuántico: 0.1825 | Load: 0.237
[OS:12820] TURBULENTO | Gap Cuántico: 0.1941 | Load: 0.231
[OS:12825] TURBULENTO | Gap Cuántico: 0.2099 | Load: 0.230
[OS:12830] TURBULENTO | Gap Cuántico: 0.2421 | Load: 0.229
[OS:12835] TURBULENTO | Gap Cuántico: 0.1953 | Load: 0.233
[OS:12840] TURBULENTO | Gap Cuántico: 0.1908 | Load: 0.227
[OS:12845] TURBULENTO | Gap Cuántico: 0.1854 | Load: 0.227
[OS:12850] TURBULENTO | Gap Cuántico: 0.2423 | Load: 0.233
[OS:12855] TURBULENTO | Gap Cuántico: 0.2297 | Load: 0.230
[OS:12860] TURBULENTO | Gap Cuántico: 0.1936 | Load: 0.230
[OS:12865] TURBULENTO | Gap Cuántico: 0.2121 | Load: 0.230
[OS:12870] TURBULENTO | Gap Cuántico: 0.1885 | Load: 0.228
[OS:12875] TURBULENTO | Gap Cuántico: 0.2099 | Load: 0.241
[OS:12880] TURBULENTO | Gap Cuántico: 0.2412 | Load: 0.229
[OS:12885] TURBULENTO | Gap Cuántico: 0.1761 | Load: 0.233
[OS:12890] TURBULENTO | Gap Cuántico: 0.1939 | Load: 0.231
[OS:12895] TURBULENTO | Gap Cuántico: 0.1863 | Load: 0.232
[OS:12900] TURBULENTO | Gap Cuántico: 0.1960 | Load: 0.239
[OS:12905] TURBULENTO | Gap Cuántico: 0.2157 | Load: 0.228
[OS:12910] TURBULENTO | Gap Cuántico: 0.1892 | Load: 0.223
[OS:12915] TURBULENTO | Gap Cuántico: 0.1894 | Load: 0.232
[OS:12920] TURBULENTO | Gap Cuántico: 0.2328 | Load: 0.226
[OS:12925] TURBULENTO | Gap Cuántico: 0.1934 | Load: 0.236
[OS:12930] TURBULENTO | Gap Cuántico: 0.2171 | Load: 0.240
[OS:12935] TURBULENTO | Gap Cuántico: 0.2239 | Load: 0.232
[OS:12940] TURBULENTO | Gap Cuántico: 0.1962 | Load: 0.230
[OS:12945] TURBULENTO | Gap Cuántico: 0.1959 | Load: 0.229
[OS:12950] TURBULENTO | Gap Cuántico: 0.2396 | Load: 0.242
[OS:12955] TURBULENTO | Gap Cuántico: 0.1830 | Load: 0.220
[OS:12960] TURBULENTO | Gap Cuántico: 0.1894 | Load: 0.231
[OS:12965] TURBULENTO | Gap Cuántico: 0.2151 | Load: 0.231
[OS:12970] TURBULENTO | Gap Cuántico: 0.2112 | Load: 0.226
[OS:12975] TURBULENTO | Gap Cuántico: 0.1869 | Load: 0.235
[OS:12980] TURBULENTO | Gap Cuántico: 0.1934 | Load: 0.246
[OS:12985] TURBULENTO | Gap Cuántico: 0.1893 | Load: 0.230
[OS:12990] TURBULENTO | Gap Cuántico: 0.2262 | Load: 0.228
[OS:12995] TURBULENTO | Gap Cuántico: 0.2259 | Load: 0.225
[OS:13000] TURBULENTO | Gap Cuántico: 0.1960 | Load: 0.225
[OS:13005] TURBULENTO | Gap Cuántico: 0.1731 | Load: 0.233
[OS:13010] TURBULENTO | Gap Cuántico: 0.2059 | Load: 0.236
[OS:13015] TURBULENTO | Gap Cuántico: 0.2345 | Load: 0.236
[OS:13020] TURBULENTO | Gap Cuántico: 0.1872 | Load: 0.231
[OS:13025] TURBULENTO | Gap Cuántico: 0.2112 | Load: 0.230
[OS:13030] TURBULENTO | Gap Cuántico: 0.2031 | Load: 0.232
[OS:13035] TURBULENTO | Gap Cuántico: 0.1823 | Load: 0.234
[OS:13040] TURBULENTO | Gap Cuántico: 0.2419 | Load: 0.230
[OS:13045] TURBULENTO | Gap Cuántico: 0.2413 | Load: 0.237
[OS:13050] TURBULENTO | Gap Cuántico: 0.2422 | Load: 0.233
[OS:13055] TURBULENTO | Gap Cuántico: 0.2012 | Load: 0.229
[OS:13060] TURBULENTO | Gap Cuántico: 0.1888 | Load: 0.230
[OS:13065] TURBULENTO | Gap Cuántico: 0.1959 | Load: 0.236
[OS:13070] TURBULENTO | Gap Cuántico: 0.1953 | Load: 0.229
[OS:13075] TURBULENTO | Gap Cuántico: 0.2403 | Load: 0.223
[OS:13080] TURBULENTO | Gap Cuántico: 0.2167 | Load: 0.232
[OS:13085] TURBULENTO | Gap Cuántico: 0.2164 | Load: 0.228
[OS:13090] TURBULENTO | Gap Cuántico: 0.1878 | Load: 0.234
[OS:13095] TURBULENTO | Gap Cuántico: 0.2108 | Load: 0.233
[OS:13100] TURBULENTO | Gap Cuántico: 0.2424 | Load: 0.231
[OS:13105] TURBULENTO | Gap Cuántico: 0.2073 | Load: 0.235
[OS:13110] TURBULENTO | Gap Cuántico: 0.1767 | Load: 0.236
[OS:13115] TURBULENTO | Gap Cuántico: 0.1869 | Load: 0.230
[OS:13120] TURBULENTO | Gap Cuántico: 0.1953 | Load: 0.233
[OS:13125] TURBULENTO | Gap Cuántico: 0.2214 | Load: 0.235
[OS:13130] TURBULENTO | Gap Cuántico: 0.2412 | Load: 0.230
[OS:13135] TURBULENTO | Gap Cuántico: 0.1866 | Load: 0.228
[OS:13140] TURBULENTO | Gap Cuántico: 0.1958 | Load: 0.225
[OS:13145] TURBULENTO | Gap Cuántico: 0.2244 | Load: 0.228
[OS:13150] TURBULENTO | Gap Cuántico: 0.2244 | Load: 0.231
[OS:13155] TURBULENTO | Gap Cuántico: 0.2099 | Load: 0.220
[OS:13160] TURBULENTO | Gap Cuántico: 0.1889 | Load: 0.224
[OS:13165] TURBULENTO | Gap Cuántico: 0.2124 | Load: 0.223
[OS:13170] TURBULENTO | Gap Cuántico: 0.1883 | Load: 0.235
[OS:13175] TURBULENTO | Gap Cuántico: 0.2171 | Load: 0.232
[OS:13180] TURBULENTO | Gap Cuántico: 0.2295 | Load: 0.228
[OS:13185] TURBULENTO | Gap Cuántico: 0.1946 | Load: 0.230
[OS:13190] TURBULENTO | Gap Cuántico: 0.2169 | Load: 0.232
[OS:13195] TURBULENTO | Gap Cuántico: 0.2423 | Load: 0.227
[OS:13200] TURBULENTO | Gap Cuántico: 0.2416 | Load: 0.227
[OS:13205] TURBULENTO | Gap Cuántico: 0.1956 | Load: 0.223
[OS:13210] TURBULENTO | Gap Cuántico: 0.1821 | Load: 0.234
[OS:13215] TURBULENTO | Gap Cuántico: 0.2409 | Load: 0.231
[OS:13220] TURBULENTO | Gap Cuántico: 0.1837 | Load: 0.233
[OS:13225] TURBULENTO | Gap Cuántico: 0.2164 | Load: 0.229
[OS:13230] TURBULENTO | Gap Cuántico: 0.1881 | Load: 0.232
[OS:13235] TURBULENTO | Gap Cuántico: 0.1755 | Load: 0.226
[OS:13240] TURBULENTO | Gap Cuántico: 0.2297 | Load: 0.234
[OS:13245] TURBULENTO | Gap Cuántico: 0.2164 | Load: 0.233
[OS:13250] TURBULENTO | Gap Cuántico: 0.2299 | Load: 0.225
[OS:13255] TURBULENTO | Gap Cuántico: 0.2030 | Load: 0.228
[OS:13260] TURBULENTO | Gap Cuántico: 0.1872 | Load: 0.219
[OS:13265] TURBULENTO | Gap Cuántico: 0.1761 | Load: 0.219
[OS:13270] TURBULENTO | Gap Cuántico: 0.1869 | Load: 0.232
[OS:13275] TURBULENTO | Gap Cuántico: 0.1745 | Load: 0.232
[OS:13280] TURBULENTO | Gap Cuántico: 0.1864 | Load: 0.217
[OS:13285] TURBULENTO | Gap Cuántico: 0.1796 | Load: 0.221
[OS:13290] TURBULENTO | Gap Cuántico: 0.2350 | Load: 0.228
[OS:13295] TURBULENTO | Gap Cuántico: 0.1763 | Load: 0.227
[OS:13300] TURBULENTO | Gap Cuántico: 0.1779 | Load: 0.224
[OS:13305] TURBULENTO | Gap Cuántico: 0.1877 | Load: 0.234
[OS:13310] TURBULENTO | Gap Cuántico: 0.1809 | Load: 0.232
[OS:13315] TURBULENTO | Gap Cuántico: 0.1956 | Load: 0.222
[OS:13320] TURBULENTO | Gap Cuántico: 0.2422 | Load: 0.235
[OS:13325] TURBULENTO | Gap Cuántico: 0.1841 | Load: 0.220
[OS:13330] TURBULENTO | Gap Cuántico: 0.1856 | Load: 0.223
[OS:13335] TURBULENTO | Gap Cuántico: 0.1872 | Load: 0.234
[OS:13340] TURBULENTO | Gap Cuántico: 0.1827 | Load: 0.236
[OS:13345] TURBULENTO | Gap Cuántico: 0.1896 | Load: 0.233
[OS:13350] TURBULENTO | Gap Cuántico: 0.1853 | Load: 0.232
[OS:13355] TURBULENTO | Gap Cuántico: 0.1911 | Load: 0.236
[OS:13360] TURBULENTO | Gap Cuántico: 0.1953 | Load: 0.235
[OS:13365] TURBULENTO | Gap Cuántico: 0.2079 | Load: 0.234
[OS:13370] TURBULENTO | Gap Cuántico: 0.1883 | Load: 0.235
[OS:13375] TURBULENTO | Gap Cuántico: 0.2423 | Load: 0.230
[OS:13380] TURBULENTO | Gap Cuántico: 0.2262 | Load: 0.224
[OS:13385] TURBULENTO | Gap Cuántico: 0.2112 | Load: 0.228
[OS:13390] TURBULENTO | Gap Cuántico: 0.1750 | Load: 0.226
[OS:13395] TURBULENTO | Gap Cuántico: 0.1951 | Load: 0.227
[OS:13400] TURBULENTO | Gap Cuántico: 0.1961 | Load: 0.231
[OS:13405] TURBULENTO | Gap Cuántico: 0.1878 | Load: 0.229
[OS:13410] TURBULENTO | Gap Cuántico: 0.1854 | Load: 0.238
[OS:13415] TURBULENTO | Gap Cuántico: 0.1883 | Load: 0.233
[OS:13420] TURBULENTO | Gap Cuántico: 0.2373 | Load: 0.242
[OS:13425] TURBULENTO | Gap Cuántico: 0.2422 | Load: 0.243
[OS:13430] TURBULENTO | Gap Cuántico: 0.1863 | Load: 0.236
[OS:13435] TURBULENTO | Gap Cuántico: 0.2208 | Load: 0.241
[OS:13440] TURBULENTO | Gap Cuántico: 0.1961 | Load: 0.234
[OS:13445] TURBULENTO | Gap Cuántico: 0.2120 | Load: 0.232
[OS:13450] TURBULENTO | Gap Cuántico: 0.1866 | Load: 0.228
[OS:13455] TURBULENTO | Gap Cuántico: 0.1936 | Load: 0.224
[OS:13460] TURBULENTO | Gap Cuántico: 0.1756 | Load: 0.225
[OS:13465] TURBULENTO | Gap Cuántico: 0.1961 | Load: 0.227
[OS:13470] TURBULENTO | Gap Cuántico: 0.1975 | Load: 0.230
[OS:13475] TURBULENTO | Gap Cuántico: 0.1749 | Load: 0.229
[OS:13480] TURBULENTO | Gap Cuántico: 0.1870 | Load: 0.233
[OS:13485] TURBULENTO | Gap Cuántico: 0.2147 | Load: 0.234
[OS:13490] TURBULENTO | Gap Cuántico: 0.2419 | Load: 0.225
[OS:13495] TURBULENTO | Gap Cuántico: 0.1892 | Load: 0.230
[OS:13500] TURBULENTO | Gap Cuántico: 0.2276 | Load: 0.236
[OS:13505] TURBULENTO | Gap Cuántico: 0.1960 | Load: 0.228
[OS:13510] TURBULENTO | Gap Cuántico: 0.2349 | Load: 0.227
[OS:13515] TURBULENTO | Gap Cuántico: 0.1960 | Load: 0.225
[OS:13520] TURBULENTO | Gap Cuántico: 0.2416 | Load: 0.232
[OS:13525] TURBULENTO | Gap Cuántico: 0.2172 | Load: 0.230
[OS:13530] TURBULENTO | Gap Cuántico: 0.2333 | Load: 0.232
[OS:13535] TURBULENTO | Gap Cuántico: 0.1860 | Load: 0.220
[OS:13540] TURBULENTO | Gap Cuántico: 0.2155 | Load: 0.229
[OS:13545] TURBULENTO | Gap Cuántico: 0.1827 | Load: 0.228
[OS:13550] TURBULENTO | Gap Cuántico: 0.2165 | Load: 0.236
[OS:13555] TURBULENTO | Gap Cuántico: 0.2374 | Load: 0.239
[OS:13560] TURBULENTO | Gap Cuántico: 0.2140 | Load: 0.233
[OS:13565] TURBULENTO | Gap Cuántico: 0.2165 | Load: 0.236
[OS:13570] TURBULENTO | Gap Cuántico: 0.2170 | Load: 0.226
[OS:13575] TURBULENTO | Gap Cuántico: 0.1836 | Load: 0.225
[OS:13580] TURBULENTO | Gap Cuántico: 0.2297 | Load: 0.232
[OS:13585] TURBULENTO | Gap Cuántico: 0.1887 | Load: 0.236
[OS:13590] TURBULENTO | Gap Cuántico: 0.1760 | Load: 0.230
[OS:13595] TURBULENTO | Gap Cuántico: 0.1830 | Load: 0.227
[OS:13600] TURBULENTO | Gap Cuántico: 0.1747 | Load: 0.227
[OS:13605] TURBULENTO | Gap Cuántico: 0.2168 | Load: 0.236
[OS:13610] TURBULENTO | Gap Cuántico: 0.2161 | Load: 0.238
[OS:13615] TURBULENTO | Gap Cuántico: 0.2244 | Load: 0.239
[OS:13620] TURBULENTO | Gap Cuántico: 0.1881 | Load: 0.233
[OS:13625] TURBULENTO | Gap Cuántico: 0.1887 | Load: 0.229
[OS:13630] TURBULENTO | Gap Cuántico: 0.1729 | Load: 0.225
[OS:13635] TURBULENTO | Gap Cuántico: 0.1919 | Load: 0.233
[OS:13640] TURBULENTO | Gap Cuántico: 0.2369 | Load: 0.234
[OS:13645] TURBULENTO | Gap Cuántico: 0.1828 | Load: 0.231
[OS:13650] TURBULENTO | Gap Cuántico: 0.2418 | Load: 0.235
[OS:13655] TURBULENTO | Gap Cuántico: 0.2301 | Load: 0.234
[OS:13660] TURBULENTO | Gap Cuántico: 0.1851 | Load: 0.230
[OS:13665] TURBULENTO | Gap Cuántico: 0.1879 | Load: 0.223
[OS:13670] TURBULENTO | Gap Cuántico: 0.1819 | Load: 0.228
[OS:13675] TURBULENTO | Gap Cuántico: 0.2416 | Load: 0.228
[OS:13680] TURBULENTO | Gap Cuántico: 0.2422 | Load: 0.226
[OS:13685] TURBULENTO | Gap Cuántico: 0.1952 | Load: 0.229
[OS:13690] TURBULENTO | Gap Cuántico: 0.1885 | Load: 0.227
[OS:13695] TURBULENTO | Gap Cuántico: 0.1883 | Load: 0.222
[OS:13700] TURBULENTO | Gap Cuántico: 0.1885 | Load: 0.234
[OS:13705] TURBULENTO | Gap Cuántico: 0.2079 | Load: 0.232
[OS:13710] TURBULENTO | Gap Cuántico: 0.1869 | Load: 0.230
[OS:13715] TURBULENTO | Gap Cuántico: 0.2403 | Load: 0.245
[OS:13720] TURBULENTO | Gap Cuántico: 0.1892 | Load: 0.236
[OS:13725] TURBULENTO | Gap Cuántico: 0.1872 | Load: 0.232
[OS:13730] TURBULENTO | Gap Cuántico: 0.2276 | Load: 0.234
[OS:13735] TURBULENTO | Gap Cuántico: 0.2369 | Load: 0.237
[OS:13740] TURBULENTO | Gap Cuántico: 0.2087 | Load: 0.236
[OS:13745] TURBULENTO | Gap Cuántico: 0.1828 | Load: 0.232
[OS:13750] TURBULENTO | Gap Cuántico: 0.2160 | Load: 0.223
[OS:13755] TURBULENTO | Gap Cuántico: 0.1939 | Load: 0.225
[OS:13760] TURBULENTO | Gap Cuántico: 0.1731 | Load: 0.230
[OS:13765] TURBULENTO | Gap Cuántico: 0.2065 | Load: 0.236
[OS:13770] TURBULENTO | Gap Cuántico: 0.2020 | Load: 0.238
[OS:13775] TURBULENTO | Gap Cuántico: 0.1731 | Load: 0.235
[OS:13780] TURBULENTO | Gap Cuántico: 0.2172 | Load: 0.222
[OS:13785] TURBULENTO | Gap Cuántico: 0.1837 | Load: 0.226
[OS:13790] TURBULENTO | Gap Cuántico: 0.1934 | Load: 0.236
[OS:13795] TURBULENTO | Gap Cuántico: 0.1764 | Load: 0.231
[OS:13800] TURBULENTO | Gap Cuántico: 0.1894 | Load: 0.232
[OS:13805] TURBULENTO | Gap Cuántico: 0.1763 | Load: 0.233
[OS:13810] TURBULENTO | Gap Cuántico: 0.1837 | Load: 0.233
[OS:13815] TURBULENTO | Gap Cuántico: 0.1862 | Load: 0.231
[OS:13820] TURBULENTO | Gap Cuántico: 0.2012 | Load: 0.225
[OS:13825] TURBULENTO | Gap Cuántico: 0.1773 | Load: 0.236
[OS:13830] TURBULENTO | Gap Cuántico: 0.1878 | Load: 0.232
[OS:13835] TURBULENTO | Gap Cuántico: 0.2158 | Load: 0.233
[OS:13840] TURBULENTO | Gap Cuántico: 0.2350 | Load: 0.228
[OS:13845] TURBULENTO | Gap Cuántico: 0.2031 | Load: 0.228
[OS:13850] TURBULENTO | Gap Cuántico: 0.2102 | Load: 0.231
[OS:13855] TURBULENTO | Gap Cuántico: 0.1887 | Load: 0.224
[OS:13860] TURBULENTO | Gap Cuántico: 0.1773 | Load: 0.225
[OS:13865] TURBULENTO | Gap Cuántico: 0.1731 | Load: 0.231
[OS:13870] TURBULENTO | Gap Cuántico: 0.1959 | Load: 0.223
[OS:13875] TURBULENTO | Gap Cuántico: 0.1825 | Load: 0.225
[OS:13880] TURBULENTO | Gap Cuántico: 0.1731 | Load: 0.221
[OS:13885] TURBULENTO | Gap Cuántico: 0.1823 | Load: 0.226
[OS:13890] TURBULENTO | Gap Cuántico: 0.1942 | Load: 0.236
[OS:13895] TURBULENTO | Gap Cuántico: 0.2147 | Load: 0.222
[OS:13900] TURBULENTO | Gap Cuántico: 0.1875 | Load: 0.225
[OS:13905] TURBULENTO | Gap Cuántico: 0.2424 | Load: 0.230
[OS:13910] TURBULENTO | Gap Cuántico: 0.1794 | Load: 0.240
[OS:13915] TURBULENTO | Gap Cuántico: 0.1823 | Load: 0.236
[OS:13920] TURBULENTO | Gap Cuántico: 0.2137 | Load: 0.235
[OS:13925] TURBULENTO | Gap Cuántico: 0.2140 | Load: 0.233
[OS:13930] TURBULENTO | Gap Cuántico: 0.1879 | Load: 0.236
[OS:13935] TURBULENTO | Gap Cuántico: 0.2381 | Load: 0.235
[OS:13940] TURBULENTO | Gap Cuántico: 0.1893 | Load: 0.225
[OS:13945] TURBULENTO | Gap Cuántico: 0.1782 | Load: 0.233
[OS:13950] TURBULENTO | Gap Cuántico: 0.2112 | Load: 0.230
[OS:13955] TURBULENTO | Gap Cuántico: 0.1911 | Load: 0.220
[OS:13960] TURBULENTO | Gap Cuántico: 0.1844 | Load: 0.230
[OS:13965] TURBULENTO | Gap Cuántico: 0.1883 | Load: 0.232
[OS:13970] TURBULENTO | Gap Cuántico: 0.2116 | Load: 0.232
[OS:13975] TURBULENTO | Gap Cuántico: 0.1959 | Load: 0.236
[OS:13980] TURBULENTO | Gap Cuántico: 0.2413 | Load: 0.241
[OS:13985] TURBULENTO | Gap Cuántico: 0.1853 | Load: 0.235
[OS:13990] TURBULENTO | Gap Cuántico: 0.1753 | Load: 0.233
[OS:13995] TURBULENTO | Gap Cuántico: 0.1779 | Load: 0.229
[OS:14000] TURBULENTO | Gap Cuántico: 0.1957 | Load: 0.227
[OS:14005] TURBULENTO | Gap Cuántico: 0.2389 | Load: 0.235
[OS:14010] TURBULENTO | Gap Cuántico: 0.2167 | Load: 0.231
[OS:14015] TURBULENTO | Gap Cuántico: 0.2054 | Load: 0.218
[OS:14020] TURBULENTO | Gap Cuántico: 0.2089 | Load: 0.221
[OS:14025] TURBULENTO | Gap Cuántico: 0.1942 | Load: 0.225
[OS:14030] TURBULENTO | Gap Cuántico: 0.2090 | Load: 0.228
[OS:14035] TURBULENTO | Gap Cuántico: 0.2108 | Load: 0.227
[OS:14040] TURBULENTO | Gap Cuántico: 0.2042 | Load: 0.237
[OS:14045] TURBULENTO | Gap Cuántico: 0.2135 | Load: 0.233
[OS:14050] TURBULENTO | Gap Cuántico: 0.2169 | Load: 0.228
[OS:14055] TURBULENTO | Gap Cuántico: 0.1863 | Load: 0.234
[OS:14060] TURBULENTO | Gap Cuántico: 0.2124 | Load: 0.230
[OS:14065] TURBULENTO | Gap Cuántico: 0.1881 | Load: 0.224
[OS:14070] TURBULENTO | Gap Cuántico: 0.1840 | Load: 0.230
[OS:14075] TURBULENTO | Gap Cuántico: 0.1914 | Load: 0.231
[OS:14080] TURBULENTO | Gap Cuántico: 0.2293 | Load: 0.233
[OS:14085] TURBULENTO | Gap Cuántico: 0.2099 | Load: 0.237
[OS:14090] TURBULENTO | Gap Cuántico: 0.1708 | Load: 0.226
[OS:14095] TURBULENTO | Gap Cuántico: 0.2172 | Load: 0.229
[OS:14100] TURBULENTO | Gap Cuántico: 0.2334 | Load: 0.230
[OS:14105] TURBULENTO | Gap Cuántico: 0.1853 | Load: 0.224
[OS:14110] TURBULENTO | Gap Cuántico: 0.2264 | Load: 0.226
[OS:14115] TURBULENTO | Gap Cuántico: 0.1823 | Load: 0.225
[OS:14120] TURBULENTO | Gap Cuántico: 0.1952 | Load: 0.234
[OS:14125] TURBULENTO | Gap Cuántico: 0.1878 | Load: 0.233
[OS:14130] TURBULENTO | Gap Cuántico: 0.1952 | Load: 0.231
[OS:14135] TURBULENTO | Gap Cuántico: 0.1876 | Load: 0.223
[OS:14140] TURBULENTO | Gap Cuántico: 0.1894 | Load: 0.235
[OS:14145] TURBULENTO | Gap Cuántico: 0.2156 | Load: 0.238
[OS:14150] TURBULENTO | Gap Cuántico: 0.2137 | Load: 0.229
[OS:14155] TURBULENTO | Gap Cuántico: 0.1846 | Load: 0.231
[OS:14160] TURBULENTO | Gap Cuántico: 0.2400 | Load: 0.238
[OS:14165] TURBULENTO | Gap Cuántico: 0.2171 | Load: 0.236
[OS:14170] TURBULENTO | Gap Cuántico: 0.2087 | Load: 0.236
[OS:14175] TURBULENTO | Gap Cuántico: 0.2116 | Load: 0.234
[OS:14180] TURBULENTO | Gap Cuántico: 0.1828 | Load: 0.233
[OS:14185] TURBULENTO | Gap Cuántico: 0.1950 | Load: 0.230
[OS:14190] TURBULENTO | Gap Cuántico: 0.1962 | Load: 0.230
[OS:14195] TURBULENTO | Gap Cuántico: 0.1934 | Load: 0.232
[OS:14200] TURBULENTO | Gap Cuántico: 0.2396 | Load: 0.228
[OS:14205] TURBULENTO | Gap Cuántico: 0.1892 | Load: 0.235
[OS:14210] TURBULENTO | Gap Cuántico: 0.2150 | Load: 0.235
[OS:14215] TURBULENTO | Gap Cuántico: 0.2116 | Load: 0.231
[OS:14220] TURBULENTO | Gap Cuántico: 0.1948 | Load: 0.228
[OS:14225] TURBULENTO | Gap Cuántico: 0.1914 | Load: 0.226
[OS:14230] TURBULENTO | Gap Cuántico: 0.2135 | Load: 0.235
[OS:14235] TURBULENTO | Gap Cuántico: 0.2158 | Load: 0.218
[OS:14240] TURBULENTO | Gap Cuántico: 0.2350 | Load: 0.230
[OS:14245] TURBULENTO | Gap Cuántico: 0.2063 | Load: 0.232
[OS:14250] TURBULENTO | Gap Cuántico: 0.2169 | Load: 0.237
[OS:14255] TURBULENTO | Gap Cuántico: 0.2415 | Load: 0.236
[OS:14260] TURBULENTO | Gap Cuántico: 0.1834 | Load: 0.219
[OS:14265] TURBULENTO | Gap Cuántico: 0.1766 | Load: 0.223
[OS:14270] TURBULENTO | Gap Cuántico: 0.2345 | Load: 0.230
[OS:14275] TURBULENTO | Gap Cuántico: 0.1909 | Load: 0.225
[OS:14280] TURBULENTO | Gap Cuántico: 0.1739 | Load: 0.233
[OS:14285] TURBULENTO | Gap Cuántico: 0.2355 | Load: 0.231
[OS:14290] TURBULENTO | Gap Cuántico: 0.1957 | Load: 0.230
[OS:14295] TURBULENTO | Gap Cuántico: 0.2024 | Load: 0.224
[OS:14300] TURBULENTO | Gap Cuántico: 0.2150 | Load: 0.234
[OS:14305] TURBULENTO | Gap Cuántico: 0.1823 | Load: 0.238
[OS:14310] TURBULENTO | Gap Cuántico: 0.2083 | Load: 0.226
[OS:14315] TURBULENTO | Gap Cuántico: 0.2080 | Load: 0.230
[OS:14320] TURBULENTO | Gap Cuántico: 0.1955 | Load: 0.231
[OS:14325] TURBULENTO | Gap Cuántico: 0.1920 | Load: 0.225
[OS:14330] TURBULENTO | Gap Cuántico: 0.1883 | Load: 0.230
[OS:14335] TURBULENTO | Gap Cuántico: 0.2339 | Load: 0.235
[OS:14340] TURBULENTO | Gap Cuántico: 0.1708 | Load: 0.228
[OS:14345] TURBULENTO | Gap Cuántico: 0.2063 | Load: 0.234
[OS:14350] TURBULENTO | Gap Cuántico: 0.1878 | Load: 0.224
[OS:14355] TURBULENTO | Gap Cuántico: 0.2116 | Load: 0.231
[OS:14360] TURBULENTO | Gap Cuántico: 0.2350 | Load: 0.221
[OS:14365] TURBULENTO | Gap Cuántico: 0.1962 | Load: 0.223
[OS:14370] TURBULENTO | Gap Cuántico: 0.2143 | Load: 0.231
[OS:14375] TURBULENTO | Gap Cuántico: 0.1887 | Load: 0.231
[OS:14380] TURBULENTO | Gap Cuántico: 0.1766 | Load: 0.236
[OS:14385] TURBULENTO | Gap Cuántico: 0.2421 | Load: 0.234
[OS:14390] TURBULENTO | Gap Cuántico: 0.1998 | Load: 0.233
[OS:14395] TURBULENTO | Gap Cuántico: 0.1960 | Load: 0.229
[OS:14400] TURBULENTO | Gap Cuántico: 0.2169 | Load: 0.234
[OS:14405] TURBULENTO | Gap Cuántico: 0.2145 | Load: 0.229
[OS:14410] TURBULENTO | Gap Cuántico: 0.2137 | Load: 0.232
[OS:14415] TURBULENTO | Gap Cuántico: 0.2067 | Load: 0.225
[OS:14420] TURBULENTO | Gap Cuántico: 0.1850 | Load: 0.232
[OS:14425] TURBULENTO | Gap Cuántico: 0.1905 | Load: 0.226
[OS:14430] TURBULENTO | Gap Cuántico: 0.1878 | Load: 0.226
[OS:14435] TURBULENTO | Gap Cuántico: 0.1955 | Load: 0.229
[OS:14440] TURBULENTO | Gap Cuántico: 0.1893 | Load: 0.222
[OS:14445] TURBULENTO | Gap Cuántico: 0.1862 | Load: 0.224
[OS:14450] TURBULENTO | Gap Cuántico: 0.2303 | Load: 0.228
[OS:14455] TURBULENTO | Gap Cuántico: 0.2171 | Load: 0.228
[OS:14460] TURBULENTO | Gap Cuántico: 0.2316 | Load: 0.229
[OS:14465] TURBULENTO | Gap Cuántico: 0.1872 | Load: 0.230
[OS:14470] TURBULENTO | Gap Cuántico: 0.1866 | Load: 0.222
[OS:14475] TURBULENTO | Gap Cuántico: 0.1845 | Load: 0.227
[OS:14480] TURBULENTO | Gap Cuántico: 0.2386 | Load: 0.238
[OS:14485] TURBULENTO | Gap Cuántico: 0.1722 | Load: 0.239
[OS:14490] TURBULENTO | Gap Cuántico: 0.2408 | Load: 0.234
[OS:14495] TURBULENTO | Gap Cuántico: 0.2424 | Load: 0.242
[OS:14500] TURBULENTO | Gap Cuántico: 0.2065 | Load: 0.230
[OS:14505] TURBULENTO | Gap Cuántico: 0.1939 | Load: 0.230
[OS:14510] TURBULENTO | Gap Cuántico: 0.1859 | Load: 0.230
[OS:14515] TURBULENTO | Gap Cuántico: 0.1940 | Load: 0.224
[OS:14520] TURBULENTO | Gap Cuántico: 0.1866 | Load: 0.231
[OS:14525] TURBULENTO | Gap Cuántico: 0.2146 | Load: 0.232
[OS:14530] TURBULENTO | Gap Cuántico: 0.2171 | Load: 0.235
[OS:14535] TURBULENTO | Gap Cuántico: 0.1887 | Load: 0.218
[OS:14540] TURBULENTO | Gap Cuántico: 0.1836 | Load: 0.225
[OS:14545] TURBULENTO | Gap Cuántico: 0.1850 | Load: 0.228
[OS:14550] TURBULENTO | Gap Cuántico: 0.2089 | Load: 0.226
[OS:14555] TURBULENTO | Gap Cuántico: 0.2422 | Load: 0.234
[OS:14560] TURBULENTO | Gap Cuántico: 0.1790 | Load: 0.236
[OS:14565] TURBULENTO | Gap Cuántico: 0.2355 | Load: 0.238
[OS:14570] TURBULENTO | Gap Cuántico: 0.1761 | Load: 0.238
[OS:14575] TURBULENTO | Gap Cuántico: 0.2099 | Load: 0.230
[OS:14580] TURBULENTO | Gap Cuántico: 0.2423 | Load: 0.228
[OS:14585] TURBULENTO | Gap Cuántico: 0.2287 | Load: 0.235
[OS:14590] TURBULENTO | Gap Cuántico: 0.2424 | Load: 0.239
[OS:14595] TURBULENTO | Gap Cuántico: 0.1958 | Load: 0.238
[OS:14600] TURBULENTO | Gap Cuántico: 0.1961 | Load: 0.224
[OS:14605] TURBULENTO | Gap Cuántico: 0.1940 | Load: 0.233
[OS:14610] TURBULENTO | Gap Cuántico: 0.1746 | Load: 0.229
[OS:14615] TURBULENTO | Gap Cuántico: 0.1862 | Load: 0.226
[OS:14620] TURBULENTO | Gap Cuántico: 0.1872 | Load: 0.227
[OS:14625] TURBULENTO | Gap Cuántico: 0.1904 | Load: 0.216
[OS:14630] TURBULENTO | Gap Cuántico: 0.1832 | Load: 0.225
[OS:14635] TURBULENTO | Gap Cuántico: 0.2422 | Load: 0.226
[OS:14640] TURBULENTO | Gap Cuántico: 0.1846 | Load: 0.224
[OS:14645] TURBULENTO | Gap Cuántico: 0.2364 | Load: 0.230
[OS:14650] TURBULENTO | Gap Cuántico: 0.2172 | Load: 0.229
[OS:14655] TURBULENTO | Gap Cuántico: 0.2172 | Load: 0.229
[OS:14660] TURBULENTO | Gap Cuántico: 0.1788 | Load: 0.230
[OS:14665] TURBULENTO | Gap Cuántico: 0.2112 | Load: 0.227
[OS:14670] TURBULENTO | Gap Cuántico: 0.1779 | Load: 0.226
[OS:14675] TURBULENTO | Gap Cuántico: 0.1875 | Load: 0.231
[OS:14680] TURBULENTO | Gap Cuántico: 0.2172 | Load: 0.230
[OS:14685] TURBULENTO | Gap Cuántico: 0.1749 | Load: 0.230
[OS:14690] TURBULENTO | Gap Cuántico: 0.1975 | Load: 0.231
[OS:14695] TURBULENTO | Gap Cuántico: 0.2120 | Load: 0.236
[OS:14700] TURBULENTO | Gap Cuántico: 0.2067 | Load: 0.236
[OS:14705] TURBULENTO | Gap Cuántico: 0.1888 | Load: 0.229
[OS:14710] TURBULENTO | Gap Cuántico: 0.1875 | Load: 0.227
[OS:14715] TURBULENTO | Gap Cuántico: 0.1755 | Load: 0.232
[OS:14720] TURBULENTO | Gap Cuántico: 0.2079 | Load: 0.226
[OS:14725] TURBULENTO | Gap Cuántico: 0.2408 | Load: 0.232
[OS:14730] TURBULENTO | Gap Cuántico: 0.1857 | Load: 0.221
[OS:14735] TURBULENTO | Gap Cuántico: 0.1750 | Load: 0.222
[OS:14740] TURBULENTO | Gap Cuántico: 0.2264 | Load: 0.232
[OS:14745] TURBULENTO | Gap Cuántico: 0.2147 | Load: 0.230
[OS:14750] TURBULENTO | Gap Cuántico: 0.1791 | Load: 0.226
[OS:14755] TURBULENTO | Gap Cuántico: 0.1892 | Load: 0.229
[OS:14760] TURBULENTO | Gap Cuántico: 0.2215 | Load: 0.229
[OS:14765] TURBULENTO | Gap Cuántico: 0.2135 | Load: 0.234
[OS:14770] TURBULENTO | Gap Cuántico: 0.1821 | Load: 0.227
[OS:14775] TURBULENTO | Gap Cuántico: 0.2154 | Load: 0.231
[OS:14780] TURBULENTO | Gap Cuántico: 0.1951 | Load: 0.224
[OS:14785] TURBULENTO | Gap Cuántico: 0.2293 | Load: 0.220
[OS:14790] TURBULENTO | Gap Cuántico: 0.2309 | Load: 0.231
[OS:14795] TURBULENTO | Gap Cuántico: 0.2423 | Load: 0.234
[OS:14800] TURBULENTO | Gap Cuántico: 0.2290 | Load: 0.235
[OS:14805] TURBULENTO | Gap Cuántico: 0.1944 | Load: 0.234
[OS:14810] TURBULENTO | Gap Cuántico: 0.1838 | Load: 0.233
[OS:14815] TURBULENTO | Gap Cuántico: 0.1869 | Load: 0.236
[OS:14820] TURBULENTO | Gap Cuántico: 0.1794 | Load: 0.235
[OS:14825] TURBULENTO | Gap Cuántico: 0.2389 | Load: 0.243
[OS:14830] TURBULENTO | Gap Cuántico: 0.2144 | Load: 0.231
[OS:14835] TURBULENTO | Gap Cuántico: 0.2397 | Load: 0.235
[OS:14840] TURBULENTO | Gap Cuántico: 0.1866 | Load: 0.235
[OS:14845] TURBULENTO | Gap Cuántico: 0.2264 | Load: 0.230
[OS:14850] TURBULENTO | Gap Cuántico: 0.1856 | Load: 0.222
[OS:14855] TURBULENTO | Gap Cuántico: 0.2145 | Load: 0.236
[OS:14860] TURBULENTO | Gap Cuántico: 0.2012 | Load: 0.225
[OS:14865] TURBULENTO | Gap Cuántico: 0.2171 | Load: 0.232
[OS:14870] TURBULENTO | Gap Cuántico: 0.2422 | Load: 0.238
[OS:14875] TURBULENTO | Gap Cuántico: 0.1766 | Load: 0.235
[OS:14880] TURBULENTO | Gap Cuántico: 0.1961 | Load: 0.231
[OS:14885] TURBULENTO | Gap Cuántico: 0.2116 | Load: 0.233
[OS:14890] TURBULENTO | Gap Cuántico: 0.1931 | Load: 0.240
[OS:14895] TURBULENTO | Gap Cuántico: 0.2075 | Load: 0.231
[OS:14900] TURBULENTO | Gap Cuántico: 0.1960 | Load: 0.224
[OS:14905] TURBULENTO | Gap Cuántico: 0.2151 | Load: 0.232
[OS:14910] TURBULENTO | Gap Cuántico: 0.1840 | Load: 0.230
[OS:14915] TURBULENTO | Gap Cuántico: 0.1902 | Load: 0.231
[OS:14920] TURBULENTO | Gap Cuántico: 0.2160 | Load: 0.235
[OS:14925] TURBULENTO | Gap Cuántico: 0.1889 | Load: 0.233
[OS:14930] TURBULENTO | Gap Cuántico: 0.1735 | Load: 0.222
[OS:14935] TURBULENTO | Gap Cuántico: 0.1885 | Load: 0.225
[OS:14940] TURBULENTO | Gap Cuántico: 0.1957 | Load: 0.223
[OS:14945] TURBULENTO | Gap Cuántico: 0.2164 | Load: 0.223
[OS:14950] TURBULENTO | Gap Cuántico: 0.2303 | Load: 0.230
[OS:14955] TURBULENTO | Gap Cuántico: 0.2400 | Load: 0.238
[OS:14960] TURBULENTO | Gap Cuántico: 0.2349 | Load: 0.242
[OS:14965] TURBULENTO | Gap Cuántico: 0.2112 | Load: 0.240
[OS:14970] TURBULENTO | Gap Cuántico: 0.1876 | Load: 0.236
[OS:14975] TURBULENTO | Gap Cuántico: 0.1905 | Load: 0.221
[OS:14980] TURBULENTO | Gap Cuántico: 0.1879 | Load: 0.226
[OS:14985] TURBULENTO | Gap Cuántico: 0.2143 | Load: 0.234
[OS:14990] TURBULENTO | Gap Cuántico: 0.1762 | Load: 0.228
[OS:14995] TURBULENTO | Gap Cuántico: 0.1877 | Load: 0.235
[OS:15000] TURBULENTO | Gap Cuántico: 0.1894 | Load: 0.232
[OS:15005] TURBULENTO | Gap Cuántico: 0.1700 | Load: 0.223
[OS:15010] TURBULENTO | Gap Cuántico: 0.1859 | Load: 0.223
[OS:15015] TURBULENTO | Gap Cuántico: 0.2164 | Load: 0.231
[OS:15020] TURBULENTO | Gap Cuántico: 0.1748 | Load: 0.228
[OS:15025] TURBULENTO | Gap Cuántico: 0.2163 | Load: 0.232
[OS:15030] TURBULENTO | Gap Cuántico: 0.1902 | Load: 0.228
[OS:15035] TURBULENTO | Gap Cuántico: 0.1956 | Load: 0.227
[OS:15040] TURBULENTO | Gap Cuántico: 0.2239 | Load: 0.233
[OS:15045] TURBULENTO | Gap Cuántico: 0.1829 | Load: 0.230
[OS:15050] TURBULENTO | Gap Cuántico: 0.2419 | Load: 0.226
[OS:15055] TURBULENTO | Gap Cuántico: 0.2132 | Load: 0.228
[OS:15060] TURBULENTO | Gap Cuántico: 0.2116 | Load: 0.223
[OS:15065] TURBULENTO | Gap Cuántico: 0.2194 | Load: 0.229
[OS:15070] TURBULENTO | Gap Cuántico: 0.1936 | Load: 0.234
[OS:15075] TURBULENTO | Gap Cuántico: 0.1896 | Load: 0.234
[OS:15080] TURBULENTO | Gap Cuántico: 0.1946 | Load: 0.225
[OS:15085] TURBULENTO | Gap Cuántico: 0.1845 | Load: 0.228
[OS:15090] TURBULENTO | Gap Cuántico: 0.2031 | Load: 0.224
[OS:15095] TURBULENTO | Gap Cuántico: 0.2052 | Load: 0.222
[OS:15100] TURBULENTO | Gap Cuántico: 0.1866 | Load: 0.228
[OS:15105] TURBULENTO | Gap Cuántico: 0.1959 | Load: 0.229
[OS:15110] TURBULENTO | Gap Cuántico: 0.1948 | Load: 0.226
[OS:15115] TURBULENTO | Gap Cuántico: 0.2392 | Load: 0.237
[OS:15120] TURBULENTO | Gap Cuántico: 0.2171 | Load: 0.229
[OS:15125] TURBULENTO | Gap Cuántico: 0.1892 | Load: 0.228
[OS:15130] TURBULENTO | Gap Cuántico: 0.1850 | Load: 0.236
[OS:15135] TURBULENTO | Gap Cuántico: 0.1850 | Load: 0.235
[OS:15140] TURBULENTO | Gap Cuántico: 0.2369 | Load: 0.235
[OS:15145] TURBULENTO | Gap Cuántico: 0.1863 | Load: 0.236
[OS:15150] TURBULENTO | Gap Cuántico: 0.1962 | Load: 0.228
[OS:15155] TURBULENTO | Gap Cuántico: 0.2163 | Load: 0.231
[OS:15160] TURBULENTO | Gap Cuántico: 0.1866 | Load: 0.229
[OS:15165] TURBULENTO | Gap Cuántico: 0.1836 | Load: 0.234
[OS:15170] TURBULENTO | Gap Cuántico: 0.1767 | Load: 0.229
[OS:15175] TURBULENTO | Gap Cuántico: 0.2005 | Load: 0.239
[OS:15180] TURBULENTO | Gap Cuántico: 0.1959 | Load: 0.238
[OS:15185] TURBULENTO | Gap Cuántico: 0.2009 | Load: 0.236
[OS:15190] TURBULENTO | Gap Cuántico: 0.2423 | Load: 0.229
[OS:15195] TURBULENTO | Gap Cuántico: 0.1887 | Load: 0.234
[OS:15200] TURBULENTO | Gap Cuántico: 0.1837 | Load: 0.226
[OS:15205] TURBULENTO | Gap Cuántico: 0.1961 | Load: 0.223
[OS:15210] TURBULENTO | Gap Cuántico: 0.1779 | Load: 0.221
[OS:15215] TURBULENTO | Gap Cuántico: 0.1950 | Load: 0.232
[OS:15220] TURBULENTO | Gap Cuántico: 0.1949 | Load: 0.227
[OS:15225] TURBULENTO | Gap Cuántico: 0.1755 | Load: 0.228
[OS:15230] TURBULENTO | Gap Cuántico: 0.2406 | Load: 0.232
[OS:15235] TURBULENTO | Gap Cuántico: 0.1761 | Load: 0.233
[OS:15240] TURBULENTO | Gap Cuántico: 0.2370 | Load: 0.233
[OS:15245] TURBULENTO | Gap Cuántico: 0.2208 | Load: 0.232
[OS:15250] TURBULENTO | Gap Cuántico: 0.1827 | Load: 0.226
[OS:15255] TURBULENTO | Gap Cuántico: 0.1859 | Load: 0.232
[OS:15260] TURBULENTO | Gap Cuántico: 0.2170 | Load: 0.235
[OS:15265] TURBULENTO | Gap Cuántico: 0.1811 | Load: 0.225
[OS:15270] TURBULENTO | Gap Cuántico: 0.2264 | Load: 0.231
[OS:15275] TURBULENTO | Gap Cuántico: 0.1946 | Load: 0.233
[OS:15280] TURBULENTO | Gap Cuántico: 0.1755 | Load: 0.232
[OS:15285] TURBULENTO | Gap Cuántico: 0.2070 | Load: 0.227
[OS:15290] TURBULENTO | Gap Cuántico: 0.2309 | Load: 0.236
[OS:15295] TURBULENTO | Gap Cuántico: 0.2423 | Load: 0.236
[OS:15300] TURBULENTO | Gap Cuántico: 0.1763 | Load: 0.236
[OS:15305] TURBULENTO | Gap Cuántico: 0.2127 | Load: 0.234
[OS:15310] TURBULENTO | Gap Cuántico: 0.1961 | Load: 0.228
[OS:15315] TURBULENTO | Gap Cuántico: 0.2084 | Load: 0.230
[OS:15320] TURBULENTO | Gap Cuántico: 0.2365 | Load: 0.226
[OS:15325] TURBULENTO | Gap Cuántico: 0.2068 | Load: 0.234
[OS:15330] TURBULENTO | Gap Cuántico: 0.1894 | Load: 0.234
[OS:15335] TURBULENTO | Gap Cuántico: 0.2396 | Load: 0.230
[OS:15340] TURBULENTO | Gap Cuántico: 0.2255 | Load: 0.222
[OS:15345] TURBULENTO | Gap Cuántico: 0.1915 | Load: 0.232
[OS:15350] TURBULENTO | Gap Cuántico: 0.1823 | Load: 0.235
[OS:15355] TURBULENTO | Gap Cuántico: 0.2383 | Load: 0.232
[OS:15360] TURBULENTO | Gap Cuántico: 0.1801 | Load: 0.238
[OS:15365] TURBULENTO | Gap Cuántico: 0.1850 | Load: 0.225
[OS:15370] TURBULENTO | Gap Cuántico: 0.2284 | Load: 0.225
[OS:15375] TURBULENTO | Gap Cuántico: 0.1773 | Load: 0.233
[OS:15380] TURBULENTO | Gap Cuántico: 0.2389 | Load: 0.231
[OS:15385] TURBULENTO | Gap Cuántico: 0.2073 | Load: 0.234
[OS:15390] TURBULENTO | Gap Cuántico: 0.1913 | Load: 0.229
[OS:15395] TURBULENTO | Gap Cuántico: 0.2361 | Load: 0.236
[OS:15400] TURBULENTO | Gap Cuántico: 0.2340 | Load: 0.233
[OS:15405] TURBULENTO | Gap Cuántico: 0.2116 | Load: 0.235
[OS:15410] TURBULENTO | Gap Cuántico: 0.2012 | Load: 0.235
[OS:15415] TURBULENTO | Gap Cuántico: 0.1837 | Load: 0.229
[OS:15420] TURBULENTO | Gap Cuántico: 0.1779 | Load: 0.229
[OS:15425] TURBULENTO | Gap Cuántico: 0.2419 | Load: 0.234
[OS:15430] TURBULENTO | Gap Cuántico: 0.2159 | Load: 0.233
[OS:15435] TURBULENTO | Gap Cuántico: 0.2262 | Load: 0.227
[OS:15440] TURBULENTO | Gap Cuántico: 0.1842 | Load: 0.230
[OS:15445] TURBULENTO | Gap Cuántico: 0.2161 | Load: 0.225
[OS:15450] TURBULENTO | Gap Cuántico: 0.2168 | Load: 0.231
[OS:15455] TURBULENTO | Gap Cuántico: 0.2080 | Load: 0.232
[OS:15460] TURBULENTO | Gap Cuántico: 0.2070 | Load: 0.224
[OS:15465] TURBULENTO | Gap Cuántico: 0.2036 | Load: 0.228
[OS:15470] TURBULENTO | Gap Cuántico: 0.2140 | Load: 0.228
[OS:15475] TURBULENTO | Gap Cuántico: 0.2350 | Load: 0.231
[OS:15480] TURBULENTO | Gap Cuántico: 0.2112 | Load: 0.227
[OS:15485] TURBULENTO | Gap Cuántico: 0.2423 | Load: 0.234
[OS:15490] TURBULENTO | Gap Cuántico: 0.2090 | Load: 0.236
[OS:15495] TURBULENTO | Gap Cuántico: 0.2124 | Load: 0.230
[OS:15500] TURBULENTO | Gap Cuántico: 0.2304 | Load: 0.236
[OS:15505] TURBULENTO | Gap Cuántico: 0.1835 | Load: 0.228
[OS:15510] TURBULENTO | Gap Cuántico: 0.2166 | Load: 0.232
[OS:15515] TURBULENTO | Gap Cuántico: 0.1747 | Load: 0.237
[OS:15520] TURBULENTO | Gap Cuántico: 0.1850 | Load: 0.230
[OS:15525] TURBULENTO | Gap Cuántico: 0.2377 | Load: 0.229
[OS:15530] TURBULENTO | Gap Cuántico: 0.2155 | Load: 0.229
[OS:15535] TURBULENTO | Gap Cuántico: 0.1872 | Load: 0.234
[OS:15540] TURBULENTO | Gap Cuántico: 0.1871 | Load: 0.232
[OS:15545] TURBULENTO | Gap Cuántico: 0.1861 | Load: 0.228
[OS:15550] TURBULENTO | Gap Cuántico: 0.1823 | Load: 0.230
[OS:15555] TURBULENTO | Gap Cuántico: 0.1844 | Load: 0.223
[OS:15560] TURBULENTO | Gap Cuántico: 0.1891 | Load: 0.235
[OS:15565] TURBULENTO | Gap Cuántico: 0.1809 | Load: 0.230
[OS:15570] TURBULENTO | Gap Cuántico: 0.2172 | Load: 0.225
[OS:15575] TURBULENTO | Gap Cuántico: 0.1954 | Load: 0.232
[OS:15580] TURBULENTO | Gap Cuántico: 0.1760 | Load: 0.230
[OS:15585] TURBULENTO | Gap Cuántico: 0.1724 | Load: 0.232
[OS:15590] TURBULENTO | Gap Cuántico: 0.2403 | Load: 0.230
[OS:15595] TURBULENTO | Gap Cuántico: 0.2145 | Load: 0.230
[OS:15600] TURBULENTO | Gap Cuántico: 0.2303 | Load: 0.228
[OS:15605] TURBULENTO | Gap Cuántico: 0.1962 | Load: 0.230
[OS:15610] TURBULENTO | Gap Cuántico: 0.1708 | Load: 0.227
[OS:15615] TURBULENTO | Gap Cuántico: 0.1927 | Load: 0.231
[OS:15620] TURBULENTO | Gap Cuántico: 0.2415 | Load: 0.226
[OS:15625] TURBULENTO | Gap Cuántico: 0.2356 | Load: 0.234
[OS:15630] TURBULENTO | Gap Cuántico: 0.1963 | Load: 0.228
[OS:15635] TURBULENTO | Gap Cuántico: 0.1919 | Load: 0.239
[OS:15640] TURBULENTO | Gap Cuántico: 0.1790 | Load: 0.226
[OS:15645] TURBULENTO | Gap Cuántico: 0.2169 | Load: 0.234
[OS:15650] TURBULENTO | Gap Cuántico: 0.2070 | Load: 0.224
[OS:15655] TURBULENTO | Gap Cuántico: 0.1829 | Load: 0.225
[OS:15660] TURBULENTO | Gap Cuántico: 0.2099 | Load: 0.223
[OS:15665] TURBULENTO | Gap Cuántico: 0.1745 | Load: 0.229
[OS:15670] TURBULENTO | Gap Cuántico: 0.1935 | Load: 0.231
[OS:15675] TURBULENTO | Gap Cuántico: 0.2394 | Load: 0.232
[OS:15680] TURBULENTO | Gap Cuántico: 0.1708 | Load: 0.231
[OS:15685] TURBULENTO | Gap Cuántico: 0.1934 | Load: 0.234
[OS:15690] TURBULENTO | Gap Cuántico: 0.2159 | Load: 0.233
[OS:15695] TURBULENTO | Gap Cuántico: 0.2404 | Load: 0.222
[OS:15700] TURBULENTO | Gap Cuántico: 0.1774 | Load: 0.225
[OS:15705] TURBULENTO | Gap Cuántico: 0.2402 | Load: 0.235
[OS:15710] TURBULENTO | Gap Cuántico: 0.2005 | Load: 0.224
[OS:15715] TURBULENTO | Gap Cuántico: 0.1939 | Load: 0.224
[OS:15720] TURBULENTO | Gap Cuántico: 0.2379 | Load: 0.223
[OS:15725] TURBULENTO | Gap Cuántico: 0.1840 | Load: 0.228
[OS:15730] TURBULENTO | Gap Cuántico: 0.2030 | Load: 0.222
[OS:15735] TURBULENTO | Gap Cuántico: 0.2138 | Load: 0.227
[OS:15740] TURBULENTO | Gap Cuántico: 0.1828 | Load: 0.230
[OS:15745] TURBULENTO | Gap Cuántico: 0.1828 | Load: 0.232
[OS:15750] TURBULENTO | Gap Cuántico: 0.2147 | Load: 0.223
[OS:15755] TURBULENTO | Gap Cuántico: 0.2239 | Load: 0.225
[OS:15760] TURBULENTO | Gap Cuántico: 0.2143 | Load: 0.228
[OS:15765] TURBULENTO | Gap Cuántico: 0.1892 | Load: 0.232
[OS:15770] TURBULENTO | Gap Cuántico: 0.2163 | Load: 0.227
[OS:15775] TURBULENTO | Gap Cuántico: 0.2052 | Load: 0.227
[OS:15780] TURBULENTO | Gap Cuántico: 0.1951 | Load: 0.229
[OS:15785] TURBULENTO | Gap Cuántico: 0.2422 | Load: 0.230
[OS:15790] TURBULENTO | Gap Cuántico: 0.1866 | Load: 0.235
[OS:15795] TURBULENTO | Gap Cuántico: 0.2407 | Load: 0.240
[OS:15800] TURBULENTO | Gap Cuántico: 0.1763 | Load: 0.225
[OS:15805] TURBULENTO | Gap Cuántico: 0.2127 | Load: 0.237
[OS:15810] TURBULENTO | Gap Cuántico: 0.2062 | Load: 0.233
[OS:15815] TURBULENTO | Gap Cuántico: 0.2304 | Load: 0.225
[OS:15820] TURBULENTO | Gap Cuántico: 0.2268 | Load: 0.240
[OS:15825] TURBULENTO | Gap Cuántico: 0.1894 | Load: 0.232
[OS:15830] TURBULENTO | Gap Cuántico: 0.2268 | Load: 0.240
[OS:15835] TURBULENTO | Gap Cuántico: 0.1864 | Load: 0.236
[OS:15840] TURBULENTO | Gap Cuántico: 0.1890 | Load: 0.234
[OS:15845] TURBULENTO | Gap Cuántico: 0.1939 | Load: 0.227
[OS:15850] TURBULENTO | Gap Cuántico: 0.1931 | Load: 0.229
[OS:15855] TURBULENTO | Gap Cuántico: 0.2024 | Load: 0.228
[OS:15860] TURBULENTO | Gap Cuántico: 0.1853 | Load: 0.230
[OS:15865] TURBULENTO | Gap Cuántico: 0.1949 | Load: 0.233
[OS:15870] TURBULENTO | Gap Cuántico: 0.1957 | Load: 0.231
[OS:15875] TURBULENTO | Gap Cuántico: 0.1890 | Load: 0.231
[OS:15880] TURBULENTO | Gap Cuántico: 0.2170 | Load: 0.230
[OS:15885] TURBULENTO | Gap Cuántico: 0.1840 | Load: 0.227
[OS:15890] TURBULENTO | Gap Cuántico: 0.1919 | Load: 0.228
[OS:15895] TURBULENTO | Gap Cuántico: 0.1883 | Load: 0.227
[OS:15900] TURBULENTO | Gap Cuántico: 0.1860 | Load: 0.222
[OS:15905] TURBULENTO | Gap Cuántico: 0.2163 | Load: 0.229
[OS:15910] TURBULENTO | Gap Cuántico: 0.2397 | Load: 0.227
[OS:15915] TURBULENTO | Gap Cuántico: 0.1857 | Load: 0.226
[OS:15920] TURBULENTO | Gap Cuántico: 0.2130 | Load: 0.228
[OS:15925] TURBULENTO | Gap Cuántico: 0.2322 | Load: 0.236
[OS:15930] TURBULENTO | Gap Cuántico: 0.2369 | Load: 0.224
[OS:15935] TURBULENTO | Gap Cuántico: 0.2340 | Load: 0.231
[OS:15940] TURBULENTO | Gap Cuántico: 0.2301 | Load: 0.230
[OS:15945] TURBULENTO | Gap Cuántico: 0.1955 | Load: 0.235
[OS:15950] TURBULENTO | Gap Cuántico: 0.2421 | Load: 0.233
[OS:15955] TURBULENTO | Gap Cuántico: 0.1825 | Load: 0.232
[OS:15960] TURBULENTO | Gap Cuántico: 0.1866 | Load: 0.232
[OS:15965] TURBULENTO | Gap Cuántico: 0.1902 | Load: 0.232
[OS:15970] TURBULENTO | Gap Cuántico: 0.2207 | Load: 0.237
[OS:15975] TURBULENTO | Gap Cuántico: 0.1779 | Load: 0.232
[OS:15980] TURBULENTO | Gap Cuántico: 0.1860 | Load: 0.229
[OS:15985] TURBULENTO | Gap Cuántico: 0.1845 | Load: 0.232
[OS:15990] TURBULENTO | Gap Cuántico: 0.2283 | Load: 0.236
[OS:15995] TURBULENTO | Gap Cuántico: 0.1755 | Load: 0.233
[OS:16000] TURBULENTO | Gap Cuántico: 0.1891 | Load: 0.230
[OS:16005] TURBULENTO | Gap Cuántico: 0.1948 | Load: 0.223
[OS:16010] TURBULENTO | Gap Cuántico: 0.2099 | Load: 0.232
[OS:16015] TURBULENTO | Gap Cuántico: 0.1753 | Load: 0.230
[OS:16020] TURBULENTO | Gap Cuántico: 0.2137 | Load: 0.226
[OS:16025] TURBULENTO | Gap Cuántico: 0.2334 | Load: 0.235
[OS:16030] TURBULENTO | Gap Cuántico: 0.1929 | Load: 0.238
[OS:16035] TURBULENTO | Gap Cuántico: 0.1724 | Load: 0.229
[OS:16040] TURBULENTO | Gap Cuántico: 0.1829 | Load: 0.231
[OS:16045] TURBULENTO | Gap Cuántico: 0.1883 | Load: 0.223
[OS:16050] TURBULENTO | Gap Cuántico: 0.1773 | Load: 0.230
[OS:16055] TURBULENTO | Gap Cuántico: 0.2170 | Load: 0.230
[OS:16060] TURBULENTO | Gap Cuántico: 0.1746 | Load: 0.235
[OS:16065] TURBULENTO | Gap Cuántico: 0.1850 | Load: 0.230
[OS:16070] TURBULENTO | Gap Cuántico: 0.2374 | Load: 0.224
[OS:16075] TURBULENTO | Gap Cuántico: 0.2424 | Load: 0.238
[OS:16080] TURBULENTO | Gap Cuántico: 0.1745 | Load: 0.238
[OS:16085] TURBULENTO | Gap Cuántico: 0.2162 | Load: 0.239
[OS:16090] TURBULENTO | Gap Cuántico: 0.1773 | Load: 0.231
[OS:16095] TURBULENTO | Gap Cuántico: 0.2171 | Load: 0.232
[OS:16100] TURBULENTO | Gap Cuántico: 0.1823 | Load: 0.226
[OS:16105] TURBULENTO | Gap Cuántico: 0.1861 | Load: 0.230
[OS:16110] TURBULENTO | Gap Cuántico: 0.2097 | Load: 0.222
[OS:16115] TURBULENTO | Gap Cuántico: 0.2392 | Load: 0.227
[OS:16120] TURBULENTO | Gap Cuántico: 0.2262 | Load: 0.226
[OS:16125] TURBULENTO | Gap Cuántico: 0.1957 | Load: 0.238
[OS:16130] TURBULENTO | Gap Cuántico: 0.1752 | Load: 0.232
[OS:16135] TURBULENTO | Gap Cuántico: 0.1957 | Load: 0.230
[OS:16140] TURBULENTO | Gap Cuántico: 0.1905 | Load: 0.235
[OS:16145] TURBULENTO | Gap Cuántico: 0.1796 | Load: 0.231
[OS:16150] TURBULENTO | Gap Cuántico: 0.1953 | Load: 0.231
[OS:16155] TURBULENTO | Gap Cuántico: 0.1893 | Load: 0.225
[OS:16160] TURBULENTO | Gap Cuántico: 0.2403 | Load: 0.224
[OS:16165] TURBULENTO | Gap Cuántico: 0.2154 | Load: 0.229
[OS:16170] TURBULENTO | Gap Cuántico: 0.2170 | Load: 0.231
[OS:16175] TURBULENTO | Gap Cuántico: 0.1942 | Load: 0.223
[OS:16180] TURBULENTO | Gap Cuántico: 0.2421 | Load: 0.232
[OS:16185] TURBULENTO | Gap Cuántico: 0.2075 | Load: 0.240
[OS:16190] TURBULENTO | Gap Cuántico: 0.1908 | Load: 0.230
[OS:16195] TURBULENTO | Gap Cuántico: 0.1927 | Load: 0.234
[OS:16200] TURBULENTO | Gap Cuántico: 0.2154 | Load: 0.236
[OS:16205] TURBULENTO | Gap Cuántico: 0.1834 | Load: 0.225
[OS:16210] TURBULENTO | Gap Cuántico: 0.1887 | Load: 0.231
[OS:16215] TURBULENTO | Gap Cuántico: 0.1853 | Load: 0.231
[OS:16220] TURBULENTO | Gap Cuántico: 0.1828 | Load: 0.227
[OS:16225] TURBULENTO | Gap Cuántico: 0.1889 | Load: 0.231
[OS:16230] TURBULENTO | Gap Cuántico: 0.2223 | Load: 0.235
[OS:16235] TURBULENTO | Gap Cuántico: 0.1779 | Load: 0.229
[OS:16240] TURBULENTO | Gap Cuántico: 0.2423 | Load: 0.230
[OS:16245] TURBULENTO | Gap Cuántico: 0.1796 | Load: 0.230
[OS:16250] TURBULENTO | Gap Cuántico: 0.2227 | Load: 0.236
[OS:16255] TURBULENTO | Gap Cuántico: 0.2334 | Load: 0.238
[OS:16260] TURBULENTO | Gap Cuántico: 0.2099 | Load: 0.233
[OS:16265] TURBULENTO | Gap Cuántico: 0.2328 | Load: 0.234
[OS:16270] TURBULENTO | Gap Cuántico: 0.2160 | Load: 0.238
[OS:16275] TURBULENTO | Gap Cuántico: 0.2403 | Load: 0.228
[OS:16280] TURBULENTO | Gap Cuántico: 0.1853 | Load: 0.229
[OS:16285] TURBULENTO | Gap Cuántico: 0.2150 | Load: 0.234
[OS:16290] TURBULENTO | Gap Cuántico: 0.2361 | Load: 0.235
[OS:16295] TURBULENTO | Gap Cuántico: 0.2172 | Load: 0.234
[OS:16300] TURBULENTO | Gap Cuántico: 0.1887 | Load: 0.221
[OS:16305] TURBULENTO | Gap Cuántico: 0.2149 | Load: 0.232
[OS:16310] TURBULENTO | Gap Cuántico: 0.1768 | Load: 0.221
[OS:16315] TURBULENTO | Gap Cuántico: 0.1948 | Load: 0.224
[OS:16320] TURBULENTO | Gap Cuántico: 0.1885 | Load: 0.232
[OS:16325] TURBULENTO | Gap Cuántico: 0.1742 | Load: 0.235
[OS:16330] TURBULENTO | Gap Cuántico: 0.2147 | Load: 0.227
[OS:16335] TURBULENTO | Gap Cuántico: 0.1958 | Load: 0.231
[OS:16340] TURBULENTO | Gap Cuántico: 0.1903 | Load: 0.230
[OS:16345] TURBULENTO | Gap Cuántico: 0.1937 | Load: 0.229
[OS:16350] TURBULENTO | Gap Cuántico: 0.2130 | Load: 0.233
[OS:16355] TURBULENTO | Gap Cuántico: 0.1767 | Load: 0.229
[OS:16360] TURBULENTO | Gap Cuántico: 0.2157 | Load: 0.229
[OS:16365] TURBULENTO | Gap Cuántico: 0.1956 | Load: 0.232
[OS:16370] TURBULENTO | Gap Cuántico: 0.1853 | Load: 0.227
[OS:16375] TURBULENTO | Gap Cuántico: 0.1857 | Load: 0.232
[OS:16380] TURBULENTO | Gap Cuántico: 0.1999 | Load: 0.231
[OS:16385] TURBULENTO | Gap Cuántico: 0.2349 | Load: 0.233
[OS:16390] TURBULENTO | Gap Cuántico: 0.1830 | Load: 0.234
[OS:16395] TURBULENTO | Gap Cuántico: 0.2400 | Load: 0.229
[OS:16400] TURBULENTO | Gap Cuántico: 0.2140 | Load: 0.230
[OS:16405] TURBULENTO | Gap Cuántico: 0.2402 | Load: 0.236
[OS:16410] TURBULENTO | Gap Cuántico: 0.1767 | Load: 0.225
[OS:16415] TURBULENTO | Gap Cuántico: 0.2079 | Load: 0.229
[OS:16420] TURBULENTO | Gap Cuántico: 0.2048 | Load: 0.228
[OS:16425] TURBULENTO | Gap Cuántico: 0.1879 | Load: 0.226
[OS:16430] TURBULENTO | Gap Cuántico: 0.2208 | Load: 0.233
[OS:16435] TURBULENTO | Gap Cuántico: 0.2379 | Load: 0.226
[OS:16440] TURBULENTO | Gap Cuántico: 0.1963 | Load: 0.233
[OS:16445] TURBULENTO | Gap Cuántico: 0.1903 | Load: 0.227
[OS:16450] TURBULENTO | Gap Cuántico: 0.1785 | Load: 0.230
[OS:16455] TURBULENTO | Gap Cuántico: 0.1962 | Load: 0.232
[OS:16460] TURBULENTO | Gap Cuántico: 0.1813 | Load: 0.232
[OS:16465] TURBULENTO | Gap Cuántico: 0.2163 | Load: 0.233
[OS:16470] TURBULENTO | Gap Cuántico: 0.1755 | Load: 0.233
[OS:16475] TURBULENTO | Gap Cuántico: 0.2259 | Load: 0.218
[OS:16480] TURBULENTO | Gap Cuántico: 0.2155 | Load: 0.224
[OS:16485] TURBULENTO | Gap Cuántico: 0.1864 | Load: 0.223
[OS:16490] TURBULENTO | Gap Cuántico: 0.2116 | Load: 0.235
[OS:16495] TURBULENTO | Gap Cuántico: 0.1819 | Load: 0.223
[OS:16500] TURBULENTO | Gap Cuántico: 0.1953 | Load: 0.233
[OS:16505] TURBULENTO | Gap Cuántico: 0.2223 | Load: 0.224
[OS:16510] TURBULENTO | Gap Cuántico: 0.1748 | Load: 0.226
[OS:16515] TURBULENTO | Gap Cuántico: 0.2304 | Load: 0.231
[OS:16520] TURBULENTO | Gap Cuántico: 0.2141 | Load: 0.238
[OS:16525] TURBULENTO | Gap Cuántico: 0.2207 | Load: 0.231
[OS:16530] TURBULENTO | Gap Cuántico: 0.1745 | Load: 0.222
[OS:16535] TURBULENTO | Gap Cuántico: 0.1898 | Load: 0.234
[OS:16540] TURBULENTO | Gap Cuántico: 0.1836 | Load: 0.229
[OS:16545] TURBULENTO | Gap Cuántico: 0.1716 | Load: 0.223
[OS:16550] TURBULENTO | Gap Cuántico: 0.1894 | Load: 0.231
[OS:16555] TURBULENTO | Gap Cuántico: 0.2345 | Load: 0.224
[OS:16560] TURBULENTO | Gap Cuántico: 0.1747 | Load: 0.223
[OS:16565] TURBULENTO | Gap Cuántico: 0.1823 | Load: 0.232
[OS:16570] TURBULENTO | Gap Cuántico: 0.2303 | Load: 0.233
[OS:16575] TURBULENTO | Gap Cuántico: 0.2276 | Load: 0.232
[OS:16580] TURBULENTO | Gap Cuántico: 0.2162 | Load: 0.238
[OS:16585] TURBULENTO | Gap Cuántico: 0.2421 | Load: 0.234
[OS:16590] TURBULENTO | Gap Cuántico: 0.1763 | Load: 0.227
[OS:16595] TURBULENTO | Gap Cuántico: 0.1885 | Load: 0.223
[OS:16600] TURBULENTO | Gap Cuántico: 0.2290 | Load: 0.229
[OS:16605] TURBULENTO | Gap Cuántico: 0.1890 | Load: 0.227
[OS:16610] TURBULENTO | Gap Cuántico: 0.1985 | Load: 0.228
[OS:16615] TURBULENTO | Gap Cuántico: 0.1763 | Load: 0.226
[OS:16620] TURBULENTO | Gap Cuántico: 0.2383 | Load: 0.234
[OS:16625] TURBULENTO | Gap Cuántico: 0.1708 | Load: 0.228
[OS:16630] TURBULENTO | Gap Cuántico: 0.1836 | Load: 0.230
[OS:16635] TURBULENTO | Gap Cuántico: 0.2020 | Load: 0.229
[OS:16640] TURBULENTO | Gap Cuántico: 0.2112 | Load: 0.233
[OS:16645] TURBULENTO | Gap Cuántico: 0.1708 | Load: 0.234
[OS:16650] TURBULENTO | Gap Cuántico: 0.2163 | Load: 0.236
[OS:16655] TURBULENTO | Gap Cuántico: 0.2143 | Load: 0.240
[OS:16660] TURBULENTO | Gap Cuántico: 0.1853 | Load: 0.226
[OS:16665] TURBULENTO | Gap Cuántico: 0.1830 | Load: 0.227
[OS:16670] TURBULENTO | Gap Cuántico: 0.1870 | Load: 0.225
[OS:16675] TURBULENTO | Gap Cuántico: 0.1950 | Load: 0.233
[OS:16680] TURBULENTO | Gap Cuántico: 0.1887 | Load: 0.225
[OS:16685] TURBULENTO | Gap Cuántico: 0.1900 | Load: 0.235
[OS:16690] TURBULENTO | Gap Cuántico: 0.1806 | Load: 0.235
[OS:16695] TURBULENTO | Gap Cuántico: 0.2316 | Load: 0.228
[OS:16700] TURBULENTO | Gap Cuántico: 0.2124 | Load: 0.228
[OS:16705] TURBULENTO | Gap Cuántico: 0.1760 | Load: 0.228
[OS:16710] TURBULENTO | Gap Cuántico: 0.1773 | Load: 0.223
[OS:16715] TURBULENTO | Gap Cuántico: 0.1761 | Load: 0.233
[OS:16720] TURBULENTO | Gap Cuántico: 0.1819 | Load: 0.230
[OS:16725] TURBULENTO | Gap Cuántico: 0.1925 | Load: 0.238
[OS:16730] TURBULENTO | Gap Cuántico: 0.1856 | Load: 0.238
[OS:16735] TURBULENTO | Gap Cuántico: 0.2171 | Load: 0.234
[OS:16740] TURBULENTO | Gap Cuántico: 0.1928 | Load: 0.233
[OS:16745] TURBULENTO | Gap Cuántico: 0.1941 | Load: 0.230
[OS:16750] TURBULENTO | Gap Cuántico: 0.1893 | Load: 0.233
[OS:16755] TURBULENTO | Gap Cuántico: 0.2116 | Load: 0.224
[OS:16760] TURBULENTO | Gap Cuántico: 0.2042 | Load: 0.229
[OS:16765] TURBULENTO | Gap Cuántico: 0.2171 | Load: 0.233
[OS:16770] TURBULENTO | Gap Cuántico: 0.2394 | Load: 0.228
[OS:16775] TURBULENTO | Gap Cuántico: 0.1937 | Load: 0.232
[OS:16780] TURBULENTO | Gap Cuántico: 0.1953 | Load: 0.227
[OS:16785] TURBULENTO | Gap Cuántico: 0.1708 | Load: 0.230
[OS:16790] TURBULENTO | Gap Cuántico: 0.2073 | Load: 0.232
[OS:16795] TURBULENTO | Gap Cuántico: 0.2227 | Load: 0.234
[OS:16800] TURBULENTO | Gap Cuántico: 0.1875 | Load: 0.231
[OS:16805] TURBULENTO | Gap Cuántico: 0.2073 | Load: 0.230
[OS:16810] TURBULENTO | Gap Cuántico: 0.2170 | Load: 0.234
[OS:16815] TURBULENTO | Gap Cuántico: 0.1879 | Load: 0.221
[OS:16820] TURBULENTO | Gap Cuántico: 0.2121 | Load: 0.234
[OS:16825] TURBULENTO | Gap Cuántico: 0.2223 | Load: 0.230
[OS:16830] TURBULENTO | Gap Cuántico: 0.2201 | Load: 0.233
[OS:16835] TURBULENTO | Gap Cuántico: 0.2130 | Load: 0.233
[OS:16840] TURBULENTO | Gap Cuántico: 0.1919 | Load: 0.234
[OS:16845] TURBULENTO | Gap Cuántico: 0.1919 | Load: 0.226
[OS:16850] TURBULENTO | Gap Cuántico: 0.1893 | Load: 0.221
[OS:16855] TURBULENTO | Gap Cuántico: 0.2231 | Load: 0.224
[OS:16860] TURBULENTO | Gap Cuántico: 0.1923 | Load: 0.234
[OS:16865] TURBULENTO | Gap Cuántico: 0.2141 | Load: 0.227
[OS:16870] TURBULENTO | Gap Cuántico: 0.2290 | Load: 0.226
[OS:16875] TURBULENTO | Gap Cuántico: 0.1962 | Load: 0.232
[OS:16880] TURBULENTO | Gap Cuántico: 0.1743 | Load: 0.230
[OS:16885] TURBULENTO | Gap Cuántico: 0.2409 | Load: 0.234
[OS:16890] TURBULENTO | Gap Cuántico: 0.1819 | Load: 0.239
[OS:16895] TURBULENTO | Gap Cuántico: 0.2116 | Load: 0.235
[OS:16900] TURBULENTO | Gap Cuántico: 0.2036 | Load: 0.231
[OS:16905] TURBULENTO | Gap Cuántico: 0.2365 | Load: 0.238
[OS:16910] TURBULENTO | Gap Cuántico: 0.1861 | Load: 0.226
[OS:16915] TURBULENTO | Gap Cuántico: 0.1909 | Load: 0.229
[OS:16920] TURBULENTO | Gap Cuántico: 0.2190 | Load: 0.231
[OS:16925] TURBULENTO | Gap Cuántico: 0.1758 | Load: 0.226
[OS:16930] TURBULENTO | Gap Cuántico: 0.2399 | Load: 0.230
[OS:16935] TURBULENTO | Gap Cuántico: 0.2048 | Load: 0.221
[OS:16940] TURBULENTO | Gap Cuántico: 0.2135 | Load: 0.222
[OS:16945] TURBULENTO | Gap Cuántico: 0.2223 | Load: 0.227
[OS:16950] TURBULENTO | Gap Cuántico: 0.1768 | Load: 0.232
[OS:16955] TURBULENTO | Gap Cuántico: 0.2424 | Load: 0.238
[OS:16960] TURBULENTO | Gap Cuántico: 0.2397 | Load: 0.229
[OS:16965] TURBULENTO | Gap Cuántico: 0.2239 | Load: 0.226
[OS:16970] TURBULENTO | Gap Cuántico: 0.2116 | Load: 0.230
[OS:16975] TURBULENTO | Gap Cuántico: 0.2295 | Load: 0.237
[OS:16980] TURBULENTO | Gap Cuántico: 0.2089 | Load: 0.236
[OS:16985] TURBULENTO | Gap Cuántico: 0.1748 | Load: 0.223
[OS:16990] TURBULENTO | Gap Cuántico: 0.2146 | Load: 0.224
[OS:16995] TURBULENTO | Gap Cuántico: 0.1794 | Load: 0.228
[OS:17000] TURBULENTO | Gap Cuántico: 0.1779 | Load: 0.225
[OS:17005] TURBULENTO | Gap Cuántico: 0.1748 | Load: 0.230
[OS:17010] TURBULENTO | Gap Cuántico: 0.1985 | Load: 0.234
[OS:17015] TURBULENTO | Gap Cuántico: 0.1923 | Load: 0.222
[OS:17020] TURBULENTO | Gap Cuántico: 0.1753 | Load: 0.224
[OS:17025] TURBULENTO | Gap Cuántico: 0.1848 | Load: 0.225
[OS:17030] TURBULENTO | Gap Cuántico: 0.1951 | Load: 0.231
[OS:17035] TURBULENTO | Gap Cuántico: 0.1883 | Load: 0.234
[OS:17040] TURBULENTO | Gap Cuántico: 0.1846 | Load: 0.231
[OS:17045] TURBULENTO | Gap Cuántico: 0.1807 | Load: 0.229
[OS:17050] TURBULENTO | Gap Cuántico: 0.1854 | Load: 0.225
[OS:17055] TURBULENTO | Gap Cuántico: 0.1893 | Load: 0.226
[OS:17060] TURBULENTO | Gap Cuántico: 0.2121 | Load: 0.229
[OS:17065] TURBULENTO | Gap Cuántico: 0.1877 | Load: 0.225
[OS:17070] TURBULENTO | Gap Cuántico: 0.2233 | Load: 0.229
[OS:17075] TURBULENTO | Gap Cuántico: 0.2094 | Load: 0.222
[OS:17080] TURBULENTO | Gap Cuántico: 0.2036 | Load: 0.221
[OS:17085] TURBULENTO | Gap Cuántico: 0.1962 | Load: 0.227
[OS:17090] TURBULENTO | Gap Cuántico: 0.1951 | Load: 0.227
[OS:17095] TURBULENTO | Gap Cuántico: 0.1887 | Load: 0.224
[OS:17100] TURBULENTO | Gap Cuántico: 0.2416 | Load: 0.225
[OS:17105] TURBULENTO | Gap Cuántico: 0.1819 | Load: 0.228
[OS:17110] TURBULENTO | Gap Cuántico: 0.1890 | Load: 0.225
[OS:17115] TURBULENTO | Gap Cuántico: 0.1936 | Load: 0.226
[OS:17120] TURBULENTO | Gap Cuántico: 0.2413 | Load: 0.235
[OS:17125] TURBULENTO | Gap Cuántico: 0.2419 | Load: 0.226
[OS:17130] TURBULENTO | Gap Cuántico: 0.1961 | Load: 0.231
[OS:17135] TURBULENTO | Gap Cuántico: 0.1964 | Load: 0.230
[OS:17140] TURBULENTO | Gap Cuántico: 0.1929 | Load: 0.226
[OS:17145] TURBULENTO | Gap Cuántico: 0.1998 | Load: 0.221
[OS:17150] TURBULENTO | Gap Cuántico: 0.1764 | Load: 0.226
[OS:17155] TURBULENTO | Gap Cuántico: 0.2099 | Load: 0.236
[OS:17160] TURBULENTO | Gap Cuántico: 0.2120 | Load: 0.231
[OS:17165] TURBULENTO | Gap Cuántico: 0.1893 | Load: 0.236
[OS:17170] TURBULENTO | Gap Cuántico: 0.1960 | Load: 0.235
[OS:17175] TURBULENTO | Gap Cuántico: 0.1731 | Load: 0.228
[OS:17180] TURBULENTO | Gap Cuántico: 0.2009 | Load: 0.227
[OS:17185] TURBULENTO | Gap Cuántico: 0.1880 | Load: 0.226
[OS:17190] TURBULENTO | Gap Cuántico: 0.1760 | Load: 0.222
[OS:17195] TURBULENTO | Gap Cuántico: 0.2422 | Load: 0.227
[OS:17200] TURBULENTO | Gap Cuántico: 0.1853 | Load: 0.225
[OS:17205] TURBULENTO | Gap Cuántico: 0.2065 | Load: 0.233
[OS:17210] TURBULENTO | Gap Cuántico: 0.2194 | Load: 0.223
[OS:17215] TURBULENTO | Gap Cuántico: 0.2127 | Load: 0.220
[OS:17220] TURBULENTO | Gap Cuántico: 0.1831 | Load: 0.228
[OS:17225] TURBULENTO | Gap Cuántico: 0.2422 | Load: 0.234
[OS:17230] TURBULENTO | Gap Cuántico: 0.2075 | Load: 0.233
[OS:17235] TURBULENTO | Gap Cuántico: 0.1963 | Load: 0.235
[OS:17240] TURBULENTO | Gap Cuántico: 0.2157 | Load: 0.238
[OS:17245] TURBULENTO | Gap Cuántico: 0.1876 | Load: 0.222
[OS:17250] TURBULENTO | Gap Cuántico: 0.1782 | Load: 0.224
[OS:17255] TURBULENTO | Gap Cuántico: 0.1869 | Load: 0.219
[OS:17260] TURBULENTO | Gap Cuántico: 0.2290 | Load: 0.228
[OS:17265] TURBULENTO | Gap Cuántico: 0.2309 | Load: 0.236
[OS:17270] TURBULENTO | Gap Cuántico: 0.1763 | Load: 0.229
[OS:17275] TURBULENTO | Gap Cuántico: 0.2420 | Load: 0.225
[OS:17280] TURBULENTO | Gap Cuántico: 0.2411 | Load: 0.228
[OS:17285] TURBULENTO | Gap Cuántico: 0.2322 | Load: 0.229
[OS:17290] TURBULENTO | Gap Cuántico: 0.1953 | Load: 0.224
[OS:17295] TURBULENTO | Gap Cuántico: 0.1878 | Load: 0.216
[OS:17300] TURBULENTO | Gap Cuántico: 0.1951 | Load: 0.230
[OS:17305] TURBULENTO | Gap Cuántico: 0.1837 | Load: 0.224
[OS:17310] TURBULENTO | Gap Cuántico: 0.2146 | Load: 0.230
[OS:17315] TURBULENTO | Gap Cuántico: 0.2423 | Load: 0.238
[OS:17320] TURBULENTO | Gap Cuántico: 0.2402 | Load: 0.235
[OS:17325] TURBULENTO | Gap Cuántico: 0.2169 | Load: 0.234
[OS:17330] TURBULENTO | Gap Cuántico: 0.1893 | Load: 0.232
[OS:17335] TURBULENTO | Gap Cuántico: 0.1893 | Load: 0.231
[OS:17340] TURBULENTO | Gap Cuántico: 0.1887 | Load: 0.236
[OS:17345] TURBULENTO | Gap Cuántico: 0.2322 | Load: 0.225
[OS:17350] TURBULENTO | Gap Cuántico: 0.2223 | Load: 0.223
[OS:17355] TURBULENTO | Gap Cuántico: 0.2287 | Load: 0.237
[OS:17360] TURBULENTO | Gap Cuántico: 0.1926 | Load: 0.235
[OS:17365] TURBULENTO | Gap Cuántico: 0.2422 | Load: 0.240
[OS:17370] TURBULENTO | Gap Cuántico: 0.1957 | Load: 0.228
[OS:17375] TURBULENTO | Gap Cuántico: 0.2161 | Load: 0.224
[OS:17380] TURBULENTO | Gap Cuántico: 0.2397 | Load: 0.231
[OS:17385] TURBULENTO | Gap Cuántico: 0.2172 | Load: 0.235
[OS:17390] TURBULENTO | Gap Cuántico: 0.1936 | Load: 0.229
[OS:17395] TURBULENTO | Gap Cuántico: 0.2099 | Load: 0.227
[OS:17400] TURBULENTO | Gap Cuántico: 0.1927 | Load: 0.232
[OS:17405] TURBULENTO | Gap Cuántico: 0.2392 | Load: 0.233
[OS:17410] TURBULENTO | Gap Cuántico: 0.2198 | Load: 0.238
[OS:17415] TURBULENTO | Gap Cuántico: 0.1926 | Load: 0.236
[OS:17420] TURBULENTO | Gap Cuántico: 0.1762 | Load: 0.234
[OS:17425] TURBULENTO | Gap Cuántico: 0.2107 | Load: 0.226
[OS:17430] TURBULENTO | Gap Cuántico: 0.1957 | Load: 0.229
[OS:17435] TURBULENTO | Gap Cuántico: 0.2130 | Load: 0.227
[OS:17440] TURBULENTO | Gap Cuántico: 0.1992 | Load: 0.229
[OS:17445] TURBULENTO | Gap Cuántico: 0.2231 | Load: 0.227
[OS:17450] TURBULENTO | Gap Cuántico: 0.2158 | Load: 0.232
[OS:17455] TURBULENTO | Gap Cuántico: 0.1832 | Load: 0.225
[OS:17460] TURBULENTO | Gap Cuántico: 0.1985 | Load: 0.223
[OS:17465] TURBULENTO | Gap Cuántico: 0.1985 | Load: 0.226
[OS:17470] TURBULENTO | Gap Cuántico: 0.1975 | Load: 0.231
[OS:17475] TURBULENTO | Gap Cuántico: 0.1909 | Load: 0.228
[OS:17480] TURBULENTO | Gap Cuántico: 0.1941 | Load: 0.225
[OS:17485] TURBULENTO | Gap Cuántico: 0.2422 | Load: 0.229
[OS:17490] TURBULENTO | Gap Cuántico: 0.2154 | Load: 0.227
[OS:17495] TURBULENTO | Gap Cuántico: 0.2377 | Load: 0.234
[OS:17500] TURBULENTO | Gap Cuántico: 0.1962 | Load: 0.232
[OS:17505] TURBULENTO | Gap Cuántico: 0.1963 | Load: 0.236
[OS:17510] TURBULENTO | Gap Cuántico: 0.2280 | Load: 0.233
[OS:17515] TURBULENTO | Gap Cuántico: 0.1961 | Load: 0.226
[OS:17520] TURBULENTO | Gap Cuántico: 0.1716 | Load: 0.228
[OS:17525] TURBULENTO | Gap Cuántico: 0.2009 | Load: 0.236
[OS:17530] TURBULENTO | Gap Cuántico: 0.1854 | Load: 0.231
[OS:17535] TURBULENTO | Gap Cuántico: 0.2214 | Load: 0.235
[OS:17540] TURBULENTO | Gap Cuántico: 0.1802 | Load: 0.239
[OS:17545] TURBULENTO | Gap Cuántico: 0.2150 | Load: 0.234
[OS:17550] TURBULENTO | Gap Cuántico: 0.2152 | Load: 0.226
[OS:17555] TURBULENTO | Gap Cuántico: 0.2171 | Load: 0.232
[OS:17560] TURBULENTO | Gap Cuántico: 0.2065 | Load: 0.234
[OS:17565] TURBULENTO | Gap Cuántico: 0.1773 | Load: 0.224
[OS:17570] TURBULENTO | Gap Cuántico: 0.1929 | Load: 0.233
[OS:17575] TURBULENTO | Gap Cuántico: 0.1825 | Load: 0.232
[OS:17580] TURBULENTO | Gap Cuántico: 0.2415 | Load: 0.233
[OS:17585] TURBULENTO | Gap Cuántico: 0.2394 | Load: 0.227
[OS:17590] TURBULENTO | Gap Cuántico: 0.1883 | Load: 0.231
[OS:17595] TURBULENTO | Gap Cuántico: 0.2108 | Load: 0.233
[OS:17600] TURBULENTO | Gap Cuántico: 0.2171 | Load: 0.236
[OS:17605] TURBULENTO | Gap Cuántico: 0.2365 | Load: 0.236
[OS:17610] TURBULENTO | Gap Cuántico: 0.1774 | Load: 0.233
[OS:17615] TURBULENTO | Gap Cuántico: 0.2374 | Load: 0.226
[OS:17620] TURBULENTO | Gap Cuántico: 0.2042 | Load: 0.230
[OS:17625] TURBULENTO | Gap Cuántico: 0.2138 | Load: 0.230
[OS:17630] TURBULENTO | Gap Cuántico: 0.1748 | Load: 0.228
[OS:17635] TURBULENTO | Gap Cuántico: 0.2250 | Load: 0.232
[OS:17640] TURBULENTO | Gap Cuántico: 0.1891 | Load: 0.234
[OS:17645] TURBULENTO | Gap Cuántico: 0.1761 | Load: 0.233
[OS:17650] TURBULENTO | Gap Cuántico: 0.1883 | Load: 0.227
[OS:17655] TURBULENTO | Gap Cuántico: 0.1722 | Load: 0.219
[OS:17660] TURBULENTO | Gap Cuántico: 0.1985 | Load: 0.231
[OS:17665] TURBULENTO | Gap Cuántico: 0.1962 | Load: 0.237
[OS:17670] TURBULENTO | Gap Cuántico: 0.2162 | Load: 0.231
[OS:17675] TURBULENTO | Gap Cuántico: 0.2108 | Load: 0.226
[OS:17680] TURBULENTO | Gap Cuántico: 0.2120 | Load: 0.229
[OS:17685] TURBULENTO | Gap Cuántico: 0.1939 | Load: 0.236
[OS:17690] TURBULENTO | Gap Cuántico: 0.1779 | Load: 0.229
[OS:17695] TURBULENTO | Gap Cuántico: 0.2187 | Load: 0.228
[OS:17700] TURBULENTO | Gap Cuántico: 0.2284 | Load: 0.228
[OS:17705] TURBULENTO | Gap Cuántico: 0.1892 | Load: 0.228
[OS:17710] TURBULENTO | Gap Cuántico: 0.1934 | Load: 0.226
[OS:17715] TURBULENTO | Gap Cuántico: 0.2062 | Load: 0.228
[OS:17720] TURBULENTO | Gap Cuántico: 0.2414 | Load: 0.228
[OS:17725] TURBULENTO | Gap Cuántico: 0.2201 | Load: 0.235
[OS:17730] TURBULENTO | Gap Cuántico: 0.1834 | Load: 0.238
[OS:17735] TURBULENTO | Gap Cuántico: 0.1761 | Load: 0.232
[OS:17740] TURBULENTO | Gap Cuántico: 0.2423 | Load: 0.222
[OS:17745] TURBULENTO | Gap Cuántico: 0.2170 | Load: 0.234
[OS:17750] TURBULENTO | Gap Cuántico: 0.1850 | Load: 0.224
[OS:17755] TURBULENTO | Gap Cuántico: 0.1958 | Load: 0.233
[OS:17760] TURBULENTO | Gap Cuántico: 0.1934 | Load: 0.229
[OS:17765] TURBULENTO | Gap Cuántico: 0.2399 | Load: 0.228
[OS:17770] TURBULENTO | Gap Cuántico: 0.2024 | Load: 0.227
[OS:17775] TURBULENTO | Gap Cuántico: 0.2194 | Load: 0.233
[OS:17780] TURBULENTO | Gap Cuántico: 0.2154 | Load: 0.232
[OS:17785] TURBULENTO | Gap Cuántico: 0.1760 | Load: 0.228
[OS:17790] TURBULENTO | Gap Cuántico: 0.2169 | Load: 0.231
[OS:17795] TURBULENTO | Gap Cuántico: 0.1883 | Load: 0.237
[OS:17800] TURBULENTO | Gap Cuántico: 0.1850 | Load: 0.227
[OS:17805] TURBULENTO | Gap Cuántico: 0.1844 | Load: 0.230
[OS:17810] TURBULENTO | Gap Cuántico: 0.1950 | Load: 0.232
[OS:17815] TURBULENTO | Gap Cuántico: 0.2187 | Load: 0.232
[OS:17820] TURBULENTO | Gap Cuántico: 0.1791 | Load: 0.229
[OS:17825] TURBULENTO | Gap Cuántico: 0.1841 | Load: 0.222
[OS:17830] TURBULENTO | Gap Cuántico: 0.2073 | Load: 0.226
[OS:17835] TURBULENTO | Gap Cuántico: 0.1879 | Load: 0.227
[OS:17840] TURBULENTO | Gap Cuántico: 0.2408 | Load: 0.231
[OS:17845] TURBULENTO | Gap Cuántico: 0.1939 | Load: 0.240
[OS:17850] TURBULENTO | Gap Cuántico: 0.2163 | Load: 0.235
[OS:17855] TURBULENTO | Gap Cuántico: 0.2168 | Load: 0.239
[OS:17860] TURBULENTO | Gap Cuántico: 0.1877 | Load: 0.221
[OS:17865] TURBULENTO | Gap Cuántico: 0.2227 | Load: 0.231
[OS:17870] TURBULENTO | Gap Cuántico: 0.2389 | Load: 0.233
[OS:17875] TURBULENTO | Gap Cuántico: 0.1767 | Load: 0.228
[OS:17880] TURBULENTO | Gap Cuántico: 0.1809 | Load: 0.225
[OS:17885] TURBULENTO | Gap Cuántico: 0.1764 | Load: 0.227
[OS:17890] TURBULENTO | Gap Cuántico: 0.1904 | Load: 0.229
[OS:17895] TURBULENTO | Gap Cuántico: 0.1909 | Load: 0.231
[OS:17900] TURBULENTO | Gap Cuántico: 0.2328 | Load: 0.235
[OS:17905] TURBULENTO | Gap Cuántico: 0.2214 | Load: 0.238
[OS:17910] TURBULENTO | Gap Cuántico: 0.2073 | Load: 0.229
[OS:17915] TURBULENTO | Gap Cuántico: 0.2190 | Load: 0.236
[OS:17920] TURBULENTO | Gap Cuántico: 0.2419 | Load: 0.233
[OS:17925] TURBULENTO | Gap Cuántico: 0.1837 | Load: 0.233
[OS:17930] TURBULENTO | Gap Cuántico: 0.1823 | Load: 0.232
[OS:17935] TURBULENTO | Gap Cuántico: 0.2172 | Load: 0.233
[OS:17940] TURBULENTO | Gap Cuántico: 0.1857 | Load: 0.233
[OS:17945] TURBULENTO | Gap Cuántico: 0.1759 | Load: 0.233
[OS:17950] TURBULENTO | Gap Cuántico: 0.1866 | Load: 0.230
[OS:17955] TURBULENTO | Gap Cuántico: 0.1766 | Load: 0.228
[OS:17960] TURBULENTO | Gap Cuántico: 0.1782 | Load: 0.229
[OS:17965] TURBULENTO | Gap Cuántico: 0.1927 | Load: 0.218
[OS:17970] TURBULENTO | Gap Cuántico: 0.2166 | Load: 0.216
[OS:17975] TURBULENTO | Gap Cuántico: 0.1898 | Load: 0.225
[OS:17980] TURBULENTO | Gap Cuántico: 0.2042 | Load: 0.229
[OS:17985] TURBULENTO | Gap Cuántico: 0.1850 | Load: 0.228
[OS:17990] TURBULENTO | Gap Cuántico: 0.1957 | Load: 0.222
[OS:17995] TURBULENTO | Gap Cuántico: 0.2121 | Load: 0.229
[OS:18000] TURBULENTO | Gap Cuántico: 0.2179 | Load: 0.225
[OS:18005] TURBULENTO | Gap Cuántico: 0.2239 | Load: 0.224
[OS:18010] TURBULENTO | Gap Cuántico: 0.1807 | Load: 0.227
[OS:18015] TURBULENTO | Gap Cuántico: 0.2169 | Load: 0.231
[OS:18020] TURBULENTO | Gap Cuántico: 0.2127 | Load: 0.231
[OS:18025] TURBULENTO | Gap Cuántico: 0.1830 | Load: 0.228
[OS:18030] TURBULENTO | Gap Cuántico: 0.2107 | Load: 0.238
[OS:18035] TURBULENTO | Gap Cuántico: 0.1908 | Load: 0.233
[OS:18040] TURBULENTO | Gap Cuántico: 0.1753 | Load: 0.225
[OS:18045] TURBULENTO | Gap Cuántico: 0.2334 | Load: 0.235
[OS:18050] TURBULENTO | Gap Cuántico: 0.2208 | Load: 0.232
[OS:18055] TURBULENTO | Gap Cuántico: 0.2162 | Load: 0.228
[OS:18060] TURBULENTO | Gap Cuántico: 0.2423 | Load: 0.239
[OS:18065] TURBULENTO | Gap Cuántico: 0.1948 | Load: 0.238
[OS:18070] TURBULENTO | Gap Cuántico: 0.2141 | Load: 0.229
[OS:18075] TURBULENTO | Gap Cuántico: 0.1857 | Load: 0.233
[OS:18080] TURBULENTO | Gap Cuántico: 0.1876 | Load: 0.230
[OS:18085] TURBULENTO | Gap Cuántico: 0.1785 | Load: 0.234
[OS:18090] TURBULENTO | Gap Cuántico: 0.2416 | Load: 0.231
[OS:18095] TURBULENTO | Gap Cuántico: 0.1796 | Load: 0.225
[OS:18100] TURBULENTO | Gap Cuántico: 0.2018 | Load: 0.231
[OS:18105] TURBULENTO | Gap Cuántico: 0.1964 | Load: 0.225
[OS:18110] TURBULENTO | Gap Cuántico: 0.2340 | Load: 0.227
[OS:18115] TURBULENTO | Gap Cuántico: 0.1920 | Load: 0.227
[OS:18120] TURBULENTO | Gap Cuántico: 0.1961 | Load: 0.230
[OS:18125] TURBULENTO | Gap Cuántico: 0.1869 | Load: 0.234
[OS:18130] TURBULENTO | Gap Cuántico: 0.2181 | Load: 0.235
[OS:18135] TURBULENTO | Gap Cuántico: 0.1962 | Load: 0.234
[OS:18140] TURBULENTO | Gap Cuántico: 0.2231 | Load: 0.236
[OS:18145] TURBULENTO | Gap Cuántico: 0.2421 | Load: 0.233
[OS:18150] TURBULENTO | Gap Cuántico: 0.2062 | Load: 0.234
[OS:18155] TURBULENTO | Gap Cuántico: 0.1840 | Load: 0.228
[OS:18160] TURBULENTO | Gap Cuántico: 0.2276 | Load: 0.226
[OS:18165] TURBULENTO | Gap Cuántico: 0.1859 | Load: 0.220
[OS:18170] TURBULENTO | Gap Cuántico: 0.1750 | Load: 0.227
[OS:18175] TURBULENTO | Gap Cuántico: 0.2172 | Load: 0.238
[OS:18180] TURBULENTO | Gap Cuántico: 0.2172 | Load: 0.233
[OS:18185] TURBULENTO | Gap Cuántico: 0.1700 | Load: 0.225
[OS:18190] TURBULENTO | Gap Cuántico: 0.1954 | Load: 0.231
[OS:18195] TURBULENTO | Gap Cuántico: 0.1885 | Load: 0.227
[OS:18200] TURBULENTO | Gap Cuántico: 0.2172 | Load: 0.225
[OS:18205] TURBULENTO | Gap Cuántico: 0.1881 | Load: 0.226
[OS:18210] TURBULENTO | Gap Cuántico: 0.1958 | Load: 0.234
[OS:18215] TURBULENTO | Gap Cuántico: 0.2215 | Load: 0.231
[OS:18220] TURBULENTO | Gap Cuántico: 0.1781 | Load: 0.236
[OS:18225] TURBULENTO | Gap Cuántico: 0.2063 | Load: 0.229
[OS:18230] TURBULENTO | Gap Cuántico: 0.1863 | Load: 0.235
[OS:18235] TURBULENTO | Gap Cuántico: 0.1829 | Load: 0.236
[OS:18240] TURBULENTO | Gap Cuántico: 0.2099 | Load: 0.230
[OS:18245] TURBULENTO | Gap Cuántico: 0.1818 | Load: 0.233
[OS:18250] TURBULENTO | Gap Cuántico: 0.1841 | Load: 0.235
[OS:18255] TURBULENTO | Gap Cuántico: 0.1964 | Load: 0.234
[OS:18260] TURBULENTO | Gap Cuántico: 0.1749 | Load: 0.229
[OS:18265] TURBULENTO | Gap Cuántico: 0.2140 | Load: 0.235
[OS:18270] TURBULENTO | Gap Cuántico: 0.2107 | Load: 0.228
[OS:18275] TURBULENTO | Gap Cuántico: 0.1846 | Load: 0.231
[OS:18280] TURBULENTO | Gap Cuántico: 0.2172 | Load: 0.232
[OS:18285] TURBULENTO | Gap Cuántico: 0.2168 | Load: 0.234
[OS:18290] TURBULENTO | Gap Cuántico: 0.2359 | Load: 0.235
[OS:18295] TURBULENTO | Gap Cuántico: 0.2370 | Load: 0.237
[OS:18300] TURBULENTO | Gap Cuántico: 0.2350 | Load: 0.238
[OS:18305] TURBULENTO | Gap Cuántico: 0.2190 | Load: 0.234
[OS:18310] TURBULENTO | Gap Cuántico: 0.1850 | Load: 0.228
[OS:18315] TURBULENTO | Gap Cuántico: 0.2424 | Load: 0.228
[OS:18320] TURBULENTO | Gap Cuántico: 0.2416 | Load: 0.228
[OS:18325] TURBULENTO | Gap Cuántico: 0.1905 | Load: 0.229
[OS:18330] TURBULENTO | Gap Cuántico: 0.1876 | Load: 0.232
[OS:18335] TURBULENTO | Gap Cuántico: 0.1927 | Load: 0.231
[OS:18340] TURBULENTO | Gap Cuántico: 0.1887 | Load: 0.226
[OS:18345] TURBULENTO | Gap Cuántico: 0.2328 | Load: 0.236
[OS:18350] TURBULENTO | Gap Cuántico: 0.1948 | Load: 0.231
[OS:18355] TURBULENTO | Gap Cuántico: 0.2304 | Load: 0.229
[OS:18360] TURBULENTO | Gap Cuántico: 0.2339 | Load: 0.229
[OS:18365] TURBULENTO | Gap Cuántico: 0.2024 | Load: 0.222
[OS:18370] TURBULENTO | Gap Cuántico: 0.1729 | Load: 0.222
[OS:18375] TURBULENTO | Gap Cuántico: 0.2143 | Load: 0.231
[OS:18380] TURBULENTO | Gap Cuántico: 0.2172 | Load: 0.243
[OS:18385] TURBULENTO | Gap Cuántico: 0.2304 | Load: 0.236
[OS:18390] TURBULENTO | Gap Cuántico: 0.2408 | Load: 0.239
[OS:18395] TURBULENTO | Gap Cuántico: 0.1963 | Load: 0.227
[OS:18400] TURBULENTO | Gap Cuántico: 0.1813 | Load: 0.225
[OS:18405] TURBULENTO | Gap Cuántico: 0.2369 | Load: 0.222
[OS:18410] TURBULENTO | Gap Cuántico: 0.2077 | Load: 0.223
[OS:18415] TURBULENTO | Gap Cuántico: 0.2084 | Load: 0.225
[OS:18420] TURBULENTO | Gap Cuántico: 0.2223 | Load: 0.232
[OS:18425] TURBULENTO | Gap Cuántico: 0.1885 | Load: 0.228
[OS:18430] TURBULENTO | Gap Cuántico: 0.2163 | Load: 0.232
[OS:18435] TURBULENTO | Gap Cuántico: 0.2334 | Load: 0.235
[OS:18440] TURBULENTO | Gap Cuántico: 0.1722 | Load: 0.229
[OS:18445] TURBULENTO | Gap Cuántico: 0.1971 | Load: 0.231
[OS:18450] TURBULENTO | Gap Cuántico: 0.1836 | Load: 0.228
[OS:18455] TURBULENTO | Gap Cuántico: 0.2005 | Load: 0.228
[OS:18460] TURBULENTO | Gap Cuántico: 0.2162 | Load: 0.228
[OS:18465] TURBULENTO | Gap Cuántico: 0.1849 | Load: 0.230
[OS:18470] TURBULENTO | Gap Cuántico: 0.2145 | Load: 0.227
[OS:18475] TURBULENTO | Gap Cuántico: 0.1960 | Load: 0.227
[OS:18480] TURBULENTO | Gap Cuántico: 0.2385 | Load: 0.231
[OS:18485] TURBULENTO | Gap Cuántico: 0.2020 | Load: 0.237
[OS:18490] TURBULENTO | Gap Cuántico: 0.2124 | Load: 0.228
[OS:18495] TURBULENTO | Gap Cuántico: 0.2164 | Load: 0.226
[OS:18500] TURBULENTO | Gap Cuántico: 0.1870 | Load: 0.235
[OS:18505] TURBULENTO | Gap Cuántico: 0.1764 | Load: 0.225
[OS:18510] TURBULENTO | Gap Cuántico: 0.1856 | Load: 0.220
[OS:18515] TURBULENTO | Gap Cuántico: 0.2254 | Load: 0.236
[OS:18520] TURBULENTO | Gap Cuántico: 0.1889 | Load: 0.234
[OS:18525] TURBULENTO | Gap Cuántico: 0.1957 | Load: 0.234
[OS:18530] TURBULENTO | Gap Cuántico: 0.1861 | Load: 0.229
[OS:18535] TURBULENTO | Gap Cuántico: 0.1916 | Load: 0.226
[OS:18540] TURBULENTO | Gap Cuántico: 0.2070 | Load: 0.227
[OS:18545] TURBULENTO | Gap Cuántico: 0.2147 | Load: 0.234
[OS:18550] TURBULENTO | Gap Cuántico: 0.2409 | Load: 0.236
[OS:18555] TURBULENTO | Gap Cuántico: 0.2417 | Load: 0.234
[OS:18560] TURBULENTO | Gap Cuántico: 0.1755 | Load: 0.231
[OS:18565] TURBULENTO | Gap Cuántico: 0.1758 | Load: 0.233
[OS:18570] TURBULENTO | Gap Cuántico: 0.2399 | Load: 0.229
[OS:18575] TURBULENTO | Gap Cuántico: 0.1950 | Load: 0.234
[OS:18580] TURBULENTO | Gap Cuántico: 0.2155 | Load: 0.230
[OS:18585] TURBULENTO | Gap Cuántico: 0.2339 | Load: 0.221
[OS:18590] TURBULENTO | Gap Cuántico: 0.1722 | Load: 0.231
[OS:18595] TURBULENTO | Gap Cuántico: 0.2423 | Load: 0.230
[OS:18600] TURBULENTO | Gap Cuántico: 0.1914 | Load: 0.230
[OS:18605] TURBULENTO | Gap Cuántico: 0.1870 | Load: 0.225
[OS:18610] TURBULENTO | Gap Cuántico: 0.2070 | Load: 0.236
[OS:18615] TURBULENTO | Gap Cuántico: 0.1816 | Load: 0.225
[OS:18620] TURBULENTO | Gap Cuántico: 0.1851 | Load: 0.230
[OS:18625] TURBULENTO | Gap Cuántico: 0.2169 | Load: 0.226
[OS:18630] TURBULENTO | Gap Cuántico: 0.1934 | Load: 0.228
[OS:18635] TURBULENTO | Gap Cuántico: 0.1987 | Load: 0.233
[OS:18640] TURBULENTO | Gap Cuántico: 0.1927 | Load: 0.229
[OS:18645] TURBULENTO | Gap Cuántico: 0.1750 | Load: 0.234
[OS:18650] TURBULENTO | Gap Cuántico: 0.2116 | Load: 0.237
[OS:18655] TURBULENTO | Gap Cuántico: 0.2359 | Load: 0.229
[OS:18660] TURBULENTO | Gap Cuántico: 0.2147 | Load: 0.234
[OS:18665] TURBULENTO | Gap Cuántico: 0.1953 | Load: 0.231
[OS:18670] TURBULENTO | Gap Cuántico: 0.1829 | Load: 0.226
[OS:18675] TURBULENTO | Gap Cuántico: 0.1892 | Load: 0.229
[OS:18680] TURBULENTO | Gap Cuántico: 0.1902 | Load: 0.227
[OS:18685] TURBULENTO | Gap Cuántico: 0.1975 | Load: 0.229
[OS:18690] TURBULENTO | Gap Cuántico: 0.2409 | Load: 0.228
[OS:18695] TURBULENTO | Gap Cuántico: 0.1923 | Load: 0.230
[OS:18700] TURBULENTO | Gap Cuántico: 0.1887 | Load: 0.230
[OS:18705] TURBULENTO | Gap Cuántico: 0.2116 | Load: 0.232
[OS:18710] TURBULENTO | Gap Cuántico: 0.2421 | Load: 0.235
[OS:18715] TURBULENTO | Gap Cuántico: 0.2404 | Load: 0.241
[OS:18720] TURBULENTO | Gap Cuántico: 0.2394 | Load: 0.236
[OS:18725] TURBULENTO | Gap Cuántico: 0.2344 | Load: 0.227
[OS:18730] TURBULENTO | Gap Cuántico: 0.1962 | Load: 0.221
[OS:18735] TURBULENTO | Gap Cuántico: 0.2333 | Load: 0.225
[OS:18740] TURBULENTO | Gap Cuántico: 0.1872 | Load: 0.227
[OS:18745] TURBULENTO | Gap Cuántico: 0.2172 | Load: 0.237
[OS:18750] TURBULENTO | Gap Cuántico: 0.2161 | Load: 0.228
[OS:18755] TURBULENTO | Gap Cuántico: 0.2309 | Load: 0.230
[OS:18760] TURBULENTO | Gap Cuántico: 0.1894 | Load: 0.231
[OS:18765] TURBULENTO | Gap Cuántico: 0.2262 | Load: 0.232
[OS:18770] TURBULENTO | Gap Cuántico: 0.1801 | Load: 0.233
[OS:18775] TURBULENTO | Gap Cuántico: 0.1893 | Load: 0.217
[OS:18780] TURBULENTO | Gap Cuántico: 0.2359 | Load: 0.229
[OS:18785] TURBULENTO | Gap Cuántico: 0.1801 | Load: 0.233
[OS:18790] TURBULENTO | Gap Cuántico: 0.2194 | Load: 0.234
[OS:18795] TURBULENTO | Gap Cuántico: 0.2170 | Load: 0.241
[OS:18800] TURBULENTO | Gap Cuántico: 0.2160 | Load: 0.233
[OS:18805] TURBULENTO | Gap Cuántico: 0.2140 | Load: 0.235
[OS:18810] TURBULENTO | Gap Cuántico: 0.2108 | Load: 0.228
[OS:18815] TURBULENTO | Gap Cuántico: 0.2042 | Load: 0.230
[OS:18820] TURBULENTO | Gap Cuántico: 0.2169 | Load: 0.230
[OS:18825] TURBULENTO | Gap Cuántico: 0.1862 | Load: 0.228
[OS:18830] TURBULENTO | Gap Cuántico: 0.1913 | Load: 0.237
[OS:18835] TURBULENTO | Gap Cuántico: 0.1934 | Load: 0.229
[OS:18840] TURBULENTO | Gap Cuántico: 0.2112 | Load: 0.239
[OS:18845] TURBULENTO | Gap Cuántico: 0.1872 | Load: 0.232
[OS:18850] TURBULENTO | Gap Cuántico: 0.2018 | Load: 0.228
[OS:18855] TURBULENTO | Gap Cuántico: 0.1735 | Load: 0.225
[OS:18860] TURBULENTO | Gap Cuántico: 0.1816 | Load: 0.222
[OS:18865] TURBULENTO | Gap Cuántico: 0.1879 | Load: 0.229
[OS:18870] TURBULENTO | Gap Cuántico: 0.2190 | Load: 0.234
[OS:18875] TURBULENTO | Gap Cuántico: 0.1885 | Load: 0.230
[OS:18880] TURBULENTO | Gap Cuántico: 0.1942 | Load: 0.230
[OS:18885] TURBULENTO | Gap Cuántico: 0.2361 | Load: 0.227
[OS:18890] TURBULENTO | Gap Cuántico: 0.1962 | Load: 0.225
[OS:18895] TURBULENTO | Gap Cuántico: 0.1797 | Load: 0.231
[OS:18900] TURBULENTO | Gap Cuántico: 0.1763 | Load: 0.232
[OS:18905] TURBULENTO | Gap Cuántico: 0.1932 | Load: 0.233
[OS:18910] TURBULENTO | Gap Cuántico: 0.2424 | Load: 0.233
[OS:18915] TURBULENTO | Gap Cuántico: 0.1880 | Load: 0.230
[OS:18920] TURBULENTO | Gap Cuántico: 0.1892 | Load: 0.229
[OS:18925] TURBULENTO | Gap Cuántico: 0.1872 | Load: 0.230
[OS:18930] TURBULENTO | Gap Cuántico: 0.1785 | Load: 0.228
[OS:18935] TURBULENTO | Gap Cuántico: 0.1834 | Load: 0.227
[OS:18940] TURBULENTO | Gap Cuántico: 0.1925 | Load: 0.228
[OS:18945] TURBULENTO | Gap Cuántico: 0.2416 | Load: 0.236
[OS:18950] TURBULENTO | Gap Cuántico: 0.2166 | Load: 0.224
[OS:18955] TURBULENTO | Gap Cuántico: 0.2316 | Load: 0.232
[OS:18960] TURBULENTO | Gap Cuántico: 0.2172 | Load: 0.238
[OS:18965] TURBULENTO | Gap Cuántico: 0.1944 | Load: 0.239
[OS:18970] TURBULENTO | Gap Cuántico: 0.1869 | Load: 0.234
[OS:18975] TURBULENTO | Gap Cuántico: 0.2284 | Load: 0.226
[OS:18980] TURBULENTO | Gap Cuántico: 0.1951 | Load: 0.230
[OS:18985] TURBULENTO | Gap Cuántico: 0.1869 | Load: 0.224
[OS:18990] TURBULENTO | Gap Cuántico: 0.2415 | Load: 0.234
[OS:18995] TURBULENTO | Gap Cuántico: 0.1796 | Load: 0.235
[OS:19000] TURBULENTO | Gap Cuántico: 0.2065 | Load: 0.237
[OS:19005] TURBULENTO | Gap Cuántico: 0.2181 | Load: 0.237
[OS:19010] TURBULENTO | Gap Cuántico: 0.1944 | Load: 0.230
[OS:19015] TURBULENTO | Gap Cuántico: 0.1842 | Load: 0.229
[OS:19020] TURBULENTO | Gap Cuántico: 0.2042 | Load: 0.224
[OS:19025] TURBULENTO | Gap Cuántico: 0.2172 | Load: 0.231
[OS:19030] TURBULENTO | Gap Cuántico: 0.1866 | Load: 0.235
[OS:19035] TURBULENTO | Gap Cuántico: 0.1869 | Load: 0.230
[OS:19040] TURBULENTO | Gap Cuántico: 0.1856 | Load: 0.232
[OS:19045] TURBULENTO | Gap Cuántico: 0.2407 | Load: 0.233
[OS:19050] TURBULENTO | Gap Cuántico: 0.2290 | Load: 0.236
[OS:19055] TURBULENTO | Gap Cuántico: 0.2154 | Load: 0.236
[OS:19060] TURBULENTO | Gap Cuántico: 0.2172 | Load: 0.239
[OS:19065] TURBULENTO | Gap Cuántico: 0.1823 | Load: 0.231
[OS:19070] TURBULENTO | Gap Cuántico: 0.1929 | Load: 0.225
[OS:19075] TURBULENTO | Gap Cuántico: 0.1838 | Load: 0.228
[OS:19080] TURBULENTO | Gap Cuántico: 0.1939 | Load: 0.229
[OS:19085] TURBULENTO | Gap Cuántico: 0.1796 | Load: 0.234
[OS:19090] TURBULENTO | Gap Cuántico: 0.1927 | Load: 0.230
[OS:19095] TURBULENTO | Gap Cuántico: 0.2423 | Load: 0.226
[OS:19100] TURBULENTO | Gap Cuántico: 0.2259 | Load: 0.231
[OS:19105] TURBULENTO | Gap Cuántico: 0.1950 | Load: 0.229
[OS:19110] TURBULENTO | Gap Cuántico: 0.1876 | Load: 0.223
[OS:19115] TURBULENTO | Gap Cuántico: 0.2108 | Load: 0.231
[OS:19120] TURBULENTO | Gap Cuántico: 0.2364 | Load: 0.229
[OS:19125] TURBULENTO | Gap Cuántico: 0.2138 | Load: 0.229
[OS:19130] TURBULENTO | Gap Cuántico: 0.1849 | Load: 0.229
[OS:19135] TURBULENTO | Gap Cuántico: 0.2273 | Load: 0.228
[OS:19140] TURBULENTO | Gap Cuántico: 0.1879 | Load: 0.227
[OS:19145] TURBULENTO | Gap Cuántico: 0.2406 | Load: 0.233
[OS:19150] TURBULENTO | Gap Cuántico: 0.1856 | Load: 0.223
[OS:19155] TURBULENTO | Gap Cuántico: 0.1978 | Load: 0.234
[OS:19160] TURBULENTO | Gap Cuántico: 0.1823 | Load: 0.228
[OS:19165] TURBULENTO | Gap Cuántico: 0.2406 | Load: 0.234
[OS:19170] TURBULENTO | Gap Cuántico: 0.2135 | Load: 0.233
[OS:19175] TURBULENTO | Gap Cuántico: 0.2102 | Load: 0.234
[OS:19180] TURBULENTO | Gap Cuántico: 0.2137 | Load: 0.237
[OS:19185] TURBULENTO | Gap Cuántico: 0.2247 | Load: 0.237
[OS:19190] TURBULENTO | Gap Cuántico: 0.1946 | Load: 0.234
[OS:19195] TURBULENTO | Gap Cuántico: 0.2162 | Load: 0.229
[OS:19200] TURBULENTO | Gap Cuántico: 0.2290 | Load: 0.229
[OS:19205] TURBULENTO | Gap Cuántico: 0.2328 | Load: 0.234
[OS:19210] TURBULENTO | Gap Cuántico: 0.2084 | Load: 0.230
[OS:19215] TURBULENTO | Gap Cuántico: 0.1806 | Load: 0.226
[OS:19220] TURBULENTO | Gap Cuántico: 0.1767 | Load: 0.230
[OS:19225] TURBULENTO | Gap Cuántico: 0.2054 | Load: 0.225
[OS:19230] TURBULENTO | Gap Cuántico: 0.2413 | Load: 0.235
[OS:19235] TURBULENTO | Gap Cuántico: 0.1932 | Load: 0.234
[OS:19240] TURBULENTO | Gap Cuántico: 0.2276 | Load: 0.236
[OS:19245] TURBULENTO | Gap Cuántico: 0.2247 | Load: 0.230
[OS:19250] TURBULENTO | Gap Cuántico: 0.1759 | Load: 0.220
[OS:19255] TURBULENTO | Gap Cuántico: 0.1960 | Load: 0.229
[OS:19260] TURBULENTO | Gap Cuántico: 0.2124 | Load: 0.229
[OS:19265] TURBULENTO | Gap Cuántico: 0.2424 | Load: 0.239
[OS:19270] TURBULENTO | Gap Cuántico: 0.1779 | Load: 0.225
[OS:19275] TURBULENTO | Gap Cuántico: 0.1915 | Load: 0.233
[OS:19280] TURBULENTO | Gap Cuántico: 0.2169 | Load: 0.230
[OS:19285] TURBULENTO | Gap Cuántico: 0.1905 | Load: 0.233
[OS:19290] TURBULENTO | Gap Cuántico: 0.1845 | Load: 0.232
[OS:19295] TURBULENTO | Gap Cuántico: 0.2172 | Load: 0.234
[OS:19300] TURBULENTO | Gap Cuántico: 0.1773 | Load: 0.228
[OS:19305] TURBULENTO | Gap Cuántico: 0.1825 | Load: 0.235
[OS:19310] TURBULENTO | Gap Cuántico: 0.2104 | Load: 0.240
[OS:19315] TURBULENTO | Gap Cuántico: 0.1830 | Load: 0.232
[OS:19320] TURBULENTO | Gap Cuántico: 0.2417 | Load: 0.234
[OS:19325] TURBULENTO | Gap Cuántico: 0.1992 | Load: 0.232
[OS:19330] TURBULENTO | Gap Cuántico: 0.2054 | Load: 0.230
[OS:19335] TURBULENTO | Gap Cuántico: 0.2194 | Load: 0.232
[OS:19340] TURBULENTO | Gap Cuántico: 0.1889 | Load: 0.233
[OS:19345] TURBULENTO | Gap Cuántico: 0.2290 | Load: 0.233
[OS:19350] TURBULENTO | Gap Cuántico: 0.2373 | Load: 0.237
[OS:19355] TURBULENTO | Gap Cuántico: 0.1909 | Load: 0.233
[OS:19360] TURBULENTO | Gap Cuántico: 0.1825 | Load: 0.223
[OS:19365] TURBULENTO | Gap Cuántico: 0.2344 | Load: 0.232
[OS:19370] TURBULENTO | Gap Cuántico: 0.2215 | Load: 0.222
[OS:19375] TURBULENTO | Gap Cuántico: 0.1856 | Load: 0.222
[OS:19380] TURBULENTO | Gap Cuántico: 0.1985 | Load: 0.236
[OS:19385] TURBULENTO | Gap Cuántico: 0.1951 | Load: 0.233
[OS:19390] TURBULENTO | Gap Cuántico: 0.2108 | Load: 0.231
[OS:19395] TURBULENTO | Gap Cuántico: 0.2424 | Load: 0.230
[OS:19400] TURBULENTO | Gap Cuántico: 0.2423 | Load: 0.231
[OS:19405] TURBULENTO | Gap Cuántico: 0.1962 | Load: 0.233
[OS:19410] TURBULENTO | Gap Cuántico: 0.2147 | Load: 0.229
[OS:19415] TURBULENTO | Gap Cuántico: 0.2254 | Load: 0.227
[OS:19420] TURBULENTO | Gap Cuántico: 0.1853 | Load: 0.226
[OS:19425] TURBULENTO | Gap Cuántico: 0.2112 | Load: 0.223
[OS:19430] TURBULENTO | Gap Cuántico: 0.2132 | Load: 0.226
[OS:19435] TURBULENTO | Gap Cuántico: 0.1832 | Load: 0.230
[OS:19440] TURBULENTO | Gap Cuántico: 0.1896 | Load: 0.235
[OS:19445] TURBULENTO | Gap Cuántico: 0.1862 | Load: 0.230
[OS:19450] TURBULENTO | Gap Cuántico: 0.2399 | Load: 0.232
[OS:19455] TURBULENTO | Gap Cuántico: 0.1845 | Load: 0.224
[OS:19460] TURBULENTO | Gap Cuántico: 0.2099 | Load: 0.224
[OS:19465] TURBULENTO | Gap Cuántico: 0.2239 | Load: 0.235
[OS:19470] TURBULENTO | Gap Cuántico: 0.1773 | Load: 0.232
[OS:19475] TURBULENTO | Gap Cuántico: 0.2264 | Load: 0.227
[OS:19480] TURBULENTO | Gap Cuántico: 0.2407 | Load: 0.231
[OS:19485] TURBULENTO | Gap Cuántico: 0.1963 | Load: 0.231
[OS:19490] TURBULENTO | Gap Cuántico: 0.2422 | Load: 0.235
[OS:19495] TURBULENTO | Gap Cuántico: 0.2416 | Load: 0.234
[OS:19500] TURBULENTO | Gap Cuántico: 0.1850 | Load: 0.232
[OS:19505] TURBULENTO | Gap Cuántico: 0.2124 | Load: 0.234
[OS:19510] TURBULENTO | Gap Cuántico: 0.2402 | Load: 0.230
[OS:19515] TURBULENTO | Gap Cuántico: 0.1963 | Load: 0.225
[OS:19520] TURBULENTO | Gap Cuántico: 0.1856 | Load: 0.232
[OS:19525] TURBULENTO | Gap Cuántico: 0.1888 | Load: 0.233
[OS:19530] TURBULENTO | Gap Cuántico: 0.2273 | Load: 0.234
[OS:19535] TURBULENTO | Gap Cuántico: 0.1708 | Load: 0.234
[OS:19540] TURBULENTO | Gap Cuántico: 0.2116 | Load: 0.229
[OS:19545] TURBULENTO | Gap Cuántico: 0.2413 | Load: 0.232
[OS:19550] TURBULENTO | Gap Cuántico: 0.1879 | Load: 0.230
[OS:19555] TURBULENTO | Gap Cuántico: 0.1953 | Load: 0.233
[OS:19560] TURBULENTO | Gap Cuántico: 0.1781 | Load: 0.229
[OS:19565] TURBULENTO | Gap Cuántico: 0.2087 | Load: 0.222
[OS:19570] TURBULENTO | Gap Cuántico: 0.2160 | Load: 0.223
[OS:19575] TURBULENTO | Gap Cuántico: 0.2287 | Load: 0.232
[OS:19580] TURBULENTO | Gap Cuántico: 0.1946 | Load: 0.235
[OS:19585] TURBULENTO | Gap Cuántico: 0.1832 | Load: 0.235
[OS:19590] TURBULENTO | Gap Cuántico: 0.2168 | Load: 0.230
[OS:19595] TURBULENTO | Gap Cuántico: 0.2239 | Load: 0.233
[OS:19600] TURBULENTO | Gap Cuántico: 0.2077 | Load: 0.231
[OS:19605] TURBULENTO | Gap Cuántico: 0.1879 | Load: 0.230
[OS:19610] TURBULENTO | Gap Cuántico: 0.2084 | Load: 0.225
[OS:19615] TURBULENTO | Gap Cuántico: 0.1873 | Load: 0.230
[OS:19620] TURBULENTO | Gap Cuántico: 0.2083 | Load: 0.234
[OS:19625] TURBULENTO | Gap Cuántico: 0.1836 | Load: 0.226
[OS:19630] TURBULENTO | Gap Cuántico: 0.1870 | Load: 0.223
[OS:19635] TURBULENTO | Gap Cuántico: 0.2170 | Load: 0.227
[OS:19640] TURBULENTO | Gap Cuántico: 0.1808 | Load: 0.222
[OS:19645] TURBULENTO | Gap Cuántico: 0.2262 | Load: 0.232
[OS:19650] TURBULENTO | Gap Cuántico: 0.1830 | Load: 0.230
[OS:19655] TURBULENTO | Gap Cuántico: 0.1762 | Load: 0.232
[OS:19660] TURBULENTO | Gap Cuántico: 0.2424 | Load: 0.232
[OS:19665] TURBULENTO | Gap Cuántico: 0.2172 | Load: 0.238
[OS:19670] TURBULENTO | Gap Cuántico: 0.1948 | Load: 0.236
[OS:19675] TURBULENTO | Gap Cuántico: 0.2379 | Load: 0.233
[OS:19680] TURBULENTO | Gap Cuántico: 0.2340 | Load: 0.235
[OS:19685] TURBULENTO | Gap Cuántico: 0.2207 | Load: 0.234
[OS:19690] TURBULENTO | Gap Cuántico: 0.1846 | Load: 0.221
[OS:19695] TURBULENTO | Gap Cuántico: 0.2421 | Load: 0.235
[OS:19700] TURBULENTO | Gap Cuántico: 0.2089 | Load: 0.237
[OS:19705] TURBULENTO | Gap Cuántico: 0.2121 | Load: 0.239
[OS:19710] TURBULENTO | Gap Cuántico: 0.2144 | Load: 0.233
[OS:19715] TURBULENTO | Gap Cuántico: 0.2138 | Load: 0.233
[OS:19720] TURBULENTO | Gap Cuántico: 0.1894 | Load: 0.220
[OS:19725] TURBULENTO | Gap Cuántico: 0.1781 | Load: 0.224
[OS:19730] TURBULENTO | Gap Cuántico: 0.2400 | Load: 0.229
[OS:19735] TURBULENTO | Gap Cuántico: 0.1992 | Load: 0.225
[OS:19740] TURBULENTO | Gap Cuántico: 0.2126 | Load: 0.227
[OS:19745] TURBULENTO | Gap Cuántico: 0.1870 | Load: 0.219
[OS:19750] TURBULENTO | Gap Cuántico: 0.1929 | Load: 0.232
[OS:19755] TURBULENTO | Gap Cuántico: 0.1934 | Load: 0.229
[OS:19760] TURBULENTO | Gap Cuántico: 0.1757 | Load: 0.229
[OS:19765] TURBULENTO | Gap Cuántico: 0.2166 | Load: 0.227
[OS:19770] TURBULENTO | Gap Cuántico: 0.1821 | Load: 0.224
[OS:19775] TURBULENTO | Gap Cuántico: 0.2068 | Load: 0.233
[OS:19780] TURBULENTO | Gap Cuántico: 0.1708 | Load: 0.224
[OS:19785] TURBULENTO | Gap Cuántico: 0.1914 | Load: 0.223
[OS:19790] TURBULENTO | Gap Cuántico: 0.2163 | Load: 0.227
[OS:19795] TURBULENTO | Gap Cuántico: 0.1715 | Load: 0.233
[OS:19800] TURBULENTO | Gap Cuántico: 0.2373 | Load: 0.232
[OS:19805] TURBULENTO | Gap Cuántico: 0.1920 | Load: 0.232
[OS:19810] TURBULENTO | Gap Cuántico: 0.1958 | Load: 0.231
[OS:19815] TURBULENTO | Gap Cuántico: 0.2231 | Load: 0.236
[OS:19820] TURBULENTO | Gap Cuántico: 0.2062 | Load: 0.231
[OS:19825] TURBULENTO | Gap Cuántico: 0.1902 | Load: 0.233
[OS:19830] TURBULENTO | Gap Cuántico: 0.2403 | Load: 0.232
[OS:19835] TURBULENTO | Gap Cuántico: 0.2134 | Load: 0.232
[OS:19840] TURBULENTO | Gap Cuántico: 0.1923 | Load: 0.233
[OS:19845] TURBULENTO | Gap Cuántico: 0.1731 | Load: 0.232
[OS:19850] TURBULENTO | Gap Cuántico: 0.2297 | Load: 0.232
[OS:19855] TURBULENTO | Gap Cuántico: 0.1934 | Load: 0.227
[OS:19860] TURBULENTO | Gap Cuántico: 0.1992 | Load: 0.222
[OS:19865] TURBULENTO | Gap Cuántico: 0.2259 | Load: 0.227
[OS:19870] TURBULENTO | Gap Cuántico: 0.2349 | Load: 0.225
[OS:19875] TURBULENTO | Gap Cuántico: 0.1887 | Load: 0.226
[OS:19880] TURBULENTO | Gap Cuántico: 0.1763 | Load: 0.227
[OS:19885] TURBULENTO | Gap Cuántico: 0.2402 | Load: 0.225
[OS:19890] TURBULENTO | Gap Cuántico: 0.2031 | Load: 0.221
[OS:19895] TURBULENTO | Gap Cuántico: 0.1823 | Load: 0.226
[OS:19900] TURBULENTO | Gap Cuántico: 0.2381 | Load: 0.232
[OS:19905] TURBULENTO | Gap Cuántico: 0.2370 | Load: 0.227
[OS:19910] TURBULENTO | Gap Cuántico: 0.1762 | Load: 0.229
[OS:19915] TURBULENTO | Gap Cuántico: 0.1764 | Load: 0.231
[OS:19920] TURBULENTO | Gap Cuántico: 0.1722 | Load: 0.222
[OS:19925] TURBULENTO | Gap Cuántico: 0.2135 | Load: 0.227
[OS:19930] TURBULENTO | Gap Cuántico: 0.2024 | Load: 0.233
[OS:19935] TURBULENTO | Gap Cuántico: 0.2273 | Load: 0.227
[OS:19940] TURBULENTO | Gap Cuántico: 0.1888 | Load: 0.229
[OS:19945] TURBULENTO | Gap Cuántico: 0.2356 | Load: 0.233
[OS:19950] TURBULENTO | Gap Cuántico: 0.2138 | Load: 0.231
[OS:19955] TURBULENTO | Gap Cuántico: 0.2333 | Load: 0.234
[OS:19960] TURBULENTO | Gap Cuántico: 0.2244 | Load: 0.231
[OS:19965] TURBULENTO | Gap Cuántico: 0.2135 | Load: 0.235
[OS:19970] TURBULENTO | Gap Cuántico: 0.2408 | Load: 0.237
[OS:19975] TURBULENTO | Gap Cuántico: 0.2396 | Load: 0.243
[OS:19980] TURBULENTO | Gap Cuántico: 0.2262 | Load: 0.243
[OS:19985] TURBULENTO | Gap Cuántico: 0.1892 | Load: 0.234
[OS:19990] TURBULENTO | Gap Cuántico: 0.2181 | Load: 0.235
[OS:19995] TURBULENTO | Gap Cuántico: 0.1948 | Load: 0.233
[OS:20000] TURBULENTO | Gap Cuántico: 0.1834 | Load: 0.232
[OS:20005] TURBULENTO | Gap Cuántico: 0.1853 | Load: 0.228
[OS:20010] TURBULENTO | Gap Cuántico: 0.1831 | Load: 0.228
[OS:20015] TURBULENTO | Gap Cuántico: 0.1700 | Load: 0.230
[OS:20020] TURBULENTO | Gap Cuántico: 0.1946 | Load: 0.236
[OS:20025] TURBULENTO | Gap Cuántico: 0.1926 | Load: 0.225
[OS:20030] TURBULENTO | Gap Cuántico: 0.1853 | Load: 0.226
[OS:20035] TURBULENTO | Gap Cuántico: 0.2408 | Load: 0.231
[OS:20040] TURBULENTO | Gap Cuántico: 0.2423 | Load: 0.224
[OS:20045] TURBULENTO | Gap Cuántico: 0.2155 | Load: 0.229
[OS:20050] TURBULENTO | Gap Cuántico: 0.2303 | Load: 0.233
[OS:20055] TURBULENTO | Gap Cuántico: 0.1956 | Load: 0.227
[OS:20060] TURBULENTO | Gap Cuántico: 0.1869 | Load: 0.223
[OS:20065] TURBULENTO | Gap Cuántico: 0.1739 | Load: 0.222
[OS:20070] TURBULENTO | Gap Cuántico: 0.1890 | Load: 0.230
[OS:20075] TURBULENTO | Gap Cuántico: 0.1785 | Load: 0.216
[OS:20080] TURBULENTO | Gap Cuántico: 0.2290 | Load: 0.230
[OS:20085] TURBULENTO | Gap Cuántico: 0.2131 | Load: 0.232
[OS:20090] TURBULENTO | Gap Cuántico: 0.1762 | Load: 0.229
[OS:20095] TURBULENTO | Gap Cuántico: 0.1853 | Load: 0.227
[OS:20100] TURBULENTO | Gap Cuántico: 0.2421 | Load: 0.240
[OS:20105] TURBULENTO | Gap Cuántico: 0.1923 | Load: 0.227
[OS:20110] TURBULENTO | Gap Cuántico: 0.1838 | Load: 0.230
[OS:20115] TURBULENTO | Gap Cuántico: 0.2077 | Load: 0.231
[OS:20120] TURBULENTO | Gap Cuántico: 0.1880 | Load: 0.232
[OS:20125] TURBULENTO | Gap Cuántico: 0.1911 | Load: 0.231
[OS:20130] TURBULENTO | Gap Cuántico: 0.1819 | Load: 0.224
[OS:20135] TURBULENTO | Gap Cuántico: 0.1871 | Load: 0.226
[OS:20140] TURBULENTO | Gap Cuántico: 0.1934 | Load: 0.221
[OS:20145] TURBULENTO | Gap Cuántico: 0.1948 | Load: 0.234
[OS:20150] TURBULENTO | Gap Cuántico: 0.1796 | Load: 0.228
[OS:20155] TURBULENTO | Gap Cuántico: 0.1925 | Load: 0.230
[OS:20160] TURBULENTO | Gap Cuántico: 0.1860 | Load: 0.235
[OS:20165] TURBULENTO | Gap Cuántico: 0.2083 | Load: 0.231
[OS:20170] TURBULENTO | Gap Cuántico: 0.2172 | Load: 0.239
[OS:20175] TURBULENTO | Gap Cuántico: 0.1927 | Load: 0.227
[OS:20180] TURBULENTO | Gap Cuántico: 0.2214 | Load: 0.226
[OS:20185] TURBULENTO | Gap Cuántico: 0.2085 | Load: 0.231
[OS:20190] TURBULENTO | Gap Cuántico: 0.2112 | Load: 0.225
[OS:20195] TURBULENTO | Gap Cuántico: 0.1753 | Load: 0.235
[OS:20200] TURBULENTO | Gap Cuántico: 0.2172 | Load: 0.227
[OS:20205] TURBULENTO | Gap Cuántico: 0.1956 | Load: 0.231
[OS:20210] TURBULENTO | Gap Cuántico: 0.1848 | Load: 0.229
[OS:20215] TURBULENTO | Gap Cuántico: 0.2424 | Load: 0.234
[OS:20220] TURBULENTO | Gap Cuántico: 0.2356 | Load: 0.236
[OS:20225] TURBULENTO | Gap Cuántico: 0.1859 | Load: 0.221
[OS:20230] TURBULENTO | Gap Cuántico: 0.1753 | Load: 0.222
[OS:20235] TURBULENTO | Gap Cuántico: 0.2079 | Load: 0.230
[OS:20240] TURBULENTO | Gap Cuántico: 0.1781 | Load: 0.226
[OS:20245] TURBULENTO | Gap Cuántico: 0.1878 | Load: 0.232
[OS:20250] TURBULENTO | Gap Cuántico: 0.1870 | Load: 0.232
[OS:20255] TURBULENTO | Gap Cuántico: 0.2299 | Load: 0.236
[OS:20260] TURBULENTO | Gap Cuántico: 0.2386 | Load: 0.230
[OS:20265] TURBULENTO | Gap Cuántico: 0.1971 | Load: 0.231
[OS:20270] TURBULENTO | Gap Cuántico: 0.1766 | Load: 0.230
[OS:20275] TURBULENTO | Gap Cuántico: 0.1848 | Load: 0.230
[OS:20280] TURBULENTO | Gap Cuántico: 0.1796 | Load: 0.223
[OS:20285] TURBULENTO | Gap Cuántico: 0.2247 | Load: 0.222
[OS:20290] TURBULENTO | Gap Cuántico: 0.1962 | Load: 0.233
[OS:20295] TURBULENTO | Gap Cuántico: 0.1915 | Load: 0.236
[OS:20300] TURBULENTO | Gap Cuántico: 0.2333 | Load: 0.227
[OS:20305] TURBULENTO | Gap Cuántico: 0.2112 | Load: 0.235
[OS:20310] TURBULENTO | Gap Cuántico: 0.2124 | Load: 0.226
[OS:20315] TURBULENTO | Gap Cuántico: 0.1872 | Load: 0.224
[OS:20320] TURBULENTO | Gap Cuántico: 0.2042 | Load: 0.227
[OS:20325] TURBULENTO | Gap Cuántico: 0.1918 | Load: 0.235
[OS:20330] TURBULENTO | Gap Cuántico: 0.1850 | Load: 0.228
[OS:20335] TURBULENTO | Gap Cuántico: 0.1863 | Load: 0.230
[OS:20340] TURBULENTO | Gap Cuántico: 0.2280 | Load: 0.228
[OS:20345] TURBULENTO | Gap Cuántico: 0.2264 | Load: 0.230
[OS:20350] TURBULENTO | Gap Cuántico: 0.1885 | Load: 0.237
[OS:20355] TURBULENTO | Gap Cuántico: 0.2005 | Load: 0.238
[OS:20360] TURBULENTO | Gap Cuántico: 0.2144 | Load: 0.232
[OS:20365] TURBULENTO | Gap Cuántico: 0.1872 | Load: 0.225
[OS:20370] TURBULENTO | Gap Cuántico: 0.2299 | Load: 0.227
[OS:20375] TURBULENTO | Gap Cuántico: 0.2127 | Load: 0.232
[OS:20380] TURBULENTO | Gap Cuántico: 0.1909 | Load: 0.231
[OS:20385] TURBULENTO | Gap Cuántico: 0.2415 | Load: 0.236
[OS:20390] TURBULENTO | Gap Cuántico: 0.2031 | Load: 0.229
[OS:20395] TURBULENTO | Gap Cuántico: 0.1929 | Load: 0.223
[OS:20400] TURBULENTO | Gap Cuántico: 0.1957 | Load: 0.231
[OS:20405] TURBULENTO | Gap Cuántico: 0.1767 | Load: 0.230
[OS:20410] TURBULENTO | Gap Cuántico: 0.1831 | Load: 0.225
[OS:20415] TURBULENTO | Gap Cuántico: 0.2223 | Load: 0.234
[OS:20420] TURBULENTO | Gap Cuántico: 0.2075 | Load: 0.236
[OS:20425] TURBULENTO | Gap Cuántico: 0.1724 | Load: 0.229
[OS:20430] TURBULENTO | Gap Cuántico: 0.1961 | Load: 0.229
[OS:20435] TURBULENTO | Gap Cuántico: 0.2328 | Load: 0.233
[OS:20440] TURBULENTO | Gap Cuántico: 0.1918 | Load: 0.230
[OS:20445] TURBULENTO | Gap Cuántico: 0.1950 | Load: 0.229
[OS:20450] TURBULENTO | Gap Cuántico: 0.1879 | Load: 0.226
[OS:20455] TURBULENTO | Gap Cuántico: 0.2073 | Load: 0.233
[OS:20460] TURBULENTO | Gap Cuántico: 0.1864 | Load: 0.232
[OS:20465] TURBULENTO | Gap Cuántico: 0.2233 | Load: 0.239
[OS:20470] TURBULENTO | Gap Cuántico: 0.2108 | Load: 0.232
[OS:20475] TURBULENTO | Gap Cuántico: 0.1782 | Load: 0.235
[OS:20480] TURBULENTO | Gap Cuántico: 0.1953 | Load: 0.236
[OS:20485] TURBULENTO | Gap Cuántico: 0.2163 | Load: 0.223
[OS:20490] TURBULENTO | Gap Cuántico: 0.1700 | Load: 0.229
[OS:20495] TURBULENTO | Gap Cuántico: 0.2143 | Load: 0.234
[OS:20500] TURBULENTO | Gap Cuántico: 0.1957 | Load: 0.233
[OS:20505] TURBULENTO | Gap Cuántico: 0.2399 | Load: 0.231
[OS:20510] TURBULENTO | Gap Cuántico: 0.1928 | Load: 0.226
[OS:20515] TURBULENTO | Gap Cuántico: 0.1837 | Load: 0.226
[OS:20520] TURBULENTO | Gap Cuántico: 0.2127 | Load: 0.233
[OS:20525] TURBULENTO | Gap Cuántico: 0.1743 | Load: 0.228
[OS:20530] TURBULENTO | Gap Cuántico: 0.1999 | Load: 0.226
[OS:20535] TURBULENTO | Gap Cuántico: 0.2233 | Load: 0.227
[OS:20540] TURBULENTO | Gap Cuántico: 0.1861 | Load: 0.228
[OS:20545] TURBULENTO | Gap Cuántico: 0.2420 | Load: 0.227
[OS:20550] TURBULENTO | Gap Cuántico: 0.2171 | Load: 0.230
[OS:20555] TURBULENTO | Gap Cuántico: 0.2170 | Load: 0.222
[OS:20560] TURBULENTO | Gap Cuántico: 0.1998 | Load: 0.226
[OS:20565] TURBULENTO | Gap Cuántico: 0.1913 | Load: 0.239
[OS:20570] TURBULENTO | Gap Cuántico: 0.2108 | Load: 0.230
[OS:20575] TURBULENTO | Gap Cuántico: 0.1856 | Load: 0.220
[OS:20580] TURBULENTO | Gap Cuántico: 0.1836 | Load: 0.222
[OS:20585] TURBULENTO | Gap Cuántico: 0.1823 | Load: 0.233
[OS:20590] TURBULENTO | Gap Cuántico: 0.2131 | Load: 0.227
[OS:20595] TURBULENTO | Gap Cuántico: 0.1821 | Load: 0.225
[OS:20600] TURBULENTO | Gap Cuántico: 0.2170 | Load: 0.236
[OS:20605] TURBULENTO | Gap Cuántico: 0.1823 | Load: 0.221
[OS:20610] TURBULENTO | Gap Cuántico: 0.1848 | Load: 0.229
[OS:20615] TURBULENTO | Gap Cuántico: 0.2244 | Load: 0.232
[OS:20620] TURBULENTO | Gap Cuántico: 0.2163 | Load: 0.227
[OS:20625] TURBULENTO | Gap Cuántico: 0.1883 | Load: 0.228
[OS:20630] TURBULENTO | Gap Cuántico: 0.2144 | Load: 0.222
[OS:20635] TURBULENTO | Gap Cuántico: 0.1934 | Load: 0.225
[OS:20640] TURBULENTO | Gap Cuántico: 0.2424 | Load: 0.230
[OS:20645] TURBULENTO | Gap Cuántico: 0.1928 | Load: 0.235
[OS:20650] TURBULENTO | Gap Cuántico: 0.1932 | Load: 0.235
[OS:20655] TURBULENTO | Gap Cuántico: 0.2155 | Load: 0.224
[OS:20660] TURBULENTO | Gap Cuántico: 0.1878 | Load: 0.227
[OS:20665] TURBULENTO | Gap Cuántico: 0.1716 | Load: 0.224
[OS:20670] TURBULENTO | Gap Cuántico: 0.2042 | Load: 0.236
[OS:20675] TURBULENTO | Gap Cuántico: 0.2163 | Load: 0.233
[OS:20680] TURBULENTO | Gap Cuántico: 0.1887 | Load: 0.234
[OS:20685] TURBULENTO | Gap Cuántico: 0.2048 | Load: 0.231
[OS:20690] TURBULENTO | Gap Cuántico: 0.2128 | Load: 0.228
[OS:20695] TURBULENTO | Gap Cuántico: 0.2373 | Load: 0.225
[OS:20700] TURBULENTO | Gap Cuántico: 0.2124 | Load: 0.237
[OS:20705] TURBULENTO | Gap Cuántico: 0.2140 | Load: 0.236
[OS:20710] TURBULENTO | Gap Cuántico: 0.2171 | Load: 0.232
[OS:20715] TURBULENTO | Gap Cuántico: 0.1892 | Load: 0.229
[OS:20720] TURBULENTO | Gap Cuántico: 0.2304 | Load: 0.231
[OS:20725] TURBULENTO | Gap Cuántico: 0.1978 | Load: 0.228
[OS:20730] TURBULENTO | Gap Cuántico: 0.1747 | Load: 0.225
[OS:20735] TURBULENTO | Gap Cuántico: 0.2108 | Load: 0.227
[OS:20740] TURBULENTO | Gap Cuántico: 0.1806 | Load: 0.226
[OS:20745] TURBULENTO | Gap Cuántico: 0.1954 | Load: 0.229
[OS:20750] TURBULENTO | Gap Cuántico: 0.1879 | Load: 0.230
[OS:20755] TURBULENTO | Gap Cuántico: 0.1950 | Load: 0.236
[OS:20760] TURBULENTO | Gap Cuántico: 0.2042 | Load: 0.232
[OS:20765] TURBULENTO | Gap Cuántico: 0.1746 | Load: 0.231
[OS:20770] TURBULENTO | Gap Cuántico: 0.1829 | Load: 0.231
[OS:20775] TURBULENTO | Gap Cuántico: 0.1944 | Load: 0.219
[OS:20780] TURBULENTO | Gap Cuántico: 0.1960 | Load: 0.225
[OS:20785] TURBULENTO | Gap Cuántico: 0.1752 | Load: 0.220
[OS:20790] TURBULENTO | Gap Cuántico: 0.1961 | Load: 0.234
[OS:20795] TURBULENTO | Gap Cuántico: 0.2099 | Load: 0.224
[OS:20800] TURBULENTO | Gap Cuántico: 0.1942 | Load: 0.220
[OS:20805] TURBULENTO | Gap Cuántico: 0.1861 | Load: 0.229
[OS:20810] TURBULENTO | Gap Cuántico: 0.1894 | Load: 0.217
[OS:20815] TURBULENTO | Gap Cuántico: 0.2404 | Load: 0.232
[OS:20820] TURBULENTO | Gap Cuántico: 0.1946 | Load: 0.231
[OS:20825] TURBULENTO | Gap Cuántico: 0.2179 | Load: 0.231
[OS:20830] TURBULENTO | Gap Cuántico: 0.2079 | Load: 0.230
[OS:20835] TURBULENTO | Gap Cuántico: 0.2095 | Load: 0.231
[OS:20840] TURBULENTO | Gap Cuántico: 0.1934 | Load: 0.226
[OS:20845] TURBULENTO | Gap Cuántico: 0.2093 | Load: 0.235
[OS:20850] TURBULENTO | Gap Cuántico: 0.2417 | Load: 0.235
[OS:20855] TURBULENTO | Gap Cuántico: 0.2419 | Load: 0.227
[OS:20860] TURBULENTO | Gap Cuántico: 0.2345 | Load: 0.228
[OS:20865] TURBULENTO | Gap Cuántico: 0.2254 | Load: 0.222
[OS:20870] TURBULENTO | Gap Cuántico: 0.2169 | Load: 0.232
[OS:20875] TURBULENTO | Gap Cuántico: 0.1946 | Load: 0.237
[OS:20880] TURBULENTO | Gap Cuántico: 0.1920 | Load: 0.236
[OS:20885] TURBULENTO | Gap Cuántico: 0.1813 | Load: 0.224
[OS:20890] TURBULENTO | Gap Cuántico: 0.2365 | Load: 0.239
[OS:20895] TURBULENTO | Gap Cuántico: 0.2416 | Load: 0.229
[OS:20900] TURBULENTO | Gap Cuántico: 0.1944 | Load: 0.232
[OS:20905] TURBULENTO | Gap Cuántico: 0.2356 | Load: 0.233
[OS:20910] TURBULENTO | Gap Cuántico: 0.2172 | Load: 0.231
[OS:20915] TURBULENTO | Gap Cuántico: 0.2247 | Load: 0.236
[OS:20920] TURBULENTO | Gap Cuántico: 0.2093 | Load: 0.235
[OS:20925] TURBULENTO | Gap Cuántico: 0.1722 | Load: 0.232
[OS:20930] TURBULENTO | Gap Cuántico: 0.1902 | Load: 0.231
[OS:20935] TURBULENTO | Gap Cuántico: 0.2170 | Load: 0.227
[OS:20940] TURBULENTO | Gap Cuántico: 0.2333 | Load: 0.221
[OS:20945] TURBULENTO | Gap Cuántico: 0.1869 | Load: 0.221
[OS:20950] TURBULENTO | Gap Cuántico: 0.2373 | Load: 0.229
[OS:20955] TURBULENTO | Gap Cuántico: 0.2239 | Load: 0.226
[OS:20960] TURBULENTO | Gap Cuántico: 0.1863 | Load: 0.222
[OS:20965] TURBULENTO | Gap Cuántico: 0.1932 | Load: 0.229
[OS:20970] TURBULENTO | Gap Cuántico: 0.1827 | Load: 0.225
[OS:20975] TURBULENTO | Gap Cuántico: 0.2131 | Load: 0.222
[OS:20980] TURBULENTO | Gap Cuántico: 0.2322 | Load: 0.228
[OS:20985] TURBULENTO | Gap Cuántico: 0.1893 | Load: 0.230
[OS:20990] TURBULENTO | Gap Cuántico: 0.1987 | Load: 0.234
[OS:20995] TURBULENTO | Gap Cuántico: 0.2349 | Load: 0.238
[OS:21000] TURBULENTO | Gap Cuántico: 0.2112 | Load: 0.230
[OS:21005] TURBULENTO | Gap Cuántico: 0.1745 | Load: 0.230
[OS:21010] TURBULENTO | Gap Cuántico: 0.1929 | Load: 0.231
[OS:21015] TURBULENTO | Gap Cuántico: 0.2103 | Load: 0.229
[OS:21020] TURBULENTO | Gap Cuántico: 0.2124 | Load: 0.233
[OS:21025] TURBULENTO | Gap Cuántico: 0.1962 | Load: 0.228
[OS:21030] TURBULENTO | Gap Cuántico: 0.1821 | Load: 0.228
[OS:21035] TURBULENTO | Gap Cuántico: 0.2099 | Load: 0.226
[OS:21040] TURBULENTO | Gap Cuántico: 0.1876 | Load: 0.225
[OS:21045] TURBULENTO | Gap Cuántico: 0.1761 | Load: 0.240
[OS:21050] TURBULENTO | Gap Cuántico: 0.1934 | Load: 0.233
[OS:21055] TURBULENTO | Gap Cuántico: 0.1877 | Load: 0.227
[OS:21060] TURBULENTO | Gap Cuántico: 0.2421 | Load: 0.231
[OS:21065] TURBULENTO | Gap Cuántico: 0.1893 | Load: 0.238
[OS:21070] TURBULENTO | Gap Cuántico: 0.2303 | Load: 0.227
[OS:21075] TURBULENTO | Gap Cuántico: 0.2079 | Load: 0.229
[OS:21080] TURBULENTO | Gap Cuántico: 0.2231 | Load: 0.232
[OS:21085] TURBULENTO | Gap Cuántico: 0.1836 | Load: 0.240
[OS:21090] TURBULENTO | Gap Cuántico: 0.1834 | Load: 0.233
[OS:21095] TURBULENTO | Gap Cuántico: 0.1869 | Load: 0.233
[OS:21100] TURBULENTO | Gap Cuántico: 0.1762 | Load: 0.235
[OS:21105] TURBULENTO | Gap Cuántico: 0.1934 | Load: 0.232
[OS:21110] TURBULENTO | Gap Cuántico: 0.2075 | Load: 0.232
[OS:21115] TURBULENTO | Gap Cuántico: 0.2297 | Load: 0.233
[OS:21120] TURBULENTO | Gap Cuántico: 0.2147 | Load: 0.230
[OS:21125] TURBULENTO | Gap Cuántico: 0.2239 | Load: 0.229
[OS:21130] TURBULENTO | Gap Cuántico: 0.2390 | Load: 0.233
[OS:21135] TURBULENTO | Gap Cuántico: 0.2030 | Load: 0.233
[OS:21140] TURBULENTO | Gap Cuántico: 0.2290 | Load: 0.232
[OS:21145] TURBULENTO | Gap Cuántico: 0.1834 | Load: 0.229
[OS:21150] TURBULENTO | Gap Cuántico: 0.1958 | Load: 0.223
[OS:21155] TURBULENTO | Gap Cuántico: 0.1844 | Load: 0.226
[OS:21160] TURBULENTO | Gap Cuántico: 0.2172 | Load: 0.234
[OS:21165] TURBULENTO | Gap Cuántico: 0.1881 | Load: 0.226
[OS:21170] TURBULENTO | Gap Cuántico: 0.2409 | Load: 0.227
[OS:21175] TURBULENTO | Gap Cuántico: 0.2365 | Load: 0.236
[OS:21180] TURBULENTO | Gap Cuántico: 0.2170 | Load: 0.238
[OS:21185] TURBULENTO | Gap Cuántico: 0.1880 | Load: 0.230
[OS:21190] TURBULENTO | Gap Cuántico: 0.1813 | Load: 0.231
[OS:21195] TURBULENTO | Gap Cuántico: 0.1872 | Load: 0.232
[OS:21200] TURBULENTO | Gap Cuántico: 0.2394 | Load: 0.225
[OS:21205] TURBULENTO | Gap Cuántico: 0.1861 | Load: 0.230
[OS:21210] TURBULENTO | Gap Cuántico: 0.2239 | Load: 0.228
[OS:21215] TURBULENTO | Gap Cuántico: 0.1962 | Load: 0.228
[OS:21220] TURBULENTO | Gap Cuántico: 0.2138 | Load: 0.224
[OS:21225] TURBULENTO | Gap Cuántico: 0.1934 | Load: 0.229
[OS:21230] TURBULENTO | Gap Cuántico: 0.1927 | Load: 0.227
[OS:21235] TURBULENTO | Gap Cuántico: 0.1797 | Load: 0.230
[OS:21240] TURBULENTO | Gap Cuántico: 0.2383 | Load: 0.227
[OS:21245] TURBULENTO | Gap Cuántico: 0.2170 | Load: 0.225
[OS:21250] TURBULENTO | Gap Cuántico: 0.2414 | Load: 0.223
[OS:21255] TURBULENTO | Gap Cuántico: 0.1893 | Load: 0.228
[OS:21260] TURBULENTO | Gap Cuántico: 0.1960 | Load: 0.226
[OS:21265] TURBULENTO | Gap Cuántico: 0.1761 | Load: 0.233
[OS:21270] TURBULENTO | Gap Cuántico: 0.2276 | Load: 0.233
[OS:21275] TURBULENTO | Gap Cuántico: 0.1940 | Load: 0.232
[OS:21280] TURBULENTO | Gap Cuántico: 0.2169 | Load: 0.229
[OS:21285] TURBULENTO | Gap Cuántico: 0.2208 | Load: 0.229
[OS:21290] TURBULENTO | Gap Cuántico: 0.1999 | Load: 0.232
[OS:21295] TURBULENTO | Gap Cuántico: 0.2152 | Load: 0.232
[OS:21300] TURBULENTO | Gap Cuántico: 0.1763 | Load: 0.224
[OS:21305] TURBULENTO | Gap Cuántico: 0.1859 | Load: 0.229
[OS:21310] TURBULENTO | Gap Cuántico: 0.2144 | Load: 0.232
[OS:21315] TURBULENTO | Gap Cuántico: 0.1764 | Load: 0.230
[OS:21320] TURBULENTO | Gap Cuántico: 0.1905 | Load: 0.237
[OS:21325] TURBULENTO | Gap Cuántico: 0.2154 | Load: 0.232
[OS:21330] TURBULENTO | Gap Cuántico: 0.1881 | Load: 0.228
[OS:21335] TURBULENTO | Gap Cuántico: 0.1850 | Load: 0.233
[OS:21340] TURBULENTO | Gap Cuántico: 0.2333 | Load: 0.230
[OS:21345] TURBULENTO | Gap Cuántico: 0.1913 | Load: 0.238
[OS:21350] TURBULENTO | Gap Cuántico: 0.2207 | Load: 0.230
[OS:21355] TURBULENTO | Gap Cuántico: 0.2392 | Load: 0.228
[OS:21360] TURBULENTO | Gap Cuántico: 0.2116 | Load: 0.231
[OS:21365] TURBULENTO | Gap Cuántico: 0.1958 | Load: 0.230
[OS:21370] TURBULENTO | Gap Cuántico: 0.1724 | Load: 0.228
[OS:21375] TURBULENTO | Gap Cuántico: 0.1863 | Load: 0.236
[OS:21380] TURBULENTO | Gap Cuántico: 0.1872 | Load: 0.231
[OS:21385] TURBULENTO | Gap Cuántico: 0.2409 | Load: 0.236
[OS:21390] TURBULENTO | Gap Cuántico: 0.2416 | Load: 0.236
[OS:21395] TURBULENTO | Gap Cuántico: 0.1837 | Load: 0.236
[OS:21400] TURBULENTO | Gap Cuántico: 0.2077 | Load: 0.229
[OS:21405] TURBULENTO | Gap Cuántico: 0.1764 | Load: 0.224
[OS:21410] TURBULENTO | Gap Cuántico: 0.1961 | Load: 0.231
[OS:21415] TURBULENTO | Gap Cuántico: 0.2168 | Load: 0.225
[OS:21420] TURBULENTO | Gap Cuántico: 0.2419 | Load: 0.234
[OS:21425] TURBULENTO | Gap Cuántico: 0.1762 | Load: 0.231
[OS:21430] TURBULENTO | Gap Cuántico: 0.1758 | Load: 0.227
[OS:21435] TURBULENTO | Gap Cuántico: 0.1779 | Load: 0.225
[OS:21440] TURBULENTO | Gap Cuántico: 0.1802 | Load: 0.233
[OS:21445] TURBULENTO | Gap Cuántico: 0.1880 | Load: 0.235
[OS:21450] TURBULENTO | Gap Cuántico: 0.2231 | Load: 0.238
[OS:21455] TURBULENTO | Gap Cuántico: 0.1796 | Load: 0.226
[OS:21460] TURBULENTO | Gap Cuántico: 0.1857 | Load: 0.220
[OS:21465] TURBULENTO | Gap Cuántico: 0.1716 | Load: 0.224
[OS:21470] TURBULENTO | Gap Cuántico: 0.1762 | Load: 0.233
[OS:21475] TURBULENTO | Gap Cuántico: 0.2154 | Load: 0.233
[OS:21480] TURBULENTO | Gap Cuántico: 0.2059 | Load: 0.237
[OS:21485] TURBULENTO | Gap Cuántico: 0.1829 | Load: 0.231
[OS:21490] TURBULENTO | Gap Cuántico: 0.1962 | Load: 0.231
[OS:21495] TURBULENTO | Gap Cuántico: 0.2269 | Load: 0.233
[OS:21500] TURBULENTO | Gap Cuántico: 0.1927 | Load: 0.230
[OS:21505] TURBULENTO | Gap Cuántico: 0.2385 | Load: 0.232
[OS:21510] TURBULENTO | Gap Cuántico: 0.1801 | Load: 0.234
[OS:21515] TURBULENTO | Gap Cuántico: 0.2231 | Load: 0.225
[OS:21520] TURBULENTO | Gap Cuántico: 0.2152 | Load: 0.231
[OS:21525] TURBULENTO | Gap Cuántico: 0.1836 | Load: 0.231
[OS:21530] TURBULENTO | Gap Cuántico: 0.2416 | Load: 0.237
[OS:21535] TURBULENTO | Gap Cuántico: 0.1894 | Load: 0.232
[OS:21540] TURBULENTO | Gap Cuántico: 0.1753 | Load: 0.231
[OS:21545] TURBULENTO | Gap Cuántico: 0.2304 | Load: 0.233
[OS:21550] TURBULENTO | Gap Cuántico: 0.2128 | Load: 0.236
[OS:21555] TURBULENTO | Gap Cuántico: 0.1808 | Load: 0.228
[OS:21560] TURBULENTO | Gap Cuántico: 0.1753 | Load: 0.234
[OS:21565] TURBULENTO | Gap Cuántico: 0.2416 | Load: 0.228
[OS:21570] TURBULENTO | Gap Cuántico: 0.1823 | Load: 0.234
[OS:21575] TURBULENTO | Gap Cuántico: 0.1762 | Load: 0.225
[OS:21580] TURBULENTO | Gap Cuántico: 0.2024 | Load: 0.230
[OS:21585] TURBULENTO | Gap Cuántico: 0.1934 | Load: 0.229
[OS:21590] TURBULENTO | Gap Cuántico: 0.1781 | Load: 0.225
[OS:21595] TURBULENTO | Gap Cuántico: 0.1887 | Load: 0.227
[OS:21600] TURBULENTO | Gap Cuántico: 0.2163 | Load: 0.225
[OS:21605] TURBULENTO | Gap Cuántico: 0.2221 | Load: 0.236
[OS:21610] TURBULENTO | Gap Cuántico: 0.2169 | Load: 0.233
[OS:21615] TURBULENTO | Gap Cuántico: 0.1955 | Load: 0.237
[OS:21620] TURBULENTO | Gap Cuántico: 0.2247 | Load: 0.225
[OS:21625] TURBULENTO | Gap Cuántico: 0.2247 | Load: 0.223
[OS:21630] TURBULENTO | Gap Cuántico: 0.2423 | Load: 0.228
[OS:21635] TURBULENTO | Gap Cuántico: 0.2156 | Load: 0.227
[OS:21640] TURBULENTO | Gap Cuántico: 0.1750 | Load: 0.229
[OS:21645] TURBULENTO | Gap Cuántico: 0.2054 | Load: 0.231
[OS:21650] TURBULENTO | Gap Cuántico: 0.2135 | Load: 0.227
[OS:21655] TURBULENTO | Gap Cuántico: 0.1951 | Load: 0.234
[OS:21660] TURBULENTO | Gap Cuántico: 0.2154 | Load: 0.227
[OS:21665] TURBULENTO | Gap Cuántico: 0.1888 | Load: 0.233
[OS:21670] TURBULENTO | Gap Cuántico: 0.1763 | Load: 0.231
[OS:21675] TURBULENTO | Gap Cuántico: 0.2159 | Load: 0.226
[OS:21680] TURBULENTO | Gap Cuántico: 0.2422 | Load: 0.225
[OS:21685] TURBULENTO | Gap Cuántico: 0.1830 | Load: 0.222
[OS:21690] TURBULENTO | Gap Cuántico: 0.1869 | Load: 0.238
[OS:21695] TURBULENTO | Gap Cuántico: 0.2411 | Load: 0.233
[OS:21700] TURBULENTO | Gap Cuántico: 0.2340 | Load: 0.238
[OS:21705] TURBULENTO | Gap Cuántico: 0.1900 | Load: 0.236
[OS:21710] TURBULENTO | Gap Cuántico: 0.2247 | Load: 0.233
[OS:21715] TURBULENTO | Gap Cuántico: 0.1922 | Load: 0.229
[OS:21720] TURBULENTO | Gap Cuántico: 0.1887 | Load: 0.227
[OS:21725] TURBULENTO | Gap Cuántico: 0.1864 | Load: 0.230
[OS:21730] TURBULENTO | Gap Cuántico: 0.2269 | Load: 0.227
[OS:21735] TURBULENTO | Gap Cuántico: 0.2171 | Load: 0.228
[OS:21740] TURBULENTO | Gap Cuántico: 0.1818 | Load: 0.228
[OS:21745] TURBULENTO | Gap Cuántico: 0.1818 | Load: 0.238
[OS:21750] TURBULENTO | Gap Cuántico: 0.2065 | Load: 0.233
[OS:21755] TURBULENTO | Gap Cuántico: 0.1942 | Load: 0.233
[OS:21760] TURBULENTO | Gap Cuántico: 0.1708 | Load: 0.235
[OS:21765] TURBULENTO | Gap Cuántico: 0.1937 | Load: 0.235
[OS:21770] TURBULENTO | Gap Cuántico: 0.1903 | Load: 0.228
[OS:21775] TURBULENTO | Gap Cuántico: 0.1923 | Load: 0.228
[OS:21780] TURBULENTO | Gap Cuántico: 0.1757 | Load: 0.232
[OS:21785] TURBULENTO | Gap Cuántico: 0.1748 | Load: 0.233
[OS:21790] TURBULENTO | Gap Cuántico: 0.2244 | Load: 0.233
[OS:21795] TURBULENTO | Gap Cuántico: 0.1844 | Load: 0.231
[OS:21800] TURBULENTO | Gap Cuántico: 0.1840 | Load: 0.237
[OS:21805] TURBULENTO | Gap Cuántico: 0.2247 | Load: 0.237
[OS:21810] TURBULENTO | Gap Cuántico: 0.2149 | Load: 0.231
[OS:21815] TURBULENTO | Gap Cuántico: 0.1773 | Load: 0.233
[OS:21820] TURBULENTO | Gap Cuántico: 0.1796 | Load: 0.225
[OS:21825] TURBULENTO | Gap Cuántico: 0.1902 | Load: 0.229
[OS:21830] TURBULENTO | Gap Cuántico: 0.2418 | Load: 0.234
[OS:21835] TURBULENTO | Gap Cuántico: 0.2424 | Load: 0.235
[OS:21840] TURBULENTO | Gap Cuántico: 0.2239 | Load: 0.238
[OS:21845] TURBULENTO | Gap Cuántico: 0.2364 | Load: 0.231
[OS:21850] TURBULENTO | Gap Cuántico: 0.2154 | Load: 0.231
[OS:21855] TURBULENTO | Gap Cuántico: 0.2355 | Load: 0.234
[OS:21860] TURBULENTO | Gap Cuántico: 0.2349 | Load: 0.240
[OS:21865] TURBULENTO | Gap Cuántico: 0.1985 | Load: 0.238
[OS:21870] TURBULENTO | Gap Cuántico: 0.1715 | Load: 0.228
[OS:21875] TURBULENTO | Gap Cuántico: 0.2262 | Load: 0.233
[OS:21880] TURBULENTO | Gap Cuántico: 0.1887 | Load: 0.235
[OS:21885] TURBULENTO | Gap Cuántico: 0.1779 | Load: 0.233
[OS:21890] TURBULENTO | Gap Cuántico: 0.2297 | Load: 0.227
[OS:21895] TURBULENTO | Gap Cuántico: 0.1836 | Load: 0.228
[OS:21900] TURBULENTO | Gap Cuántico: 0.2365 | Load: 0.225
[OS:21905] TURBULENTO | Gap Cuántico: 0.1854 | Load: 0.231
[OS:21910] TURBULENTO | Gap Cuántico: 0.1885 | Load: 0.228
[OS:21915] TURBULENTO | Gap Cuántico: 0.2383 | Load: 0.234
[OS:21920] TURBULENTO | Gap Cuántico: 0.2152 | Load: 0.234
[OS:21925] TURBULENTO | Gap Cuántico: 0.1892 | Load: 0.223
[OS:21930] TURBULENTO | Gap Cuántico: 0.1742 | Load: 0.218
[OS:21935] TURBULENTO | Gap Cuántico: 0.2221 | Load: 0.227
[OS:21940] TURBULENTO | Gap Cuántico: 0.2419 | Load: 0.234
[OS:21945] TURBULENTO | Gap Cuántico: 0.2404 | Load: 0.235
[OS:21950] TURBULENTO | Gap Cuántico: 0.1889 | Load: 0.235
[OS:21955] TURBULENTO | Gap Cuántico: 0.2161 | Load: 0.235
[OS:21960] TURBULENTO | Gap Cuántico: 0.2284 | Load: 0.233
[OS:21965] TURBULENTO | Gap Cuántico: 0.1750 | Load: 0.230
[OS:21970] TURBULENTO | Gap Cuántico: 0.1892 | Load: 0.228
[OS:21975] TURBULENTO | Gap Cuántico: 0.1946 | Load: 0.235
[OS:21980] TURBULENTO | Gap Cuántico: 0.2194 | Load: 0.223
[OS:21985] TURBULENTO | Gap Cuántico: 0.1905 | Load: 0.227
[OS:21990] TURBULENTO | Gap Cuántico: 0.1767 | Load: 0.226
[OS:21995] TURBULENTO | Gap Cuántico: 0.1853 | Load: 0.228
[OS:22000] TURBULENTO | Gap Cuántico: 0.1926 | Load: 0.224
[OS:22005] TURBULENTO | Gap Cuántico: 0.2155 | Load: 0.233
[OS:22010] TURBULENTO | Gap Cuántico: 0.2112 | Load: 0.240
[OS:22015] TURBULENTO | Gap Cuántico: 0.1796 | Load: 0.234
[OS:22020] TURBULENTO | Gap Cuántico: 0.2254 | Load: 0.227
[OS:22025] TURBULENTO | Gap Cuántico: 0.1885 | Load: 0.227
[OS:22030] TURBULENTO | Gap Cuántico: 0.2231 | Load: 0.233
[OS:22035] TURBULENTO | Gap Cuántico: 0.1760 | Load: 0.231
[OS:22040] TURBULENTO | Gap Cuántico: 0.1763 | Load: 0.233
[OS:22045] TURBULENTO | Gap Cuántico: 0.2171 | Load: 0.235
[OS:22050] TURBULENTO | Gap Cuántico: 0.2112 | Load: 0.237
[OS:22055] TURBULENTO | Gap Cuántico: 0.2254 | Load: 0.237
[OS:22060] TURBULENTO | Gap Cuántico: 0.1935 | Load: 0.225
[OS:22065] TURBULENTO | Gap Cuántico: 0.2171 | Load: 0.228
[OS:22070] TURBULENTO | Gap Cuántico: 0.1748 | Load: 0.228
[OS:22075] TURBULENTO | Gap Cuántico: 0.1961 | Load: 0.223
[OS:22080] TURBULENTO | Gap Cuántico: 0.2422 | Load: 0.234
[OS:22085] TURBULENTO | Gap Cuántico: 0.1894 | Load: 0.232
[OS:22090] TURBULENTO | Gap Cuántico: 0.1860 | Load: 0.233
[OS:22095] TURBULENTO | Gap Cuántico: 0.1891 | Load: 0.236
[OS:22100] TURBULENTO | Gap Cuántico: 0.1908 | Load: 0.233
[OS:22105] TURBULENTO | Gap Cuántico: 0.1935 | Load: 0.230
[OS:22110] TURBULENTO | Gap Cuántico: 0.1753 | Load: 0.230
[OS:22115] TURBULENTO | Gap Cuántico: 0.2396 | Load: 0.230
[OS:22120] TURBULENTO | Gap Cuántico: 0.2349 | Load: 0.229
[OS:22125] TURBULENTO | Gap Cuántico: 0.2171 | Load: 0.234
[OS:22130] TURBULENTO | Gap Cuántico: 0.2128 | Load: 0.234
[OS:22135] TURBULENTO | Gap Cuántico: 0.1941 | Load: 0.229
[OS:22140] TURBULENTO | Gap Cuántico: 0.2120 | Load: 0.232
[OS:22145] TURBULENTO | Gap Cuántico: 0.2397 | Load: 0.223
[OS:22150] TURBULENTO | Gap Cuántico: 0.2161 | Load: 0.228
[OS:22155] TURBULENTO | Gap Cuántico: 0.2172 | Load: 0.228
[OS:22160] TURBULENTO | Gap Cuántico: 0.2385 | Load: 0.231
[OS:22165] TURBULENTO | Gap Cuántico: 0.2297 | Load: 0.235
[OS:22170] TURBULENTO | Gap Cuántico: 0.2293 | Load: 0.226
[OS:22175] TURBULENTO | Gap Cuántico: 0.2303 | Load: 0.227
[OS:22180] TURBULENTO | Gap Cuántico: 0.2166 | Load: 0.229
[OS:22185] TURBULENTO | Gap Cuántico: 0.2181 | Load: 0.230
[OS:22190] TURBULENTO | Gap Cuántico: 0.1949 | Load: 0.236
[OS:22195] TURBULENTO | Gap Cuántico: 0.1781 | Load: 0.230
[OS:22200] TURBULENTO | Gap Cuántico: 0.1893 | Load: 0.227
[OS:22205] TURBULENTO | Gap Cuántico: 0.2365 | Load: 0.231
[OS:22210] TURBULENTO | Gap Cuántico: 0.1731 | Load: 0.226
[OS:22215] TURBULENTO | Gap Cuántico: 0.1894 | Load: 0.232
[OS:22220] TURBULENTO | Gap Cuántico: 0.1748 | Load: 0.232
[OS:22225] TURBULENTO | Gap Cuántico: 0.2163 | Load: 0.230
[OS:22230] TURBULENTO | Gap Cuántico: 0.2290 | Load: 0.234
[OS:22235] TURBULENTO | Gap Cuántico: 0.2135 | Load: 0.232
[OS:22240] TURBULENTO | Gap Cuántico: 0.2168 | Load: 0.236
[OS:22245] TURBULENTO | Gap Cuántico: 0.1735 | Load: 0.232
[OS:22250] TURBULENTO | Gap Cuántico: 0.1862 | Load: 0.232
[OS:22255] TURBULENTO | Gap Cuántico: 0.1854 | Load: 0.223
[OS:22260] TURBULENTO | Gap Cuántico: 0.2144 | Load: 0.230
[OS:22265] TURBULENTO | Gap Cuántico: 0.2419 | Load: 0.230
[OS:22270] TURBULENTO | Gap Cuántico: 0.2299 | Load: 0.229
[OS:22275] TURBULENTO | Gap Cuántico: 0.1936 | Load: 0.227
[OS:22280] TURBULENTO | Gap Cuántico: 0.2304 | Load: 0.229
[OS:22285] TURBULENTO | Gap Cuántico: 0.1853 | Load: 0.222
[OS:22290] TURBULENTO | Gap Cuántico: 0.2423 | Load: 0.231
[OS:22295] TURBULENTO | Gap Cuántico: 0.2103 | Load: 0.230
[OS:22300] TURBULENTO | Gap Cuántico: 0.2116 | Load: 0.231
[OS:22305] TURBULENTO | Gap Cuántico: 0.1936 | Load: 0.237
[OS:22310] TURBULENTO | Gap Cuántico: 0.1889 | Load: 0.232
[OS:22315] TURBULENTO | Gap Cuántico: 0.1836 | Load: 0.232
[OS:22320] TURBULENTO | Gap Cuántico: 0.1922 | Load: 0.228
[OS:22325] TURBULENTO | Gap Cuántico: 0.2386 | Load: 0.227
[OS:22330] TURBULENTO | Gap Cuántico: 0.2112 | Load: 0.232
[OS:22335] TURBULENTO | Gap Cuántico: 0.1962 | Load: 0.227
[OS:22340] TURBULENTO | Gap Cuántico: 0.2130 | Load: 0.223
[OS:22345] TURBULENTO | Gap Cuántico: 0.1920 | Load: 0.227
[OS:22350] TURBULENTO | Gap Cuántico: 0.2079 | Load: 0.231
[OS:22355] TURBULENTO | Gap Cuántico: 0.1781 | Load: 0.228
[OS:22360] TURBULENTO | Gap Cuántico: 0.2419 | Load: 0.231
[OS:22365] TURBULENTO | Gap Cuántico: 0.2369 | Load: 0.236
[OS:22370] TURBULENTO | Gap Cuántico: 0.1920 | Load: 0.237
[OS:22375] TURBULENTO | Gap Cuántico: 0.2424 | Load: 0.238
[OS:22380] TURBULENTO | Gap Cuántico: 0.2108 | Load: 0.230
[OS:22385] TURBULENTO | Gap Cuántico: 0.1891 | Load: 0.227
[OS:22390] TURBULENTO | Gap Cuántico: 0.1941 | Load: 0.236
[OS:22395] TURBULENTO | Gap Cuántico: 0.1892 | Load: 0.231
[OS:22400] TURBULENTO | Gap Cuántico: 0.1894 | Load: 0.228
[OS:22405] TURBULENTO | Gap Cuántico: 0.2166 | Load: 0.236
[OS:22410] TURBULENTO | Gap Cuántico: 0.1939 | Load: 0.232
[OS:22415] TURBULENTO | Gap Cuántico: 0.1788 | Load: 0.237
[OS:22420] TURBULENTO | Gap Cuántico: 0.1861 | Load: 0.232
[OS:22425] TURBULENTO | Gap Cuántico: 0.2423 | Load: 0.236
[OS:22430] TURBULENTO | Gap Cuántico: 0.1952 | Load: 0.232
[OS:22435] TURBULENTO | Gap Cuántico: 0.2166 | Load: 0.227
[OS:22440] TURBULENTO | Gap Cuántico: 0.2162 | Load: 0.228
[OS:22445] TURBULENTO | Gap Cuántico: 0.2171 | Load: 0.239
[OS:22450] TURBULENTO | Gap Cuántico: 0.1853 | Load: 0.225
[OS:22455] TURBULENTO | Gap Cuántico: 0.2116 | Load: 0.230
[OS:22460] TURBULENTO | Gap Cuántico: 0.2322 | Load: 0.232
[OS:22465] TURBULENTO | Gap Cuántico: 0.1957 | Load: 0.236
[OS:22470] TURBULENTO | Gap Cuántico: 0.2154 | Load: 0.236
[OS:22475] TURBULENTO | Gap Cuántico: 0.1962 | Load: 0.235
[OS:22480] TURBULENTO | Gap Cuántico: 0.1829 | Load: 0.236
[OS:22485] TURBULENTO | Gap Cuántico: 0.2350 | Load: 0.234
[OS:22490] TURBULENTO | Gap Cuántico: 0.1825 | Load: 0.239
[OS:22495] TURBULENTO | Gap Cuántico: 0.2276 | Load: 0.238
[OS:22500] TURBULENTO | Gap Cuántico: 0.1866 | Load: 0.233
[OS:22505] TURBULENTO | Gap Cuántico: 0.1902 | Load: 0.230
[OS:22510] TURBULENTO | Gap Cuántico: 0.1962 | Load: 0.232
[OS:22515] TURBULENTO | Gap Cuántico: 0.1895 | Load: 0.235
[OS:22520] TURBULENTO | Gap Cuántico: 0.2169 | Load: 0.235
[OS:22525] TURBULENTO | Gap Cuántico: 0.1985 | Load: 0.232
[OS:22530] TURBULENTO | Gap Cuántico: 0.1892 | Load: 0.221
[OS:22535] TURBULENTO | Gap Cuántico: 0.2276 | Load: 0.230
[OS:22540] TURBULENTO | Gap Cuántico: 0.1758 | Load: 0.227
[OS:22545] TURBULENTO | Gap Cuántico: 0.2423 | Load: 0.226
[OS:22550] TURBULENTO | Gap Cuántico: 0.1755 | Load: 0.230
[OS:22555] TURBULENTO | Gap Cuántico: 0.1763 | Load: 0.232
[OS:22560] TURBULENTO | Gap Cuántico: 0.2198 | Load: 0.235
[OS:22565] TURBULENTO | Gap Cuántico: 0.2171 | Load: 0.235
[OS:22570] TURBULENTO | Gap Cuántico: 0.1962 | Load: 0.233
[OS:22575] TURBULENTO | Gap Cuántico: 0.1962 | Load: 0.235
[OS:22580] TURBULENTO | Gap Cuántico: 0.2423 | Load: 0.242
[OS:22585] TURBULENTO | Gap Cuántico: 0.1900 | Load: 0.229
[OS:22590] TURBULENTO | Gap Cuántico: 0.1748 | Load: 0.238
[OS:22595] TURBULENTO | Gap Cuántico: 0.2135 | Load: 0.224
[OS:22600] TURBULENTO | Gap Cuántico: 0.1881 | Load: 0.229
[OS:22605] TURBULENTO | Gap Cuántico: 0.2112 | Load: 0.228
[OS:22610] TURBULENTO | Gap Cuántico: 0.2087 | Load: 0.234
[OS:22615] TURBULENTO | Gap Cuántico: 0.1808 | Load: 0.234
[OS:22620] TURBULENTO | Gap Cuántico: 0.2099 | Load: 0.235
[OS:22625] TURBULENTO | Gap Cuántico: 0.1871 | Load: 0.235
[OS:22630] TURBULENTO | Gap Cuántico: 0.2020 | Load: 0.230
[OS:22635] TURBULENTO | Gap Cuántico: 0.2190 | Load: 0.235
[OS:22640] TURBULENTO | Gap Cuántico: 0.2137 | Load: 0.227
[OS:22645] TURBULENTO | Gap Cuántico: 0.1764 | Load: 0.222
[OS:22650] TURBULENTO | Gap Cuántico: 0.2024 | Load: 0.222
[OS:22655] TURBULENTO | Gap Cuántico: 0.2166 | Load: 0.223
[OS:22660] TURBULENTO | Gap Cuántico: 0.2087 | Load: 0.234
[OS:22665] TURBULENTO | Gap Cuántico: 0.1760 | Load: 0.228
[OS:22670] TURBULENTO | Gap Cuántico: 0.1889 | Load: 0.231
[OS:22675] TURBULENTO | Gap Cuántico: 0.1758 | Load: 0.233
[OS:22680] TURBULENTO | Gap Cuántico: 0.2370 | Load: 0.235
[OS:22685] TURBULENTO | Gap Cuántico: 0.1835 | Load: 0.234
[OS:22690] TURBULENTO | Gap Cuántico: 0.1748 | Load: 0.226
[OS:22695] TURBULENTO | Gap Cuántico: 0.1891 | Load: 0.237
[OS:22700] TURBULENTO | Gap Cuántico: 0.1869 | Load: 0.238
[OS:22705] TURBULENTO | Gap Cuántico: 0.2104 | Load: 0.240
[OS:22710] TURBULENTO | Gap Cuántico: 0.2309 | Load: 0.230
[OS:22715] TURBULENTO | Gap Cuántico: 0.2116 | Load: 0.235
[OS:22720] TURBULENTO | Gap Cuántico: 0.1934 | Load: 0.224
[OS:22725] TURBULENTO | Gap Cuántico: 0.2042 | Load: 0.227
[OS:22730] TURBULENTO | Gap Cuántico: 0.1863 | Load: 0.226
[OS:22735] TURBULENTO | Gap Cuántico: 0.2169 | Load: 0.232
[OS:22740] TURBULENTO | Gap Cuántico: 0.2120 | Load: 0.228
[OS:22745] TURBULENTO | Gap Cuántico: 0.2377 | Load: 0.228
[OS:22750] TURBULENTO | Gap Cuántico: 0.2166 | Load: 0.232
[OS:22755] TURBULENTO | Gap Cuántico: 0.1944 | Load: 0.230
[OS:22760] TURBULENTO | Gap Cuántico: 0.2400 | Load: 0.232
[OS:22765] TURBULENTO | Gap Cuántico: 0.2424 | Load: 0.235
[OS:22770] TURBULENTO | Gap Cuántico: 0.2403 | Load: 0.234
[OS:22775] TURBULENTO | Gap Cuántico: 0.1835 | Load: 0.236
[OS:22780] TURBULENTO | Gap Cuántico: 0.1887 | Load: 0.226
[OS:22785] TURBULENTO | Gap Cuántico: 0.2406 | Load: 0.235
[OS:22790] TURBULENTO | Gap Cuántico: 0.1878 | Load: 0.233
[OS:22795] TURBULENTO | Gap Cuántico: 0.2233 | Load: 0.232
[OS:22800] TURBULENTO | Gap Cuántico: 0.1926 | Load: 0.235
[OS:22805] TURBULENTO | Gap Cuántico: 0.1763 | Load: 0.231
[OS:22810] TURBULENTO | Gap Cuántico: 0.1819 | Load: 0.229
[OS:22815] TURBULENTO | Gap Cuántico: 0.2420 | Load: 0.233
[OS:22820] TURBULENTO | Gap Cuántico: 0.2172 | Load: 0.234
[OS:22825] TURBULENTO | Gap Cuántico: 0.2152 | Load: 0.232
[OS:22830] TURBULENTO | Gap Cuántico: 0.1869 | Load: 0.223
[OS:22835] TURBULENTO | Gap Cuántico: 0.2301 | Load: 0.229
[OS:22840] TURBULENTO | Gap Cuántico: 0.2166 | Load: 0.225
[OS:22845] TURBULENTO | Gap Cuántico: 0.1878 | Load: 0.226
[OS:22850] TURBULENTO | Gap Cuántico: 0.2377 | Load: 0.237
[OS:22855] TURBULENTO | Gap Cuántico: 0.2134 | Load: 0.229
[OS:22860] TURBULENTO | Gap Cuántico: 0.1862 | Load: 0.235
[OS:22865] TURBULENTO | Gap Cuántico: 0.1935 | Load: 0.220
[OS:22870] TURBULENTO | Gap Cuántico: 0.1962 | Load: 0.231
[OS:22875] TURBULENTO | Gap Cuántico: 0.2179 | Load: 0.222
[OS:22880] TURBULENTO | Gap Cuántico: 0.2161 | Load: 0.221
[OS:22885] TURBULENTO | Gap Cuántico: 0.2413 | Load: 0.236
[OS:22890] TURBULENTO | Gap Cuántico: 0.1708 | Load: 0.227
[OS:22895] TURBULENTO | Gap Cuántico: 0.2137 | Load: 0.237
[OS:22900] TURBULENTO | Gap Cuántico: 0.2167 | Load: 0.228
[OS:22905] TURBULENTO | Gap Cuántico: 0.1889 | Load: 0.221
[OS:22910] TURBULENTO | Gap Cuántico: 0.1940 | Load: 0.225
[OS:22915] TURBULENTO | Gap Cuántico: 0.2018 | Load: 0.230
[OS:22920] TURBULENTO | Gap Cuántico: 0.1773 | Load: 0.231
[OS:22925] TURBULENTO | Gap Cuántico: 0.2419 | Load: 0.234
[OS:22930] TURBULENTO | Gap Cuántico: 0.1961 | Load: 0.230
[OS:22935] TURBULENTO | Gap Cuántico: 0.1948 | Load: 0.240
[OS:22940] TURBULENTO | Gap Cuántico: 0.1942 | Load: 0.230
[OS:22945] TURBULENTO | Gap Cuántico: 0.2254 | Load: 0.230
[OS:22950] TURBULENTO | Gap Cuántico: 0.2048 | Load: 0.230
[OS:22955] TURBULENTO | Gap Cuántico: 0.2389 | Load: 0.232
[OS:22960] TURBULENTO | Gap Cuántico: 0.1809 | Load: 0.222
[OS:22965] TURBULENTO | Gap Cuántico: 0.1790 | Load: 0.228
[OS:22970] TURBULENTO | Gap Cuántico: 0.1763 | Load: 0.219
[OS:22975] TURBULENTO | Gap Cuántico: 0.2322 | Load: 0.233
[OS:22980] TURBULENTO | Gap Cuántico: 0.2147 | Load: 0.235
[OS:22985] TURBULENTO | Gap Cuántico: 0.2090 | Load: 0.235
[OS:22990] TURBULENTO | Gap Cuántico: 0.1887 | Load: 0.234
[OS:22995] TURBULENTO | Gap Cuántico: 0.1860 | Load: 0.223
[OS:23000] TURBULENTO | Gap Cuántico: 0.1863 | Load: 0.228
[OS:23005] TURBULENTO | Gap Cuántico: 0.1942 | Load: 0.228
[OS:23010] TURBULENTO | Gap Cuántico: 0.1887 | Load: 0.231
[OS:23015] TURBULENTO | Gap Cuántico: 0.1962 | Load: 0.226
[OS:23020] TURBULENTO | Gap Cuántico: 0.1873 | Load: 0.227
[OS:23025] TURBULENTO | Gap Cuántico: 0.2080 | Load: 0.230
[OS:23030] TURBULENTO | Gap Cuántico: 0.1796 | Load: 0.226
[OS:23035] TURBULENTO | Gap Cuántico: 0.1752 | Load: 0.235
[OS:23040] TURBULENTO | Gap Cuántico: 0.1904 | Load: 0.238
[OS:23045] TURBULENTO | Gap Cuántico: 0.2170 | Load: 0.232
[OS:23050] TURBULENTO | Gap Cuántico: 0.2165 | Load: 0.240
[OS:23055] TURBULENTO | Gap Cuántico: 0.2418 | Load: 0.236
[OS:23060] TURBULENTO | Gap Cuántico: 0.2112 | Load: 0.239
[OS:23065] TURBULENTO | Gap Cuántico: 0.2231 | Load: 0.235
[OS:23070] TURBULENTO | Gap Cuántico: 0.1876 | Load: 0.233
[OS:23075] TURBULENTO | Gap Cuántico: 0.2293 | Load: 0.239
[OS:23080] TURBULENTO | Gap Cuántico: 0.2163 | Load: 0.239
[OS:23085] TURBULENTO | Gap Cuántico: 0.1766 | Load: 0.228
[OS:23090] TURBULENTO | Gap Cuántico: 0.2158 | Load: 0.231
[OS:23095] TURBULENTO | Gap Cuántico: 0.1926 | Load: 0.224
[OS:23100] TURBULENTO | Gap Cuántico: 0.1892 | Load: 0.228
[OS:23105] TURBULENTO | Gap Cuántico: 0.1758 | Load: 0.229
[OS:23110] TURBULENTO | Gap Cuántico: 0.1887 | Load: 0.226
[OS:23115] TURBULENTO | Gap Cuántico: 0.2399 | Load: 0.236
[OS:23120] TURBULENTO | Gap Cuántico: 0.2062 | Load: 0.226
[OS:23125] TURBULENTO | Gap Cuántico: 0.2418 | Load: 0.228
[OS:23130] TURBULENTO | Gap Cuántico: 0.2231 | Load: 0.235
[OS:23135] TURBULENTO | Gap Cuántico: 0.1878 | Load: 0.234
[OS:23140] TURBULENTO | Gap Cuántico: 0.2420 | Load: 0.237
[OS:23145] TURBULENTO | Gap Cuántico: 0.1767 | Load: 0.231
[OS:23150] TURBULENTO | Gap Cuántico: 0.2322 | Load: 0.229
[OS:23155] TURBULENTO | Gap Cuántico: 0.1892 | Load: 0.235
[OS:23160] TURBULENTO | Gap Cuántico: 0.2162 | Load: 0.230
[OS:23165] TURBULENTO | Gap Cuántico: 0.1892 | Load: 0.230
[OS:23170] TURBULENTO | Gap Cuántico: 0.2143 | Load: 0.227
[OS:23175] TURBULENTO | Gap Cuántico: 0.2208 | Load: 0.225
[OS:23180] TURBULENTO | Gap Cuántico: 0.2361 | Load: 0.227
[OS:23185] TURBULENTO | Gap Cuántico: 0.1881 | Load: 0.223
[OS:23190] TURBULENTO | Gap Cuántico: 0.1893 | Load: 0.230
[OS:23195] TURBULENTO | Gap Cuántico: 0.2284 | Load: 0.232
[OS:23200] TURBULENTO | Gap Cuántico: 0.2130 | Load: 0.224
[OS:23205] TURBULENTO | Gap Cuántico: 0.1768 | Load: 0.224
[OS:23210] TURBULENTO | Gap Cuántico: 0.2112 | Load: 0.229
[OS:23215] TURBULENTO | Gap Cuántico: 0.1801 | Load: 0.229
[OS:23220] TURBULENTO | Gap Cuántico: 0.2171 | Load: 0.222
[OS:23225] TURBULENTO | Gap Cuántico: 0.1894 | Load: 0.225
[OS:23230] TURBULENTO | Gap Cuántico: 0.2419 | Load: 0.225
[OS:23235] TURBULENTO | Gap Cuántico: 0.1888 | Load: 0.233
[OS:23240] TURBULENTO | Gap Cuántico: 0.1958 | Load: 0.223
[OS:23245] TURBULENTO | Gap Cuántico: 0.1894 | Load: 0.234
[OS:23250] TURBULENTO | Gap Cuántico: 0.1761 | Load: 0.235
[OS:23255] TURBULENTO | Gap Cuántico: 0.2239 | Load: 0.234
[OS:23260] TURBULENTO | Gap Cuántico: 0.2276 | Load: 0.237
[OS:23265] TURBULENTO | Gap Cuántico: 0.2396 | Load: 0.226
[OS:23270] TURBULENTO | Gap Cuántico: 0.2124 | Load: 0.234
[OS:23275] TURBULENTO | Gap Cuántico: 0.1960 | Load: 0.237
[OS:23280] TURBULENTO | Gap Cuántico: 0.1877 | Load: 0.229
[OS:23285] TURBULENTO | Gap Cuántico: 0.2009 | Load: 0.229
[OS:23290] TURBULENTO | Gap Cuántico: 0.2052 | Load: 0.231
[OS:23295] TURBULENTO | Gap Cuántico: 0.1942 | Load: 0.229
[OS:23300] TURBULENTO | Gap Cuántico: 0.2151 | Load: 0.232
[OS:23305] TURBULENTO | Gap Cuántico: 0.2138 | Load: 0.227
[OS:23310] TURBULENTO | Gap Cuántico: 0.2383 | Load: 0.233
[OS:23315] TURBULENTO | Gap Cuántico: 0.2187 | Load: 0.228
[OS:23320] TURBULENTO | Gap Cuántico: 0.1914 | Load: 0.230
[OS:23325] TURBULENTO | Gap Cuántico: 0.1905 | Load: 0.231
[OS:23330] TURBULENTO | Gap Cuántico: 0.2089 | Load: 0.236
[OS:23335] TURBULENTO | Gap Cuántico: 0.2355 | Load: 0.237
[OS:23340] TURBULENTO | Gap Cuántico: 0.1877 | Load: 0.230
[OS:23345] TURBULENTO | Gap Cuántico: 0.1762 | Load: 0.227
[OS:23350] TURBULENTO | Gap Cuántico: 0.1823 | Load: 0.231
[OS:23355] TURBULENTO | Gap Cuántico: 0.1813 | Load: 0.227
[OS:23360] TURBULENTO | Gap Cuántico: 0.2130 | Load: 0.233
[OS:23365] TURBULENTO | Gap Cuántico: 0.2116 | Load: 0.232
[OS:23370] TURBULENTO | Gap Cuántico: 0.1756 | Load: 0.238
[OS:23375] TURBULENTO | Gap Cuántico: 0.2112 | Load: 0.234
[OS:23380] TURBULENTO | Gap Cuántico: 0.2108 | Load: 0.235
[OS:23385] TURBULENTO | Gap Cuántico: 0.1781 | Load: 0.229
[OS:23390] TURBULENTO | Gap Cuántico: 0.2090 | Load: 0.228
[OS:23395] TURBULENTO | Gap Cuántico: 0.1829 | Load: 0.225
[OS:23400] TURBULENTO | Gap Cuántico: 0.2169 | Load: 0.213
[OS:23405] TURBULENTO | Gap Cuántico: 0.1753 | Load: 0.223
[OS:23410] TURBULENTO | Gap Cuántico: 0.1931 | Load: 0.236
[OS:23415] TURBULENTO | Gap Cuántico: 0.2190 | Load: 0.227
[OS:23420] TURBULENTO | Gap Cuántico: 0.1935 | Load: 0.232
[OS:23425] TURBULENTO | Gap Cuántico: 0.2290 | Load: 0.237
[OS:23430] TURBULENTO | Gap Cuántico: 0.2171 | Load: 0.234
[OS:23435] TURBULENTO | Gap Cuántico: 0.1862 | Load: 0.225
[OS:23440] TURBULENTO | Gap Cuántico: 0.2042 | Load: 0.227
[OS:23445] TURBULENTO | Gap Cuántico: 0.2422 | Load: 0.226
[OS:23450] TURBULENTO | Gap Cuántico: 0.2389 | Load: 0.227
[OS:23455] TURBULENTO | Gap Cuántico: 0.1763 | Load: 0.228
[OS:23460] TURBULENTO | Gap Cuántico: 0.1951 | Load: 0.232
[OS:23465] TURBULENTO | Gap Cuántico: 0.1987 | Load: 0.230
[OS:23470] TURBULENTO | Gap Cuántico: 0.2112 | Load: 0.230
[OS:23475] TURBULENTO | Gap Cuántico: 0.2097 | Load: 0.230
[OS:23480] TURBULENTO | Gap Cuántico: 0.1894 | Load: 0.227
[OS:23485] TURBULENTO | Gap Cuántico: 0.2328 | Load: 0.227
[OS:23490] TURBULENTO | Gap Cuántico: 0.1894 | Load: 0.230
[OS:23495] TURBULENTO | Gap Cuántico: 0.1749 | Load: 0.223
[OS:23500] TURBULENTO | Gap Cuántico: 0.2124 | Load: 0.229
[OS:23505] TURBULENTO | Gap Cuántico: 0.1761 | Load: 0.221
[OS:23510] TURBULENTO | Gap Cuántico: 0.2422 | Load: 0.228
[OS:23515] TURBULENTO | Gap Cuántico: 0.2080 | Load: 0.228
[OS:23520] TURBULENTO | Gap Cuántico: 0.1838 | Load: 0.231
[OS:23525] TURBULENTO | Gap Cuántico: 0.1927 | Load: 0.235
[OS:23530] TURBULENTO | Gap Cuántico: 0.1779 | Load: 0.229
[OS:23535] TURBULENTO | Gap Cuántico: 0.2231 | Load: 0.232
[OS:23540] TURBULENTO | Gap Cuántico: 0.2254 | Load: 0.235
[OS:23545] TURBULENTO | Gap Cuántico: 0.2397 | Load: 0.230
[OS:23550] TURBULENTO | Gap Cuántico: 0.1845 | Load: 0.232
[OS:23555] TURBULENTO | Gap Cuántico: 0.2244 | Load: 0.235
[OS:23560] TURBULENTO | Gap Cuántico: 0.2416 | Load: 0.233
[OS:23565] TURBULENTO | Gap Cuántico: 0.1892 | Load: 0.221
[OS:23570] TURBULENTO | Gap Cuántico: 0.1761 | Load: 0.230
[OS:23575] TURBULENTO | Gap Cuántico: 0.1946 | Load: 0.234
[OS:23580] TURBULENTO | Gap Cuántico: 0.1716 | Load: 0.233
[OS:23585] TURBULENTO | Gap Cuántico: 0.1853 | Load: 0.227
[OS:23590] TURBULENTO | Gap Cuántico: 0.2172 | Load: 0.226
[OS:23595] TURBULENTO | Gap Cuántico: 0.1742 | Load: 0.227
[OS:23600] TURBULENTO | Gap Cuántico: 0.1931 | Load: 0.226
[OS:23605] TURBULENTO | Gap Cuántico: 0.2130 | Load: 0.228
[OS:23610] TURBULENTO | Gap Cuántico: 0.1872 | Load: 0.219
[OS:23615] TURBULENTO | Gap Cuántico: 0.2134 | Load: 0.227
[OS:23620] TURBULENTO | Gap Cuántico: 0.1935 | Load: 0.235
[OS:23625] TURBULENTO | Gap Cuántico: 0.2359 | Load: 0.230
[OS:23630] TURBULENTO | Gap Cuántico: 0.1818 | Load: 0.229
[OS:23635] TURBULENTO | Gap Cuántico: 0.1935 | Load: 0.226
[OS:23640] TURBULENTO | Gap Cuántico: 0.2172 | Load: 0.234
[OS:23645] TURBULENTO | Gap Cuántico: 0.2095 | Load: 0.231
[OS:23650] TURBULENTO | Gap Cuántico: 0.2269 | Load: 0.231
[OS:23655] TURBULENTO | Gap Cuántico: 0.1854 | Load: 0.229
[OS:23660] TURBULENTO | Gap Cuántico: 0.2031 | Load: 0.227
[OS:23665] TURBULENTO | Gap Cuántico: 0.2156 | Load: 0.228
[OS:23670] TURBULENTO | Gap Cuántico: 0.1753 | Load: 0.227
[OS:23675] TURBULENTO | Gap Cuántico: 0.2042 | Load: 0.230
[OS:23680] TURBULENTO | Gap Cuántico: 0.1863 | Load: 0.227
[OS:23685] TURBULENTO | Gap Cuántico: 0.2408 | Load: 0.233
[OS:23690] TURBULENTO | Gap Cuántico: 0.2112 | Load: 0.227
[OS:23695] TURBULENTO | Gap Cuántico: 0.2137 | Load: 0.233
[OS:23700] TURBULENTO | Gap Cuántico: 0.1872 | Load: 0.231
[OS:23705] TURBULENTO | Gap Cuántico: 0.2404 | Load: 0.230
[OS:23710] TURBULENTO | Gap Cuántico: 0.1813 | Load: 0.235
[OS:23715] TURBULENTO | Gap Cuántico: 0.1956 | Load: 0.227
[OS:23720] TURBULENTO | Gap Cuántico: 0.2303 | Load: 0.224
[OS:23725] TURBULENTO | Gap Cuántico: 0.1971 | Load: 0.224
[OS:23730] TURBULENTO | Gap Cuántico: 0.1894 | Load: 0.228
[OS:23735] TURBULENTO | Gap Cuántico: 0.1750 | Load: 0.232
[OS:23740] TURBULENTO | Gap Cuántico: 0.2090 | Load: 0.231
[OS:23745] TURBULENTO | Gap Cuántico: 0.1878 | Load: 0.224
[OS:23750] TURBULENTO | Gap Cuántico: 0.1832 | Load: 0.222
[OS:23755] TURBULENTO | Gap Cuántico: 0.2419 | Load: 0.222
[OS:23760] TURBULENTO | Gap Cuántico: 0.2087 | Load: 0.228
[OS:23765] TURBULENTO | Gap Cuántico: 0.2420 | Load: 0.229
[OS:23770] TURBULENTO | Gap Cuántico: 0.2287 | Load: 0.227
[OS:23775] TURBULENTO | Gap Cuántico: 0.1745 | Load: 0.228
[OS:23780] TURBULENTO | Gap Cuántico: 0.1866 | Load: 0.226
[OS:23785] TURBULENTO | Gap Cuántico: 0.1961 | Load: 0.226
[OS:23790] TURBULENTO | Gap Cuántico: 0.2163 | Load: 0.226
[OS:23795] TURBULENTO | Gap Cuántico: 0.2414 | Load: 0.232
[OS:23800] TURBULENTO | Gap Cuántico: 0.1837 | Load: 0.227
[OS:23805] TURBULENTO | Gap Cuántico: 0.1911 | Load: 0.227
[OS:23810] TURBULENTO | Gap Cuántico: 0.1958 | Load: 0.228
[OS:23815] TURBULENTO | Gap Cuántico: 0.1797 | Load: 0.233
[OS:23820] TURBULENTO | Gap Cuántico: 0.1866 | Load: 0.235
[OS:23825] TURBULENTO | Gap Cuántico: 0.2407 | Load: 0.225
[OS:23830] TURBULENTO | Gap Cuántico: 0.2165 | Load: 0.224
[OS:23835] TURBULENTO | Gap Cuántico: 0.2024 | Load: 0.236
[OS:23840] TURBULENTO | Gap Cuántico: 0.1753 | Load: 0.224
[OS:23845] TURBULENTO | Gap Cuántico: 0.1823 | Load: 0.225
[OS:23850] TURBULENTO | Gap Cuántico: 0.2399 | Load: 0.237
[OS:23855] TURBULENTO | Gap Cuántico: 0.1881 | Load: 0.234
[OS:23860] TURBULENTO | Gap Cuántico: 0.1860 | Load: 0.229
[OS:23865] TURBULENTO | Gap Cuántico: 0.2140 | Load: 0.230
[OS:23870] TURBULENTO | Gap Cuántico: 0.1958 | Load: 0.233
[OS:23875] TURBULENTO | Gap Cuántico: 0.1739 | Load: 0.231
[OS:23880] TURBULENTO | Gap Cuántico: 0.1866 | Load: 0.227
[OS:23885] TURBULENTO | Gap Cuántico: 0.2404 | Load: 0.234
[OS:23890] TURBULENTO | Gap Cuántico: 0.1842 | Load: 0.220
[OS:23895] TURBULENTO | Gap Cuántico: 0.1887 | Load: 0.233
[OS:23900] TURBULENTO | Gap Cuántico: 0.2163 | Load: 0.226
[OS:23905] TURBULENTO | Gap Cuántico: 0.1760 | Load: 0.237
[OS:23910] TURBULENTO | Gap Cuántico: 0.2179 | Load: 0.234
[OS:23915] TURBULENTO | Gap Cuántico: 0.2233 | Load: 0.227
[OS:23920] TURBULENTO | Gap Cuántico: 0.2390 | Load: 0.230
[OS:23925] TURBULENTO | Gap Cuántico: 0.1896 | Load: 0.233
[OS:23930] TURBULENTO | Gap Cuántico: 0.1881 | Load: 0.229
[OS:23935] TURBULENTO | Gap Cuántico: 0.1931 | Load: 0.233
[OS:23940] TURBULENTO | Gap Cuántico: 0.2144 | Load: 0.224
[OS:23945] TURBULENTO | Gap Cuántico: 0.1837 | Load: 0.227
[OS:23950] TURBULENTO | Gap Cuántico: 0.2284 | Load: 0.235
[OS:23955] TURBULENTO | Gap Cuántico: 0.1872 | Load: 0.230
[OS:23960] TURBULENTO | Gap Cuántico: 0.1764 | Load: 0.237
[OS:23965] TURBULENTO | Gap Cuántico: 0.1857 | Load: 0.224
[OS:23970] TURBULENTO | Gap Cuántico: 0.1729 | Load: 0.225
[OS:23975] TURBULENTO | Gap Cuántico: 0.1864 | Load: 0.229
[OS:23980] TURBULENTO | Gap Cuántico: 0.1883 | Load: 0.235
[OS:23985] TURBULENTO | Gap Cuántico: 0.2340 | Load: 0.237
[OS:23990] TURBULENTO | Gap Cuántico: 0.1898 | Load: 0.239
[OS:23995] TURBULENTO | Gap Cuántico: 0.1779 | Load: 0.231
[OS:24000] TURBULENTO | Gap Cuántico: 0.1894 | Load: 0.232
[OS:24005] TURBULENTO | Gap Cuántico: 0.1857 | Load: 0.226
[OS:24010] TURBULENTO | Gap Cuántico: 0.2374 | Load: 0.226
[OS:24015] TURBULENTO | Gap Cuántico: 0.1842 | Load: 0.234
[OS:24020] TURBULENTO | Gap Cuántico: 0.2042 | Load: 0.219
[OS:24025] TURBULENTO | Gap Cuántico: 0.2418 | Load: 0.225
[OS:24030] TURBULENTO | Gap Cuántico: 0.2163 | Load: 0.228
[OS:24035] TURBULENTO | Gap Cuántico: 0.2116 | Load: 0.237
[OS:24040] TURBULENTO | Gap Cuántico: 0.1887 | Load: 0.237
[OS:24045] TURBULENTO | Gap Cuántico: 0.2141 | Load: 0.235
[OS:24050] TURBULENTO | Gap Cuántico: 0.1962 | Load: 0.227
[OS:24055] TURBULENTO | Gap Cuántico: 0.1922 | Load: 0.228
[OS:24060] TURBULENTO | Gap Cuántico: 0.1952 | Load: 0.229
[OS:24065] TURBULENTO | Gap Cuántico: 0.1961 | Load: 0.221
[OS:24070] TURBULENTO | Gap Cuántico: 0.2135 | Load: 0.232
[OS:24075] TURBULENTO | Gap Cuántico: 0.1887 | Load: 0.220
[OS:24080] TURBULENTO | Gap Cuántico: 0.1985 | Load: 0.233
[OS:24085] TURBULENTO | Gap Cuántico: 0.1743 | Load: 0.235
[OS:24090] TURBULENTO | Gap Cuántico: 0.1892 | Load: 0.230
[OS:24095] TURBULENTO | Gap Cuántico: 0.2162 | Load: 0.234
[OS:24100] TURBULENTO | Gap Cuántico: 0.1827 | Load: 0.233
[OS:24105] TURBULENTO | Gap Cuántico: 0.1816 | Load: 0.226
[OS:24110] TURBULENTO | Gap Cuántico: 0.1801 | Load: 0.228
[OS:24115] TURBULENTO | Gap Cuántico: 0.2145 | Load: 0.230
[OS:24120] TURBULENTO | Gap Cuántico: 0.1860 | Load: 0.229
[OS:24125] TURBULENTO | Gap Cuántico: 0.1913 | Load: 0.223
[OS:24130] TURBULENTO | Gap Cuántico: 0.2116 | Load: 0.227
[OS:24135] TURBULENTO | Gap Cuántico: 0.2128 | Load: 0.231
[OS:24140] TURBULENTO | Gap Cuántico: 0.2112 | Load: 0.223
[OS:24145] TURBULENTO | Gap Cuántico: 0.2172 | Load: 0.228
[OS:24150] TURBULENTO | Gap Cuántico: 0.2147 | Load: 0.234
[OS:24155] TURBULENTO | Gap Cuántico: 0.2276 | Load: 0.234
[OS:24160] TURBULENTO | Gap Cuántico: 0.1942 | Load: 0.231
[OS:24165] TURBULENTO | Gap Cuántico: 0.1749 | Load: 0.229
[OS:24170] TURBULENTO | Gap Cuántico: 0.2390 | Load: 0.224
[OS:24175] TURBULENTO | Gap Cuántico: 0.1764 | Load: 0.226
[OS:24180] TURBULENTO | Gap Cuántico: 0.2399 | Load: 0.231
[OS:24185] TURBULENTO | Gap Cuántico: 0.2187 | Load: 0.222
[OS:24190] TURBULENTO | Gap Cuántico: 0.1960 | Load: 0.224
[OS:24195] TURBULENTO | Gap Cuántico: 0.2295 | Load: 0.227
[OS:24200] TURBULENTO | Gap Cuántico: 0.2408 | Load: 0.227
[OS:24205] TURBULENTO | Gap Cuántico: 0.1892 | Load: 0.231
[OS:24210] TURBULENTO | Gap Cuántico: 0.1932 | Load: 0.229
[OS:24215] TURBULENTO | Gap Cuántico: 0.2207 | Load: 0.233
[OS:24220] TURBULENTO | Gap Cuántico: 0.2077 | Load: 0.239
[OS:24225] TURBULENTO | Gap Cuántico: 0.1828 | Load: 0.228
[OS:24230] TURBULENTO | Gap Cuántico: 0.1893 | Load: 0.233
[OS:24235] TURBULENTO | Gap Cuántico: 0.1731 | Load: 0.231
[OS:24240] TURBULENTO | Gap Cuántico: 0.2215 | Load: 0.229
[OS:24245] TURBULENTO | Gap Cuántico: 0.1893 | Load: 0.236
[OS:24250] TURBULENTO | Gap Cuántico: 0.1836 | Load: 0.239
[OS:24255] TURBULENTO | Gap Cuántico: 0.2415 | Load: 0.232
[OS:24260] TURBULENTO | Gap Cuántico: 0.2162 | Load: 0.228
[OS:24265] TURBULENTO | Gap Cuántico: 0.1961 | Load: 0.225
[OS:24270] TURBULENTO | Gap Cuántico: 0.2369 | Load: 0.230
[OS:24275] TURBULENTO | Gap Cuántico: 0.1869 | Load: 0.225
[OS:24280] TURBULENTO | Gap Cuántico: 0.1850 | Load: 0.222
[OS:24285] TURBULENTO | Gap Cuántico: 0.2158 | Load: 0.231
[OS:24290] TURBULENTO | Gap Cuántico: 0.2361 | Load: 0.231
[OS:24295] TURBULENTO | Gap Cuántico: 0.1927 | Load: 0.229
[OS:24300] TURBULENTO | Gap Cuántico: 0.2328 | Load: 0.230
[OS:24305] TURBULENTO | Gap Cuántico: 0.2244 | Load: 0.233
[OS:24310] TURBULENTO | Gap Cuántico: 0.2408 | Load: 0.232
[OS:24315] TURBULENTO | Gap Cuántico: 0.1939 | Load: 0.228
[OS:24320] TURBULENTO | Gap Cuántico: 0.2158 | Load: 0.235
[OS:24325] TURBULENTO | Gap Cuántico: 0.2099 | Load: 0.231
[OS:24330] TURBULENTO | Gap Cuántico: 0.1860 | Load: 0.219
[OS:24335] TURBULENTO | Gap Cuántico: 0.2166 | Load: 0.222
[OS:24340] TURBULENTO | Gap Cuántico: 0.1764 | Load: 0.226
[OS:24345] TURBULENTO | Gap Cuántico: 0.2145 | Load: 0.230
[OS:24350] TURBULENTO | Gap Cuántico: 0.1813 | Load: 0.223
[OS:24355] TURBULENTO | Gap Cuántico: 0.1860 | Load: 0.229
[OS:24360] TURBULENTO | Gap Cuántico: 0.2359 | Load: 0.229
[OS:24365] TURBULENTO | Gap Cuántico: 0.1951 | Load: 0.226
[OS:24370] TURBULENTO | Gap Cuántico: 0.1962 | Load: 0.225
[OS:24375] TURBULENTO | Gap Cuántico: 0.1876 | Load: 0.226
[OS:24380] TURBULENTO | Gap Cuántico: 0.2422 | Load: 0.229
[OS:24385] TURBULENTO | Gap Cuántico: 0.2155 | Load: 0.233
[OS:24390] TURBULENTO | Gap Cuántico: 0.1761 | Load: 0.233
[OS:24395] TURBULENTO | Gap Cuántico: 0.1953 | Load: 0.228
[OS:24400] TURBULENTO | Gap Cuántico: 0.2170 | Load: 0.229
[OS:24405] TURBULENTO | Gap Cuántico: 0.2421 | Load: 0.231
[OS:24410] TURBULENTO | Gap Cuántico: 0.1823 | Load: 0.230
[OS:24415] TURBULENTO | Gap Cuántico: 0.1842 | Load: 0.234
[OS:24420] TURBULENTO | Gap Cuántico: 0.2112 | Load: 0.223
[OS:24425] TURBULENTO | Gap Cuántico: 0.2169 | Load: 0.224
[OS:24430] TURBULENTO | Gap Cuántico: 0.1872 | Load: 0.225
[OS:24435] TURBULENTO | Gap Cuántico: 0.1887 | Load: 0.226
[OS:24440] TURBULENTO | Gap Cuántico: 0.1920 | Load: 0.229
[OS:24445] TURBULENTO | Gap Cuántico: 0.1992 | Load: 0.229
[OS:24450] TURBULENTO | Gap Cuántico: 0.1934 | Load: 0.224
[OS:24455] TURBULENTO | Gap Cuántico: 0.1879 | Load: 0.231
[OS:24460] TURBULENTO | Gap Cuántico: 0.1763 | Load: 0.225
[OS:24465] TURBULENTO | Gap Cuántico: 0.2065 | Load: 0.229
[OS:24470] TURBULENTO | Gap Cuántico: 0.2264 | Load: 0.228
[OS:24475] TURBULENTO | Gap Cuántico: 0.1846 | Load: 0.233
[OS:24480] TURBULENTO | Gap Cuántico: 0.2151 | Load: 0.242
[OS:24485] TURBULENTO | Gap Cuántico: 0.2085 | Load: 0.234
[OS:24490] TURBULENTO | Gap Cuántico: 0.2147 | Load: 0.237
[OS:24495] TURBULENTO | Gap Cuántico: 0.2293 | Load: 0.233
[OS:24500] TURBULENTO | Gap Cuántico: 0.2381 | Load: 0.235
[OS:24505] TURBULENTO | Gap Cuántico: 0.2112 | Load: 0.226
[OS:24510] TURBULENTO | Gap Cuántico: 0.1881 | Load: 0.223
[OS:24515] TURBULENTO | Gap Cuántico: 0.1900 | Load: 0.228
[OS:24520] TURBULENTO | Gap Cuántico: 0.1762 | Load: 0.231
[OS:24525] TURBULENTO | Gap Cuántico: 0.2154 | Load: 0.227
[OS:24530] TURBULENTO | Gap Cuántico: 0.2379 | Load: 0.239
[OS:24535] TURBULENTO | Gap Cuántico: 0.2422 | Load: 0.237
[OS:24540] TURBULENTO | Gap Cuántico: 0.2422 | Load: 0.227
[OS:24545] TURBULENTO | Gap Cuántico: 0.2172 | Load: 0.225
[OS:24550] TURBULENTO | Gap Cuántico: 0.2170 | Load: 0.233
[OS:24555] TURBULENTO | Gap Cuántico: 0.1816 | Load: 0.228
[OS:24560] TURBULENTO | Gap Cuántico: 0.1926 | Load: 0.226
[OS:24565] TURBULENTO | Gap Cuántico: 0.2356 | Load: 0.242
[OS:24570] TURBULENTO | Gap Cuántico: 0.2146 | Load: 0.229
[OS:24575] TURBULENTO | Gap Cuántico: 0.2328 | Load: 0.233
[OS:24580] TURBULENTO | Gap Cuántico: 0.2062 | Load: 0.228
[OS:24585] TURBULENTO | Gap Cuántico: 0.2365 | Load: 0.229
[OS:24590] TURBULENTO | Gap Cuántico: 0.2131 | Load: 0.234
[OS:24595] TURBULENTO | Gap Cuántico: 0.2161 | Load: 0.228
[OS:24600] TURBULENTO | Gap Cuántico: 0.1957 | Load: 0.226
[OS:24605] TURBULENTO | Gap Cuántico: 0.1875 | Load: 0.223
[OS:24610] TURBULENTO | Gap Cuántico: 0.2087 | Load: 0.238
[OS:24615] TURBULENTO | Gap Cuántico: 0.1797 | Load: 0.232
[OS:24620] TURBULENTO | Gap Cuántico: 0.2024 | Load: 0.234
[OS:24625] TURBULENTO | Gap Cuántico: 0.1992 | Load: 0.234
[OS:24630] TURBULENTO | Gap Cuántico: 0.1755 | Load: 0.231
[OS:24635] TURBULENTO | Gap Cuántico: 0.1956 | Load: 0.230
[OS:24640] TURBULENTO | Gap Cuántico: 0.2141 | Load: 0.229
[OS:24645] TURBULENTO | Gap Cuántico: 0.1920 | Load: 0.232
[OS:24650] TURBULENTO | Gap Cuántico: 0.1878 | Load: 0.233
[OS:24655] TURBULENTO | Gap Cuántico: 0.1902 | Load: 0.225
[OS:24660] TURBULENTO | Gap Cuántico: 0.2152 | Load: 0.223
[OS:24665] TURBULENTO | Gap Cuántico: 0.2009 | Load: 0.227
[OS:24670] TURBULENTO | Gap Cuántico: 0.1735 | Load: 0.226
[OS:24675] TURBULENTO | Gap Cuántico: 0.2165 | Load: 0.224
[OS:24680] TURBULENTO | Gap Cuántico: 0.1960 | Load: 0.232
[OS:24685] TURBULENTO | Gap Cuántico: 0.2402 | Load: 0.229
[OS:24690] TURBULENTO | Gap Cuántico: 0.1913 | Load: 0.226
[OS:24695] TURBULENTO | Gap Cuántico: 0.2112 | Load: 0.228
[OS:24700] TURBULENTO | Gap Cuántico: 0.2138 | Load: 0.231
[OS:24705] TURBULENTO | Gap Cuántico: 0.1999 | Load: 0.230
[OS:24710] TURBULENTO | Gap Cuántico: 0.2276 | Load: 0.231
[OS:24715] TURBULENTO | Gap Cuántico: 0.2170 | Load: 0.225
[OS:24720] TURBULENTO | Gap Cuántico: 0.1883 | Load: 0.227
[OS:24725] TURBULENTO | Gap Cuántico: 0.1894 | Load: 0.229
[OS:24730] TURBULENTO | Gap Cuántico: 0.1768 | Load: 0.226
[OS:24735] TURBULENTO | Gap Cuántico: 0.1940 | Load: 0.232
[OS:24740] TURBULENTO | Gap Cuántico: 0.2403 | Load: 0.234
[OS:24745] TURBULENTO | Gap Cuántico: 0.1788 | Load: 0.227
[OS:24750] TURBULENTO | Gap Cuántico: 0.1914 | Load: 0.221
[OS:24755] TURBULENTO | Gap Cuántico: 0.2299 | Load: 0.227
[OS:24760] TURBULENTO | Gap Cuántico: 0.1872 | Load: 0.229
[OS:24765] TURBULENTO | Gap Cuántico: 0.2396 | Load: 0.229
[OS:24770] TURBULENTO | Gap Cuántico: 0.1934 | Load: 0.231
[OS:24775] TURBULENTO | Gap Cuántico: 0.1764 | Load: 0.228
[OS:24780] TURBULENTO | Gap Cuántico: 0.2423 | Load: 0.242
[OS:24785] TURBULENTO | Gap Cuántico: 0.2283 | Load: 0.234
[OS:24790] TURBULENTO | Gap Cuántico: 0.1767 | Load: 0.226
[OS:24795] TURBULENTO | Gap Cuántico: 0.2168 | Load: 0.235
[OS:24800] TURBULENTO | Gap Cuántico: 0.2423 | Load: 0.229
[OS:24805] TURBULENTO | Gap Cuántico: 0.1763 | Load: 0.222
[OS:24810] TURBULENTO | Gap Cuántico: 0.1806 | Load: 0.231
[OS:24815] TURBULENTO | Gap Cuántico: 0.2349 | Load: 0.230
[OS:24820] TURBULENTO | Gap Cuántico: 0.1934 | Load: 0.227
[OS:24825] TURBULENTO | Gap Cuántico: 0.1892 | Load: 0.232
[OS:24830] TURBULENTO | Gap Cuántico: 0.1722 | Load: 0.227
[OS:24835] TURBULENTO | Gap Cuántico: 0.1837 | Load: 0.233
[OS:24840] TURBULENTO | Gap Cuántico: 0.1958 | Load: 0.234
[OS:24845] TURBULENTO | Gap Cuántico: 0.1915 | Load: 0.229
[OS:24850] TURBULENTO | Gap Cuántico: 0.2255 | Load: 0.224
[OS:24855] TURBULENTO | Gap Cuántico: 0.1893 | Load: 0.226
[OS:24860] TURBULENTO | Gap Cuántico: 0.1877 | Load: 0.238
[OS:24865] TURBULENTO | Gap Cuántico: 0.2420 | Load: 0.235
[OS:24870] TURBULENTO | Gap Cuántico: 0.1862 | Load: 0.236
[OS:24875] TURBULENTO | Gap Cuántico: 0.2172 | Load: 0.233
[OS:24880] TURBULENTO | Gap Cuántico: 0.2422 | Load: 0.226
[OS:24885] TURBULENTO | Gap Cuántico: 0.2171 | Load: 0.232
[OS:24890] TURBULENTO | Gap Cuántico: 0.1708 | Load: 0.225
[OS:24895] TURBULENTO | Gap Cuántico: 0.1952 | Load: 0.232
[OS:24900] TURBULENTO | Gap Cuántico: 0.1904 | Load: 0.242
[OS:24905] TURBULENTO | Gap Cuántico: 0.1832 | Load: 0.239
[OS:24910] TURBULENTO | Gap Cuántico: 0.2169 | Load: 0.226
[OS:24915] TURBULENTO | Gap Cuántico: 0.1928 | Load: 0.228
[OS:24920] TURBULENTO | Gap Cuántico: 0.1888 | Load: 0.228
[OS:24925] TURBULENTO | Gap Cuántico: 0.1900 | Load: 0.232
[OS:24930] TURBULENTO | Gap Cuántico: 0.1941 | Load: 0.232
[OS:24935] TURBULENTO | Gap Cuántico: 0.1763 | Load: 0.233
[OS:24940] TURBULENTO | Gap Cuántico: 0.1739 | Load: 0.231
[OS:24945] TURBULENTO | Gap Cuántico: 0.2201 | Load: 0.232
[OS:24950] TURBULENTO | Gap Cuántico: 0.2420 | Load: 0.232
[OS:24955] TURBULENTO | Gap Cuántico: 0.1892 | Load: 0.230
[OS:24960] TURBULENTO | Gap Cuántico: 0.1911 | Load: 0.224
[OS:24965] TURBULENTO | Gap Cuántico: 0.1762 | Load: 0.227
[OS:24970] TURBULENTO | Gap Cuántico: 0.1811 | Load: 0.227
[OS:24975] TURBULENTO | Gap Cuántico: 0.2103 | Load: 0.229
[OS:24980] TURBULENTO | Gap Cuántico: 0.2159 | Load: 0.227
[OS:24985] TURBULENTO | Gap Cuántico: 0.1960 | Load: 0.225
[OS:24990] TURBULENTO | Gap Cuántico: 0.1774 | Load: 0.231
[OS:24995] TURBULENTO | Gap Cuántico: 0.1958 | Load: 0.225
[OS:25000] TURBULENTO | Gap Cuántico: 0.2159 | Load: 0.228
[OS:25005] TURBULENTO | Gap Cuántico: 0.2145 | Load: 0.232
[OS:25010] TURBULENTO | Gap Cuántico: 0.1905 | Load: 0.232
[OS:25015] TURBULENTO | Gap Cuántico: 0.1818 | Load: 0.233
[OS:25020] TURBULENTO | Gap Cuántico: 0.1823 | Load: 0.229
[OS:25025] TURBULENTO | Gap Cuántico: 0.1866 | Load: 0.216
[OS:25030] TURBULENTO | Gap Cuántico: 0.1959 | Load: 0.228
[OS:25035] TURBULENTO | Gap Cuántico: 0.1898 | Load: 0.228
[OS:25040] TURBULENTO | Gap Cuántico: 0.2084 | Load: 0.232
[OS:25045] TURBULENTO | Gap Cuántico: 0.1911 | Load: 0.223
[OS:25050] TURBULENTO | Gap Cuántico: 0.2328 | Load: 0.231
[OS:25055] TURBULENTO | Gap Cuántico: 0.1850 | Load: 0.230
[OS:25060] TURBULENTO | Gap Cuántico: 0.1763 | Load: 0.229
[OS:25065] TURBULENTO | Gap Cuántico: 0.2284 | Load: 0.230
[OS:25070] TURBULENTO | Gap Cuántico: 0.2250 | Load: 0.239
[OS:25075] TURBULENTO | Gap Cuántico: 0.2152 | Load: 0.238
[OS:25080] TURBULENTO | Gap Cuántico: 0.1801 | Load: 0.227
[OS:25085] TURBULENTO | Gap Cuántico: 0.2414 | Load: 0.230
[OS:25090] TURBULENTO | Gap Cuántico: 0.2009 | Load: 0.228
[OS:25095] TURBULENTO | Gap Cuántico: 0.1889 | Load: 0.235
[OS:25100] TURBULENTO | Gap Cuántico: 0.2112 | Load: 0.240
[OS:25105] TURBULENTO | Gap Cuántico: 0.1905 | Load: 0.240
[OS:25110] TURBULENTO | Gap Cuántico: 0.2397 | Load: 0.237
[OS:25115] TURBULENTO | Gap Cuántico: 0.2099 | Load: 0.233
[OS:25120] TURBULENTO | Gap Cuántico: 0.1785 | Load: 0.223
[OS:25125] TURBULENTO | Gap Cuántico: 0.2162 | Load: 0.232
[OS:25130] TURBULENTO | Gap Cuántico: 0.1951 | Load: 0.229
[OS:25135] TURBULENTO | Gap Cuántico: 0.1950 | Load: 0.231
[OS:25140] TURBULENTO | Gap Cuántico: 0.1894 | Load: 0.234
[OS:25145] TURBULENTO | Gap Cuántico: 0.2416 | Load: 0.230
[OS:25150] TURBULENTO | Gap Cuántico: 0.1883 | Load: 0.232
[OS:25155] TURBULENTO | Gap Cuántico: 0.2415 | Load: 0.240
[OS:25160] TURBULENTO | Gap Cuántico: 0.1925 | Load: 0.231
[OS:25165] TURBULENTO | Gap Cuántico: 0.2280 | Load: 0.226
[OS:25170] TURBULENTO | Gap Cuántico: 0.1716 | Load: 0.228
[OS:25175] TURBULENTO | Gap Cuántico: 0.2171 | Load: 0.236
[OS:25180] TURBULENTO | Gap Cuántico: 0.1892 | Load: 0.236
[OS:25185] TURBULENTO | Gap Cuántico: 0.1729 | Load: 0.232
[OS:25190] TURBULENTO | Gap Cuántico: 0.1816 | Load: 0.223
[OS:25195] TURBULENTO | Gap Cuántico: 0.2416 | Load: 0.238
[OS:25200] TURBULENTO | Gap Cuántico: 0.1887 | Load: 0.231
[OS:25205] TURBULENTO | Gap Cuántico: 0.2084 | Load: 0.235
[OS:25210] TURBULENTO | Gap Cuántico: 0.1816 | Load: 0.233
[OS:25215] TURBULENTO | Gap Cuántico: 0.2339 | Load: 0.231
[OS:25220] TURBULENTO | Gap Cuántico: 0.1763 | Load: 0.231
[OS:25225] TURBULENTO | Gap Cuántico: 0.1773 | Load: 0.233
[OS:25230] TURBULENTO | Gap Cuántico: 0.2155 | Load: 0.233
[OS:25235] TURBULENTO | Gap Cuántico: 0.2244 | Load: 0.232
[OS:25240] TURBULENTO | Gap Cuántico: 0.1889 | Load: 0.228
[OS:25245] TURBULENTO | Gap Cuántico: 0.2036 | Load: 0.230
[OS:25250] TURBULENTO | Gap Cuántico: 0.1881 | Load: 0.232
[OS:25255] TURBULENTO | Gap Cuántico: 0.1894 | Load: 0.220
[OS:25260] TURBULENTO | Gap Cuántico: 0.1823 | Load: 0.227
[OS:25265] TURBULENTO | Gap Cuántico: 0.1853 | Load: 0.227
[OS:25270] TURBULENTO | Gap Cuántico: 0.2157 | Load: 0.232
[OS:25275] TURBULENTO | Gap Cuántico: 0.2389 | Load: 0.230
[OS:25280] TURBULENTO | Gap Cuántico: 0.2172 | Load: 0.235
[OS:25285] TURBULENTO | Gap Cuántico: 0.2073 | Load: 0.226
[OS:25290] TURBULENTO | Gap Cuántico: 0.2152 | Load: 0.232
[OS:25295] TURBULENTO | Gap Cuántico: 0.1885 | Load: 0.233
[OS:25300] TURBULENTO | Gap Cuántico: 0.2404 | Load: 0.232
[OS:25305] TURBULENTO | Gap Cuántico: 0.1954 | Load: 0.240
[OS:25310] TURBULENTO | Gap Cuántico: 0.1750 | Load: 0.232
[OS:25315] TURBULENTO | Gap Cuántico: 0.1739 | Load: 0.234
[OS:25320] TURBULENTO | Gap Cuántico: 0.1888 | Load: 0.229
[OS:25325] TURBULENTO | Gap Cuántico: 0.1894 | Load: 0.222
[OS:25330] TURBULENTO | Gap Cuántico: 0.1905 | Load: 0.232
[OS:25335] TURBULENTO | Gap Cuántico: 0.1742 | Load: 0.226
[OS:25340] TURBULENTO | Gap Cuántico: 0.2402 | Load: 0.226
[OS:25345] TURBULENTO | Gap Cuántico: 0.1885 | Load: 0.224
[OS:25350] TURBULENTO | Gap Cuántico: 0.2166 | Load: 0.229
[OS:25355] TURBULENTO | Gap Cuántico: 0.1779 | Load: 0.222
[OS:25360] TURBULENTO | Gap Cuántico: 0.1894 | Load: 0.226
[OS:25365] TURBULENTO | Gap Cuántico: 0.1819 | Load: 0.224
[OS:25370] TURBULENTO | Gap Cuántico: 0.1992 | Load: 0.227
[OS:25375] TURBULENTO | Gap Cuántico: 0.2304 | Load: 0.225
[OS:25380] TURBULENTO | Gap Cuántico: 0.1975 | Load: 0.226
[OS:25385] TURBULENTO | Gap Cuántico: 0.1739 | Load: 0.222
[OS:25390] TURBULENTO | Gap Cuántico: 0.2087 | Load: 0.229
[OS:25395] TURBULENTO | Gap Cuántico: 0.1763 | Load: 0.224
[OS:25400] TURBULENTO | Gap Cuántico: 0.2145 | Load: 0.229
[OS:25405] TURBULENTO | Gap Cuántico: 0.1961 | Load: 0.231
[OS:25410] TURBULENTO | Gap Cuántico: 0.2269 | Load: 0.225
[OS:25415] TURBULENTO | Gap Cuántico: 0.1860 | Load: 0.236
[OS:25420] TURBULENTO | Gap Cuántico: 0.2390 | Load: 0.233
[OS:25425] TURBULENTO | Gap Cuántico: 0.2141 | Load: 0.235
[OS:25430] TURBULENTO | Gap Cuántico: 0.1940 | Load: 0.226
[OS:25435] TURBULENTO | Gap Cuántico: 0.2422 | Load: 0.230
[OS:25440] TURBULENTO | Gap Cuántico: 0.1757 | Load: 0.228
[OS:25445] TURBULENTO | Gap Cuántico: 0.1870 | Load: 0.224
[OS:25450] TURBULENTO | Gap Cuántico: 0.1942 | Load: 0.228
[OS:25455] TURBULENTO | Gap Cuántico: 0.2287 | Load: 0.233
[OS:25460] TURBULENTO | Gap Cuántico: 0.2262 | Load: 0.228
[OS:25465] TURBULENTO | Gap Cuántico: 0.1831 | Load: 0.231
[OS:25470] TURBULENTO | Gap Cuántico: 0.1944 | Load: 0.232
[OS:25475] TURBULENTO | Gap Cuántico: 0.2042 | Load: 0.227
[OS:25480] TURBULENTO | Gap Cuántico: 0.1896 | Load: 0.226
[OS:25485] TURBULENTO | Gap Cuántico: 0.2171 | Load: 0.236
[OS:25490] TURBULENTO | Gap Cuántico: 0.1866 | Load: 0.230
[OS:25495] TURBULENTO | Gap Cuántico: 0.1853 | Load: 0.232
[OS:25500] TURBULENTO | Gap Cuántico: 0.2381 | Load: 0.232
[OS:25505] TURBULENTO | Gap Cuántico: 0.2215 | Load: 0.239
[OS:25510] TURBULENTO | Gap Cuántico: 0.1987 | Load: 0.235
[OS:25515] TURBULENTO | Gap Cuántico: 0.2073 | Load: 0.234
[OS:25520] TURBULENTO | Gap Cuántico: 0.1954 | Load: 0.233
[OS:25525] TURBULENTO | Gap Cuántico: 0.2099 | Load: 0.228
[OS:25530] TURBULENTO | Gap Cuántico: 0.1946 | Load: 0.231
[OS:25535] TURBULENTO | Gap Cuántico: 0.2389 | Load: 0.234
[OS:25540] TURBULENTO | Gap Cuántico: 0.2402 | Load: 0.238
[OS:25545] TURBULENTO | Gap Cuántico: 0.1823 | Load: 0.230
[OS:25550] TURBULENTO | Gap Cuántico: 0.2297 | Load: 0.229
[OS:25555] TURBULENTO | Gap Cuántico: 0.2369 | Load: 0.232
[OS:25560] TURBULENTO | Gap Cuántico: 0.1760 | Load: 0.231
[OS:25565] TURBULENTO | Gap Cuántico: 0.1992 | Load: 0.236
[OS:25570] TURBULENTO | Gap Cuántico: 0.2297 | Load: 0.228
[OS:25575] TURBULENTO | Gap Cuántico: 0.1887 | Load: 0.222
[OS:25580] TURBULENTO | Gap Cuántico: 0.2227 | Load: 0.221
[OS:25585] TURBULENTO | Gap Cuántico: 0.1879 | Load: 0.229
[OS:25590] TURBULENTO | Gap Cuántico: 0.1853 | Load: 0.231
[OS:25595] TURBULENTO | Gap Cuántico: 0.2214 | Load: 0.235
[OS:25600] TURBULENTO | Gap Cuántico: 0.1944 | Load: 0.225
[OS:25605] TURBULENTO | Gap Cuántico: 0.2171 | Load: 0.229
[OS:25610] TURBULENTO | Gap Cuántico: 0.2012 | Load: 0.233
[OS:25615] TURBULENTO | Gap Cuántico: 0.2121 | Load: 0.234
[OS:25620] TURBULENTO | Gap Cuántico: 0.2048 | Load: 0.232
[OS:25625] TURBULENTO | Gap Cuántico: 0.2171 | Load: 0.235
[OS:25630] TURBULENTO | Gap Cuántico: 0.2379 | Load: 0.228
[OS:25635] TURBULENTO | Gap Cuántico: 0.2052 | Load: 0.232
[OS:25640] TURBULENTO | Gap Cuántico: 0.2355 | Load: 0.231
[OS:25645] TURBULENTO | Gap Cuántico: 0.1881 | Load: 0.234
[OS:25650] TURBULENTO | Gap Cuántico: 0.1834 | Load: 0.229
[OS:25655] TURBULENTO | Gap Cuántico: 0.2423 | Load: 0.231
[OS:25660] TURBULENTO | Gap Cuántico: 0.1763 | Load: 0.229
[OS:25665] TURBULENTO | Gap Cuántico: 0.2140 | Load: 0.227
[OS:25670] TURBULENTO | Gap Cuántico: 0.2297 | Load: 0.231
[OS:25675] TURBULENTO | Gap Cuántico: 0.1939 | Load: 0.226
[OS:25680] TURBULENTO | Gap Cuántico: 0.1958 | Load: 0.228
[OS:25685] TURBULENTO | Gap Cuántico: 0.2309 | Load: 0.230
[OS:25690] TURBULENTO | Gap Cuántico: 0.2295 | Load: 0.235
[OS:25695] TURBULENTO | Gap Cuántico: 0.1743 | Load: 0.230
[OS:25700] TURBULENTO | Gap Cuántico: 0.1944 | Load: 0.229
[OS:25705] TURBULENTO | Gap Cuántico: 0.2361 | Load: 0.231
[OS:25710] TURBULENTO | Gap Cuántico: 0.1927 | Load: 0.229
[OS:25715] TURBULENTO | Gap Cuántico: 0.2059 | Load: 0.231
[OS:25720] TURBULENTO | Gap Cuántico: 0.1844 | Load: 0.223
[OS:25725] TURBULENTO | Gap Cuántico: 0.2042 | Load: 0.225
[OS:25730] TURBULENTO | Gap Cuántico: 0.2068 | Load: 0.228
[OS:25735] TURBULENTO | Gap Cuántico: 0.1985 | Load: 0.233
[OS:25740] TURBULENTO | Gap Cuántico: 0.1957 | Load: 0.229
[OS:25745] TURBULENTO | Gap Cuántico: 0.2171 | Load: 0.236
[OS:25750] TURBULENTO | Gap Cuántico: 0.1768 | Load: 0.229
[OS:25755] TURBULENTO | Gap Cuántico: 0.1743 | Load: 0.225
[OS:25760] TURBULENTO | Gap Cuántico: 0.1830 | Load: 0.218
[OS:25765] TURBULENTO | Gap Cuántico: 0.1957 | Load: 0.228
[OS:25770] TURBULENTO | Gap Cuántico: 0.1950 | Load: 0.228
[OS:25775] TURBULENTO | Gap Cuántico: 0.2221 | Load: 0.229
[OS:25780] TURBULENTO | Gap Cuántico: 0.2080 | Load: 0.232
[OS:25785] TURBULENTO | Gap Cuántico: 0.2379 | Load: 0.224
[OS:25790] TURBULENTO | Gap Cuántico: 0.2172 | Load: 0.233
[OS:25795] TURBULENTO | Gap Cuántico: 0.2424 | Load: 0.228
[OS:25800] TURBULENTO | Gap Cuántico: 0.2370 | Load: 0.233
[OS:25805] TURBULENTO | Gap Cuántico: 0.2073 | Load: 0.228
[OS:25810] TURBULENTO | Gap Cuántico: 0.2187 | Load: 0.238
[OS:25815] TURBULENTO | Gap Cuántico: 0.2172 | Load: 0.229
[OS:25820] TURBULENTO | Gap Cuántico: 0.1956 | Load: 0.230
[OS:25825] TURBULENTO | Gap Cuántico: 0.2254 | Load: 0.230
[OS:25830] TURBULENTO | Gap Cuántico: 0.2407 | Load: 0.230
[OS:25835] TURBULENTO | Gap Cuántico: 0.1944 | Load: 0.231
[OS:25840] TURBULENTO | Gap Cuántico: 0.2108 | Load: 0.230
[OS:25845] TURBULENTO | Gap Cuántico: 0.2103 | Load: 0.237
[OS:25850] TURBULENTO | Gap Cuántico: 0.2172 | Load: 0.230
[OS:25855] TURBULENTO | Gap Cuántico: 0.2099 | Load: 0.226
[OS:25860] TURBULENTO | Gap Cuántico: 0.1927 | Load: 0.232
[OS:25865] TURBULENTO | Gap Cuántico: 0.2421 | Load: 0.225
[OS:25870] TURBULENTO | Gap Cuántico: 0.1893 | Load: 0.222
[OS:25875] TURBULENTO | Gap Cuántico: 0.2073 | Load: 0.232
[OS:25880] TURBULENTO | Gap Cuántico: 0.2297 | Load: 0.234
[OS:25885] TURBULENTO | Gap Cuántico: 0.2168 | Load: 0.238
[OS:25890] TURBULENTO | Gap Cuántico: 0.2151 | Load: 0.234
[OS:25895] TURBULENTO | Gap Cuántico: 0.2138 | Load: 0.227
[OS:25900] TURBULENTO | Gap Cuántico: 0.1942 | Load: 0.230
[OS:25905] TURBULENTO | Gap Cuántico: 0.1935 | Load: 0.225
[OS:25910] TURBULENTO | Gap Cuántico: 0.1879 | Load: 0.227
[OS:25915] TURBULENTO | Gap Cuántico: 0.2280 | Load: 0.229
[OS:25920] TURBULENTO | Gap Cuántico: 0.2155 | Load: 0.229
[OS:25925] TURBULENTO | Gap Cuántico: 0.1954 | Load: 0.229
[OS:25930] TURBULENTO | Gap Cuántico: 0.2168 | Load: 0.230
[OS:25935] TURBULENTO | Gap Cuántico: 0.1931 | Load: 0.229
[OS:25940] TURBULENTO | Gap Cuántico: 0.2207 | Load: 0.238
[OS:25945] TURBULENTO | Gap Cuántico: 0.1844 | Load: 0.228
[OS:25950] TURBULENTO | Gap Cuántico: 0.1889 | Load: 0.233
[OS:25955] TURBULENTO | Gap Cuántico: 0.2179 | Load: 0.233
[OS:25960] TURBULENTO | Gap Cuántico: 0.1842 | Load: 0.225
[OS:25965] TURBULENTO | Gap Cuántico: 0.2131 | Load: 0.241
[OS:25970] TURBULENTO | Gap Cuántico: 0.1842 | Load: 0.230
[OS:25975] TURBULENTO | Gap Cuántico: 0.1830 | Load: 0.237
[OS:25980] TURBULENTO | Gap Cuántico: 0.1773 | Load: 0.225
[OS:25985] TURBULENTO | Gap Cuántico: 0.1856 | Load: 0.230
[OS:25990] TURBULENTO | Gap Cuántico: 0.1920 | Load: 0.236
[OS:25995] TURBULENTO | Gap Cuántico: 0.1985 | Load: 0.225
[OS:26000] TURBULENTO | Gap Cuántico: 0.1894 | Load: 0.232
[OS:26005] TURBULENTO | Gap Cuántico: 0.1953 | Load: 0.235
[OS:26010] TURBULENTO | Gap Cuántico: 0.1885 | Load: 0.234
[OS:26015] TURBULENTO | Gap Cuántico: 0.1929 | Load: 0.227
[OS:26020] TURBULENTO | Gap Cuántico: 0.2042 | Load: 0.226
[OS:26025] TURBULENTO | Gap Cuántico: 0.1905 | Load: 0.231
[OS:26030] TURBULENTO | Gap Cuántico: 0.1892 | Load: 0.232
[OS:26035] TURBULENTO | Gap Cuántico: 0.1829 | Load: 0.227
[OS:26040] TURBULENTO | Gap Cuántico: 0.2290 | Load: 0.238
[OS:26045] TURBULENTO | Gap Cuántico: 0.1953 | Load: 0.235
[OS:26050] TURBULENTO | Gap Cuántico: 0.2135 | Load: 0.229
[OS:26055] TURBULENTO | Gap Cuántico: 0.1831 | Load: 0.228
[OS:26060] TURBULENTO | Gap Cuántico: 0.1872 | Load: 0.221
[OS:26065] TURBULENTO | Gap Cuántico: 0.2138 | Load: 0.231
[OS:26070] TURBULENTO | Gap Cuántico: 0.1893 | Load: 0.227
[OS:26075] TURBULENTO | Gap Cuántico: 0.1959 | Load: 0.235
[OS:26080] TURBULENTO | Gap Cuántico: 0.1861 | Load: 0.222
[OS:26085] TURBULENTO | Gap Cuántico: 0.1850 | Load: 0.230
[OS:26090] TURBULENTO | Gap Cuántico: 0.2355 | Load: 0.231
[OS:26095] TURBULENTO | Gap Cuántico: 0.1785 | Load: 0.232
[OS:26100] TURBULENTO | Gap Cuántico: 0.2154 | Load: 0.233
[OS:26105] TURBULENTO | Gap Cuántico: 0.1813 | Load: 0.233
[OS:26110] TURBULENTO | Gap Cuántico: 0.2328 | Load: 0.235
[OS:26115] TURBULENTO | Gap Cuántico: 0.1825 | Load: 0.230
[OS:26120] TURBULENTO | Gap Cuántico: 0.1831 | Load: 0.226
[OS:26125] TURBULENTO | Gap Cuántico: 0.2404 | Load: 0.233
[OS:26130] TURBULENTO | Gap Cuántico: 0.2107 | Load: 0.233
[OS:26135] TURBULENTO | Gap Cuántico: 0.2198 | Load: 0.230
[OS:26140] TURBULENTO | Gap Cuántico: 0.2166 | Load: 0.232
[OS:26145] TURBULENTO | Gap Cuántico: 0.1879 | Load: 0.224
[OS:26150] TURBULENTO | Gap Cuántico: 0.2389 | Load: 0.231
[OS:26155] TURBULENTO | Gap Cuántico: 0.1808 | Load: 0.225
[OS:26160] TURBULENTO | Gap Cuántico: 0.2250 | Load: 0.228
[OS:26165] TURBULENTO | Gap Cuántico: 0.1876 | Load: 0.231
[OS:26170] TURBULENTO | Gap Cuántico: 0.2403 | Load: 0.234
[OS:26175] TURBULENTO | Gap Cuántico: 0.1831 | Load: 0.231
[OS:26180] TURBULENTO | Gap Cuántico: 0.1892 | Load: 0.233
[OS:26185] TURBULENTO | Gap Cuántico: 0.1818 | Load: 0.221
[OS:26190] TURBULENTO | Gap Cuántico: 0.1883 | Load: 0.231
[OS:26195] TURBULENTO | Gap Cuántico: 0.2150 | Load: 0.226
[OS:26200] TURBULENTO | Gap Cuántico: 0.1745 | Load: 0.223
[OS:26205] TURBULENTO | Gap Cuántico: 0.2077 | Load: 0.228
[OS:26210] TURBULENTO | Gap Cuántico: 0.2137 | Load: 0.228
[OS:26215] TURBULENTO | Gap Cuántico: 0.1923 | Load: 0.227
[OS:26220] TURBULENTO | Gap Cuántico: 0.1903 | Load: 0.232
[OS:26225] TURBULENTO | Gap Cuántico: 0.2155 | Load: 0.230
[OS:26230] TURBULENTO | Gap Cuántico: 0.2135 | Load: 0.233
[OS:26235] TURBULENTO | Gap Cuántico: 0.2208 | Load: 0.229
[OS:26240] TURBULENTO | Gap Cuántico: 0.2005 | Load: 0.221
[OS:26245] TURBULENTO | Gap Cuántico: 0.1768 | Load: 0.230
[OS:26250] TURBULENTO | Gap Cuántico: 0.1959 | Load: 0.232
[OS:26255] TURBULENTO | Gap Cuántico: 0.2108 | Load: 0.233
[OS:26260] TURBULENTO | Gap Cuántico: 0.2141 | Load: 0.231
[OS:26265] TURBULENTO | Gap Cuántico: 0.1946 | Load: 0.226
[OS:26270] TURBULENTO | Gap Cuántico: 0.2423 | Load: 0.234
[OS:26275] TURBULENTO | Gap Cuántico: 0.2112 | Load: 0.230
[OS:26280] TURBULENTO | Gap Cuántico: 0.2131 | Load: 0.228
[OS:26285] TURBULENTO | Gap Cuántico: 0.2255 | Load: 0.231
[OS:26290] TURBULENTO | Gap Cuántico: 0.1827 | Load: 0.237
[OS:26295] TURBULENTO | Gap Cuántico: 0.2094 | Load: 0.235
[OS:26300] TURBULENTO | Gap Cuántico: 0.2264 | Load: 0.229
[OS:26305] TURBULENTO | Gap Cuántico: 0.1961 | Load: 0.224
[OS:26310] TURBULENTO | Gap Cuántico: 0.2349 | Load: 0.233
[OS:26315] TURBULENTO | Gap Cuántico: 0.1895 | Load: 0.226
[OS:26320] TURBULENTO | Gap Cuántico: 0.2322 | Load: 0.231
[OS:26325] TURBULENTO | Gap Cuántico: 0.2073 | Load: 0.228
[OS:26330] TURBULENTO | Gap Cuántico: 0.1902 | Load: 0.222
[OS:26335] TURBULENTO | Gap Cuántico: 0.2373 | Load: 0.225
[OS:26340] TURBULENTO | Gap Cuántico: 0.1802 | Load: 0.222
[OS:26345] TURBULENTO | Gap Cuántico: 0.1875 | Load: 0.223
[OS:26350] TURBULENTO | Gap Cuántico: 0.1998 | Load: 0.226
[OS:26355] TURBULENTO | Gap Cuántico: 0.1875 | Load: 0.230
[OS:26360] TURBULENTO | Gap Cuántico: 0.2417 | Load: 0.237
[OS:26365] TURBULENTO | Gap Cuántico: 0.1752 | Load: 0.234
[OS:26370] TURBULENTO | Gap Cuántico: 0.1869 | Load: 0.224
[OS:26375] TURBULENTO | Gap Cuántico: 0.1961 | Load: 0.224
[OS:26380] TURBULENTO | Gap Cuántico: 0.1957 | Load: 0.237
[OS:26385] TURBULENTO | Gap Cuántico: 0.1946 | Load: 0.235
[OS:26390] TURBULENTO | Gap Cuántico: 0.1873 | Load: 0.237
[OS:26395] TURBULENTO | Gap Cuántico: 0.2250 | Load: 0.229
[OS:26400] TURBULENTO | Gap Cuántico: 0.1846 | Load: 0.223
[OS:26405] TURBULENTO | Gap Cuántico: 0.2172 | Load: 0.230
[OS:26410] TURBULENTO | Gap Cuántico: 0.2421 | Load: 0.232
[OS:26415] TURBULENTO | Gap Cuántico: 0.1927 | Load: 0.229
[OS:26420] TURBULENTO | Gap Cuántico: 0.2150 | Load: 0.223
[OS:26425] TURBULENTO | Gap Cuántico: 0.2172 | Load: 0.232
[OS:26430] TURBULENTO | Gap Cuántico: 0.2379 | Load: 0.231
[OS:26435] TURBULENTO | Gap Cuántico: 0.2070 | Load: 0.238
[OS:26440] TURBULENTO | Gap Cuántico: 0.2273 | Load: 0.229
[OS:26445] TURBULENTO | Gap Cuántico: 0.1808 | Load: 0.231
[OS:26450] TURBULENTO | Gap Cuántico: 0.1779 | Load: 0.234
[OS:26455] TURBULENTO | Gap Cuántico: 0.2112 | Load: 0.231
[OS:26460] TURBULENTO | Gap Cuántico: 0.2239 | Load: 0.224
[OS:26465] TURBULENTO | Gap Cuántico: 0.2171 | Load: 0.231
[OS:26470] TURBULENTO | Gap Cuántico: 0.1890 | Load: 0.228
[OS:26475] TURBULENTO | Gap Cuántico: 0.2104 | Load: 0.230
[OS:26480] TURBULENTO | Gap Cuántico: 0.1909 | Load: 0.215
[OS:26485] TURBULENTO | Gap Cuántico: 0.1913 | Load: 0.226
[OS:26490] TURBULENTO | Gap Cuántico: 0.1755 | Load: 0.232
[OS:26495] TURBULENTO | Gap Cuántico: 0.2419 | Load: 0.233
[OS:26500] TURBULENTO | Gap Cuántico: 0.2005 | Load: 0.233
[OS:26505] TURBULENTO | Gap Cuántico: 0.1844 | Load: 0.232
[OS:26510] TURBULENTO | Gap Cuántico: 0.2108 | Load: 0.237
[OS:26515] TURBULENTO | Gap Cuántico: 0.2147 | Load: 0.239
[OS:26520] TURBULENTO | Gap Cuántico: 0.2084 | Load: 0.239
[OS:26525] TURBULENTO | Gap Cuántico: 0.2137 | Load: 0.233
[OS:26530] TURBULENTO | Gap Cuántico: 0.1971 | Load: 0.239
[OS:26535] TURBULENTO | Gap Cuántico: 0.1779 | Load: 0.231
[OS:26540] TURBULENTO | Gap Cuántico: 0.1755 | Load: 0.229
[OS:26545] TURBULENTO | Gap Cuántico: 0.1961 | Load: 0.228
[OS:26550] TURBULENTO | Gap Cuántico: 0.1889 | Load: 0.228
[OS:26555] TURBULENTO | Gap Cuántico: 0.2170 | Load: 0.230
[OS:26560] TURBULENTO | Gap Cuántico: 0.1894 | Load: 0.230
[OS:26565] TURBULENTO | Gap Cuántico: 0.2421 | Load: 0.230
[OS:26570] TURBULENTO | Gap Cuántico: 0.2223 | Load: 0.239
[OS:26575] TURBULENTO | Gap Cuántico: 0.2328 | Load: 0.240
[OS:26580] TURBULENTO | Gap Cuántico: 0.1796 | Load: 0.239
[OS:26585] TURBULENTO | Gap Cuántico: 0.1962 | Load: 0.228
[OS:26590] TURBULENTO | Gap Cuántico: 0.1978 | Load: 0.228
[OS:26595] TURBULENTO | Gap Cuántico: 0.2417 | Load: 0.231
[OS:26600] TURBULENTO | Gap Cuántico: 0.1841 | Load: 0.225
[OS:26605] TURBULENTO | Gap Cuántico: 0.2059 | Load: 0.228
[OS:26610] TURBULENTO | Gap Cuántico: 0.1759 | Load: 0.226
[OS:26615] TURBULENTO | Gap Cuántico: 0.2223 | Load: 0.226
[OS:26620] TURBULENTO | Gap Cuántico: 0.2172 | Load: 0.237
[OS:26625] TURBULENTO | Gap Cuántico: 0.1828 | Load: 0.237
[OS:26630] TURBULENTO | Gap Cuántico: 0.2138 | Load: 0.234
[OS:26635] TURBULENTO | Gap Cuántico: 0.1729 | Load: 0.234
[OS:26640] TURBULENTO | Gap Cuántico: 0.1998 | Load: 0.228
[OS:26645] TURBULENTO | Gap Cuántico: 0.1722 | Load: 0.229
[OS:26650] TURBULENTO | Gap Cuántico: 0.1722 | Load: 0.229
[OS:26655] TURBULENTO | Gap Cuántico: 0.1894 | Load: 0.236
[OS:26660] TURBULENTO | Gap Cuántico: 0.2141 | Load: 0.231
[OS:26665] TURBULENTO | Gap Cuántico: 0.2103 | Load: 0.233
[OS:26670] TURBULENTO | Gap Cuántico: 0.1746 | Load: 0.229
[OS:26675] TURBULENTO | Gap Cuántico: 0.1894 | Load: 0.234
[OS:26680] TURBULENTO | Gap Cuántico: 0.1919 | Load: 0.228
[OS:26685] TURBULENTO | Gap Cuántico: 0.2163 | Load: 0.221
[OS:26690] TURBULENTO | Gap Cuántico: 0.2290 | Load: 0.228
[OS:26695] TURBULENTO | Gap Cuántico: 0.1960 | Load: 0.236
[OS:26700] TURBULENTO | Gap Cuántico: 0.1830 | Load: 0.229
[OS:26705] TURBULENTO | Gap Cuántico: 0.1825 | Load: 0.235
[OS:26710] TURBULENTO | Gap Cuántico: 0.2164 | Load: 0.235
[OS:26715] TURBULENTO | Gap Cuántico: 0.1936 | Load: 0.230
[OS:26720] TURBULENTO | Gap Cuántico: 0.2373 | Load: 0.232
[OS:26725] TURBULENTO | Gap Cuántico: 0.1823 | Load: 0.232
[OS:26730] TURBULENTO | Gap Cuántico: 0.2179 | Load: 0.229
[OS:26735] TURBULENTO | Gap Cuántico: 0.2108 | Load: 0.230
[OS:26740] TURBULENTO | Gap Cuántico: 0.2068 | Load: 0.234
[OS:26745] TURBULENTO | Gap Cuántico: 0.2172 | Load: 0.228
[OS:26750] TURBULENTO | Gap Cuántico: 0.1767 | Load: 0.237
[OS:26755] TURBULENTO | Gap Cuántico: 0.1700 | Load: 0.223
[OS:26760] TURBULENTO | Gap Cuántico: 0.1863 | Load: 0.227
[OS:26765] TURBULENTO | Gap Cuántico: 0.2052 | Load: 0.230
[OS:26770] TURBULENTO | Gap Cuántico: 0.2423 | Load: 0.236
[OS:26775] TURBULENTO | Gap Cuántico: 0.1915 | Load: 0.226
[OS:26780] TURBULENTO | Gap Cuántico: 0.1888 | Load: 0.232
[OS:26785] TURBULENTO | Gap Cuántico: 0.2422 | Load: 0.232
[OS:26790] TURBULENTO | Gap Cuántico: 0.1962 | Load: 0.222
[OS:26795] TURBULENTO | Gap Cuántico: 0.2399 | Load: 0.231
[OS:26800] TURBULENTO | Gap Cuántico: 0.1871 | Load: 0.222
[OS:26805] TURBULENTO | Gap Cuántico: 0.2403 | Load: 0.225
[OS:26810] TURBULENTO | Gap Cuántico: 0.1860 | Load: 0.226
[OS:26815] TURBULENTO | Gap Cuántico: 0.1708 | Load: 0.228
[OS:26820] TURBULENTO | Gap Cuántico: 0.2179 | Load: 0.231
[OS:26825] TURBULENTO | Gap Cuántico: 0.1932 | Load: 0.229
[OS:26830] TURBULENTO | Gap Cuántico: 0.2227 | Load: 0.230
[OS:26835] TURBULENTO | Gap Cuántico: 0.1818 | Load: 0.228
[OS:26840] TURBULENTO | Gap Cuántico: 0.2068 | Load: 0.230
[OS:26845] TURBULENTO | Gap Cuántico: 0.1869 | Load: 0.223
[OS:26850] TURBULENTO | Gap Cuántico: 0.1763 | Load: 0.230
[OS:26855] TURBULENTO | Gap Cuántico: 0.1879 | Load: 0.227
[OS:26860] TURBULENTO | Gap Cuántico: 0.2373 | Load: 0.228
[OS:26865] TURBULENTO | Gap Cuántico: 0.2365 | Load: 0.235
[OS:26870] TURBULENTO | Gap Cuántico: 0.1960 | Load: 0.231
[OS:26875] TURBULENTO | Gap Cuántico: 0.1956 | Load: 0.232
[OS:26880] TURBULENTO | Gap Cuántico: 0.1849 | Load: 0.222
[OS:26885] TURBULENTO | Gap Cuántico: 0.1708 | Load: 0.231
[OS:26890] TURBULENTO | Gap Cuántico: 0.1760 | Load: 0.230
[OS:26895] TURBULENTO | Gap Cuántico: 0.2107 | Load: 0.231
[OS:26900] TURBULENTO | Gap Cuántico: 0.2422 | Load: 0.231
[OS:26905] TURBULENTO | Gap Cuántico: 0.1700 | Load: 0.227
[OS:26910] TURBULENTO | Gap Cuántico: 0.1745 | Load: 0.234
[OS:26915] TURBULENTO | Gap Cuántico: 0.1850 | Load: 0.230
[OS:26920] TURBULENTO | Gap Cuántico: 0.2369 | Load: 0.233
[OS:26925] TURBULENTO | Gap Cuántico: 0.2290 | Load: 0.231
[OS:26930] TURBULENTO | Gap Cuántico: 0.2303 | Load: 0.222
[OS:26935] TURBULENTO | Gap Cuántico: 0.2381 | Load: 0.227
[OS:26940] TURBULENTO | Gap Cuántico: 0.1922 | Load: 0.227
[OS:26945] TURBULENTO | Gap Cuántico: 0.2416 | Load: 0.229
[OS:26950] TURBULENTO | Gap Cuántico: 0.1872 | Load: 0.230
[OS:26955] TURBULENTO | Gap Cuántico: 0.1774 | Load: 0.234
[OS:26960] TURBULENTO | Gap Cuántico: 0.2423 | Load: 0.238
[OS:26965] TURBULENTO | Gap Cuántico: 0.1962 | Load: 0.232
[OS:26970] TURBULENTO | Gap Cuántico: 0.2084 | Load: 0.232
[OS:26975] TURBULENTO | Gap Cuántico: 0.2166 | Load: 0.233
[OS:26980] TURBULENTO | Gap Cuántico: 0.1885 | Load: 0.230
[OS:26985] TURBULENTO | Gap Cuántico: 0.2167 | Load: 0.225
[OS:26990] TURBULENTO | Gap Cuántico: 0.2420 | Load: 0.228
[OS:26995] TURBULENTO | Gap Cuántico: 0.2146 | Load: 0.241
[OS:27000] TURBULENTO | Gap Cuántico: 0.2421 | Load: 0.227
[OS:27005] TURBULENTO | Gap Cuántico: 0.1887 | Load: 0.226
[OS:27010] TURBULENTO | Gap Cuántico: 0.2159 | Load: 0.225
[OS:27015] TURBULENTO | Gap Cuántico: 0.2052 | Load: 0.233
[OS:27020] TURBULENTO | Gap Cuántico: 0.1836 | Load: 0.228
[OS:27025] TURBULENTO | Gap Cuántico: 0.2120 | Load: 0.226
[OS:27030] TURBULENTO | Gap Cuántico: 0.2169 | Load: 0.232
[OS:27035] TURBULENTO | Gap Cuántico: 0.1796 | Load: 0.225
[OS:27040] TURBULENTO | Gap Cuántico: 0.1863 | Load: 0.227
[OS:27045] TURBULENTO | Gap Cuántico: 0.1788 | Load: 0.237
[OS:27050] TURBULENTO | Gap Cuántico: 0.2365 | Load: 0.234
[OS:27055] TURBULENTO | Gap Cuántico: 0.2403 | Load: 0.232
[OS:27060] TURBULENTO | Gap Cuántico: 0.1934 | Load: 0.231
[OS:27065] TURBULENTO | Gap Cuántico: 0.2423 | Load: 0.237
[OS:27070] TURBULENTO | Gap Cuántico: 0.1931 | Load: 0.223
[OS:27075] TURBULENTO | Gap Cuántico: 0.1909 | Load: 0.226
[OS:27080] TURBULENTO | Gap Cuántico: 0.1960 | Load: 0.220
[OS:27085] TURBULENTO | Gap Cuántico: 0.2250 | Load: 0.220
[OS:27090] TURBULENTO | Gap Cuántico: 0.2108 | Load: 0.228
[OS:27095] TURBULENTO | Gap Cuántico: 0.1823 | Load: 0.228
[OS:27100] TURBULENTO | Gap Cuántico: 0.2399 | Load: 0.229
[OS:27105] TURBULENTO | Gap Cuántico: 0.2151 | Load: 0.230
[OS:27110] TURBULENTO | Gap Cuántico: 0.1845 | Load: 0.226
[OS:27115] TURBULENTO | Gap Cuántico: 0.1998 | Load: 0.234
[OS:27120] TURBULENTO | Gap Cuántico: 0.2397 | Load: 0.241
[OS:27125] TURBULENTO | Gap Cuántico: 0.1925 | Load: 0.236
[OS:27130] TURBULENTO | Gap Cuántico: 0.1960 | Load: 0.241
[OS:27135] TURBULENTO | Gap Cuántico: 0.1896 | Load: 0.238
[OS:27140] TURBULENTO | Gap Cuántico: 0.2052 | Load: 0.239
[OS:27145] TURBULENTO | Gap Cuántico: 0.2397 | Load: 0.233
[OS:27150] TURBULENTO | Gap Cuántico: 0.2223 | Load: 0.235
[OS:27155] TURBULENTO | Gap Cuántico: 0.1934 | Load: 0.227
[OS:27160] TURBULENTO | Gap Cuántico: 0.1898 | Load: 0.234
[OS:27165] TURBULENTO | Gap Cuántico: 0.1975 | Load: 0.226
[OS:27170] TURBULENTO | Gap Cuántico: 0.1961 | Load: 0.228
[OS:27175] TURBULENTO | Gap Cuántico: 0.1962 | Load: 0.224
[OS:27180] TURBULENTO | Gap Cuántico: 0.2059 | Load: 0.228
[OS:27185] TURBULENTO | Gap Cuántico: 0.1785 | Load: 0.234
[OS:27190] TURBULENTO | Gap Cuántico: 0.1946 | Load: 0.229
[OS:27195] TURBULENTO | Gap Cuántico: 0.1888 | Load: 0.235
[OS:27200] TURBULENTO | Gap Cuántico: 0.2369 | Load: 0.226
[OS:27205] TURBULENTO | Gap Cuántico: 0.1877 | Load: 0.234
[OS:27210] TURBULENTO | Gap Cuántico: 0.1911 | Load: 0.237
[OS:27215] TURBULENTO | Gap Cuántico: 0.1939 | Load: 0.227
[OS:27220] TURBULENTO | Gap Cuántico: 0.1762 | Load: 0.220
[OS:27225] TURBULENTO | Gap Cuántico: 0.2385 | Load: 0.227
[OS:27230] TURBULENTO | Gap Cuántico: 0.1748 | Load: 0.228
[OS:27235] TURBULENTO | Gap Cuántico: 0.1745 | Load: 0.227
[OS:27240] TURBULENTO | Gap Cuántico: 0.2169 | Load: 0.217
[OS:27245] TURBULENTO | Gap Cuántico: 0.2214 | Load: 0.236
[OS:27250] TURBULENTO | Gap Cuántico: 0.1863 | Load: 0.229
[OS:27255] TURBULENTO | Gap Cuántico: 0.1831 | Load: 0.226
[OS:27260] TURBULENTO | Gap Cuántico: 0.1885 | Load: 0.229
[OS:27265] TURBULENTO | Gap Cuántico: 0.1825 | Load: 0.228
[OS:27270] TURBULENTO | Gap Cuántico: 0.2316 | Load: 0.240
[OS:27275] TURBULENTO | Gap Cuántico: 0.1863 | Load: 0.231
[OS:27280] TURBULENTO | Gap Cuántico: 0.2379 | Load: 0.235
[OS:27285] TURBULENTO | Gap Cuántico: 0.2171 | Load: 0.226
[OS:27290] TURBULENTO | Gap Cuántico: 0.1919 | Load: 0.231
[OS:27295] TURBULENTO | Gap Cuántico: 0.1902 | Load: 0.230
[OS:27300] TURBULENTO | Gap Cuántico: 0.1911 | Load: 0.225
[OS:27305] TURBULENTO | Gap Cuántico: 0.1761 | Load: 0.225
[OS:27310] TURBULENTO | Gap Cuántico: 0.1898 | Load: 0.219
[OS:27315] TURBULENTO | Gap Cuántico: 0.1807 | Load: 0.234
[OS:27320] TURBULENTO | Gap Cuántico: 0.1894 | Load: 0.228
[OS:27325] TURBULENTO | Gap Cuántico: 0.2169 | Load: 0.237
[OS:27330] TURBULENTO | Gap Cuántico: 0.2344 | Load: 0.231
[OS:27335] TURBULENTO | Gap Cuántico: 0.1722 | Load: 0.228
[OS:27340] TURBULENTO | Gap Cuántico: 0.1811 | Load: 0.222
[OS:27345] TURBULENTO | Gap Cuántico: 0.1844 | Load: 0.232
[OS:27350] TURBULENTO | Gap Cuántico: 0.2383 | Load: 0.229
[OS:27355] TURBULENTO | Gap Cuántico: 0.1724 | Load: 0.229
[OS:27360] TURBULENTO | Gap Cuántico: 0.1801 | Load: 0.224
[OS:27365] TURBULENTO | Gap Cuántico: 0.2215 | Load: 0.234
[OS:27370] TURBULENTO | Gap Cuántico: 0.2283 | Load: 0.237
[OS:27375] TURBULENTO | Gap Cuántico: 0.2340 | Load: 0.231
[OS:27380] TURBULENTO | Gap Cuántico: 0.1837 | Load: 0.228
[OS:27385] TURBULENTO | Gap Cuántico: 0.2374 | Load: 0.230
[OS:27390] TURBULENTO | Gap Cuántico: 0.1842 | Load: 0.230
[OS:27395] TURBULENTO | Gap Cuántico: 0.2172 | Load: 0.221
[OS:27400] TURBULENTO | Gap Cuántico: 0.2130 | Load: 0.234
[OS:27405] TURBULENTO | Gap Cuántico: 0.1944 | Load: 0.224
[OS:27410] TURBULENTO | Gap Cuántico: 0.2062 | Load: 0.229
[OS:27415] TURBULENTO | Gap Cuántico: 0.1894 | Load: 0.230
[OS:27420] TURBULENTO | Gap Cuántico: 0.1883 | Load: 0.228
[OS:27425] TURBULENTO | Gap Cuántico: 0.1774 | Load: 0.235
[OS:27430] TURBULENTO | Gap Cuántico: 0.2179 | Load: 0.240
[OS:27435] TURBULENTO | Gap Cuántico: 0.1818 | Load: 0.224
[OS:27440] TURBULENTO | Gap Cuántico: 0.2083 | Load: 0.220
[OS:27445] TURBULENTO | Gap Cuántico: 0.1816 | Load: 0.227
[OS:27450] TURBULENTO | Gap Cuántico: 0.2364 | Load: 0.229
[OS:27455] TURBULENTO | Gap Cuántico: 0.2161 | Load: 0.231
[OS:27460] TURBULENTO | Gap Cuántico: 0.2009 | Load: 0.231
[OS:27465] TURBULENTO | Gap Cuántico: 0.1755 | Load: 0.228
[OS:27470] TURBULENTO | Gap Cuántico: 0.2407 | Load: 0.232
[OS:27475] TURBULENTO | Gap Cuántico: 0.1939 | Load: 0.233
[OS:27480] TURBULENTO | Gap Cuántico: 0.1838 | Load: 0.228
[OS:27485] TURBULENTO | Gap Cuántico: 0.2408 | Load: 0.235
[OS:27490] TURBULENTO | Gap Cuántico: 0.2406 | Load: 0.228
[OS:27495] TURBULENTO | Gap Cuántico: 0.2170 | Load: 0.227
[OS:27500] TURBULENTO | Gap Cuántico: 0.2412 | Load: 0.231
[OS:27505] TURBULENTO | Gap Cuántico: 0.2404 | Load: 0.236
[OS:27510] TURBULENTO | Gap Cuántico: 0.2390 | Load: 0.231
[OS:27515] TURBULENTO | Gap Cuántico: 0.2168 | Load: 0.237
[OS:27520] TURBULENTO | Gap Cuántico: 0.2284 | Load: 0.234
[OS:27525] TURBULENTO | Gap Cuántico: 0.2179 | Load: 0.236
[OS:27530] TURBULENTO | Gap Cuántico: 0.2233 | Load: 0.239
[OS:27535] TURBULENTO | Gap Cuántico: 0.1978 | Load: 0.231
[OS:27540] TURBULENTO | Gap Cuántico: 0.2166 | Load: 0.222
[OS:27545] TURBULENTO | Gap Cuántico: 0.1869 | Load: 0.236
[OS:27550] TURBULENTO | Gap Cuántico: 0.2083 | Load: 0.236
[OS:27555] TURBULENTO | Gap Cuántico: 0.2116 | Load: 0.237
[OS:27560] TURBULENTO | Gap Cuántico: 0.1827 | Load: 0.233
[OS:27565] TURBULENTO | Gap Cuántico: 0.1957 | Load: 0.228
[OS:27570] TURBULENTO | Gap Cuántico: 0.1958 | Load: 0.227
[OS:27575] TURBULENTO | Gap Cuántico: 0.2233 | Load: 0.242
[OS:27580] TURBULENTO | Gap Cuántico: 0.2268 | Load: 0.236
[OS:27585] TURBULENTO | Gap Cuántico: 0.1900 | Load: 0.229
[OS:27590] TURBULENTO | Gap Cuántico: 0.1791 | Load: 0.231
[OS:27595] TURBULENTO | Gap Cuántico: 0.1807 | Load: 0.226
[OS:27600] TURBULENTO | Gap Cuántico: 0.2146 | Load: 0.226
[OS:27605] TURBULENTO | Gap Cuántico: 0.2227 | Load: 0.232
[OS:27610] TURBULENTO | Gap Cuántico: 0.1881 | Load: 0.235
[OS:27615] TURBULENTO | Gap Cuántico: 0.1950 | Load: 0.231
[OS:27620] TURBULENTO | Gap Cuántico: 0.2172 | Load: 0.239
[OS:27625] TURBULENTO | Gap Cuántico: 0.1975 | Load: 0.232
[OS:27630] TURBULENTO | Gap Cuántico: 0.1743 | Load: 0.237
[OS:27635] TURBULENTO | Gap Cuántico: 0.2259 | Load: 0.238
[OS:27640] TURBULENTO | Gap Cuántico: 0.1900 | Load: 0.221
[OS:27645] TURBULENTO | Gap Cuántico: 0.2068 | Load: 0.224
[OS:27650] TURBULENTO | Gap Cuántico: 0.2301 | Load: 0.229
[OS:27655] TURBULENTO | Gap Cuántico: 0.1863 | Load: 0.231
[OS:27660] TURBULENTO | Gap Cuántico: 0.1944 | Load: 0.228
[OS:27665] TURBULENTO | Gap Cuántico: 0.1819 | Load: 0.224
[OS:27670] TURBULENTO | Gap Cuántico: 0.1853 | Load: 0.222
[OS:27675] TURBULENTO | Gap Cuántico: 0.1914 | Load: 0.229
[OS:27680] TURBULENTO | Gap Cuántico: 0.2413 | Load: 0.237
[OS:27685] TURBULENTO | Gap Cuántico: 0.1869 | Load: 0.230
[OS:27690] TURBULENTO | Gap Cuántico: 0.1975 | Load: 0.227
[OS:27695] TURBULENTO | Gap Cuántico: 0.2207 | Load: 0.229
[OS:27700] TURBULENTO | Gap Cuántico: 0.1762 | Load: 0.231
[OS:27705] TURBULENTO | Gap Cuántico: 0.1963 | Load: 0.230
[OS:27710] TURBULENTO | Gap Cuántico: 0.2198 | Load: 0.231
[OS:27715] TURBULENTO | Gap Cuántico: 0.2018 | Load: 0.240
[OS:27720] TURBULENTO | Gap Cuántico: 0.1750 | Load: 0.230
[OS:27725] TURBULENTO | Gap Cuántico: 0.1942 | Load: 0.231
[OS:27730] TURBULENTO | Gap Cuántico: 0.2364 | Load: 0.236
[OS:27735] TURBULENTO | Gap Cuántico: 0.2121 | Load: 0.236
[OS:27740] TURBULENTO | Gap Cuántico: 0.1794 | Load: 0.238
[OS:27745] TURBULENTO | Gap Cuántico: 0.1893 | Load: 0.232
[OS:27750] TURBULENTO | Gap Cuántico: 0.1963 | Load: 0.234
[OS:27755] TURBULENTO | Gap Cuántico: 0.2276 | Load: 0.237
[OS:27760] TURBULENTO | Gap Cuántico: 0.2328 | Load: 0.234
[OS:27765] TURBULENTO | Gap Cuántico: 0.1829 | Load: 0.230
[OS:27770] TURBULENTO | Gap Cuántico: 0.1872 | Load: 0.230
[OS:27775] TURBULENTO | Gap Cuántico: 0.1856 | Load: 0.230
[OS:27780] TURBULENTO | Gap Cuántico: 0.2309 | Load: 0.237
[OS:27785] TURBULENTO | Gap Cuántico: 0.1948 | Load: 0.232
[OS:27790] TURBULENTO | Gap Cuántico: 0.2116 | Load: 0.235
[OS:27795] TURBULENTO | Gap Cuántico: 0.1960 | Load: 0.236
[OS:27800] TURBULENTO | Gap Cuántico: 0.1794 | Load: 0.227
[OS:27805] TURBULENTO | Gap Cuántico: 0.1753 | Load: 0.233
[OS:27810] TURBULENTO | Gap Cuántico: 0.1883 | Load: 0.228
[OS:27815] TURBULENTO | Gap Cuántico: 0.1748 | Load: 0.226
[OS:27820] TURBULENTO | Gap Cuántico: 0.2381 | Load: 0.236
[OS:27825] TURBULENTO | Gap Cuántico: 0.2159 | Load: 0.234
[OS:27830] TURBULENTO | Gap Cuántico: 0.1837 | Load: 0.233
[OS:27835] TURBULENTO | Gap Cuántico: 0.1919 | Load: 0.234
[OS:27840] TURBULENTO | Gap Cuántico: 0.1790 | Load: 0.233
[OS:27845] TURBULENTO | Gap Cuántico: 0.2422 | Load: 0.238
[OS:27850] TURBULENTO | Gap Cuántico: 0.2141 | Load: 0.235
[OS:27855] TURBULENTO | Gap Cuántico: 0.2370 | Load: 0.226
[OS:27860] TURBULENTO | Gap Cuántico: 0.1742 | Load: 0.234
[OS:27865] TURBULENTO | Gap Cuántico: 0.2097 | Load: 0.234
[OS:27870] TURBULENTO | Gap Cuántico: 0.2303 | Load: 0.228
[OS:27875] TURBULENTO | Gap Cuántico: 0.1948 | Load: 0.228
[OS:27880] TURBULENTO | Gap Cuántico: 0.1773 | Load: 0.229
[OS:27885] TURBULENTO | Gap Cuántico: 0.2244 | Load: 0.231
[OS:27890] TURBULENTO | Gap Cuántico: 0.1883 | Load: 0.224
[OS:27895] TURBULENTO | Gap Cuántico: 0.2172 | Load: 0.224
[OS:27900] TURBULENTO | Gap Cuántico: 0.2009 | Load: 0.234
[OS:27905] TURBULENTO | Gap Cuántico: 0.2408 | Load: 0.237
[OS:27910] TURBULENTO | Gap Cuántico: 0.2170 | Load: 0.238
[OS:27915] TURBULENTO | Gap Cuántico: 0.1708 | Load: 0.234
[OS:27920] TURBULENTO | Gap Cuántico: 0.1875 | Load: 0.232
[OS:27925] TURBULENTO | Gap Cuántico: 0.1813 | Load: 0.228
[OS:27930] TURBULENTO | Gap Cuántico: 0.1942 | Load: 0.230
[OS:27935] TURBULENTO | Gap Cuántico: 0.1869 | Load: 0.231
[OS:27940] TURBULENTO | Gap Cuántico: 0.1760 | Load: 0.226
[OS:27945] TURBULENTO | Gap Cuántico: 0.2179 | Load: 0.229
[OS:27950] TURBULENTO | Gap Cuántico: 0.1797 | Load: 0.230
[OS:27955] TURBULENTO | Gap Cuántico: 0.2065 | Load: 0.235
[OS:27960] TURBULENTO | Gap Cuántico: 0.1887 | Load: 0.233
[OS:27965] TURBULENTO | Gap Cuántico: 0.2333 | Load: 0.233
[OS:27970] TURBULENTO | Gap Cuántico: 0.1831 | Load: 0.227
[OS:27975] TURBULENTO | Gap Cuántico: 0.2377 | Load: 0.235
[OS:27980] TURBULENTO | Gap Cuántico: 0.2181 | Load: 0.222
[OS:27985] TURBULENTO | Gap Cuántico: 0.1802 | Load: 0.229
[OS:27990] TURBULENTO | Gap Cuántico: 0.2303 | Load: 0.228
[OS:27995] TURBULENTO | Gap Cuántico: 0.1859 | Load: 0.220
[OS:28000] TURBULENTO | Gap Cuántico: 0.1927 | Load: 0.223
[OS:28005] TURBULENTO | Gap Cuántico: 0.2172 | Load: 0.233
[OS:28010] TURBULENTO | Gap Cuántico: 0.1978 | Load: 0.229
[OS:28015] TURBULENTO | Gap Cuántico: 0.1829 | Load: 0.225
[OS:28020] TURBULENTO | Gap Cuántico: 0.2130 | Load: 0.233
[OS:28025] TURBULENTO | Gap Cuántico: 0.1922 | Load: 0.233
[OS:28030] TURBULENTO | Gap Cuántico: 0.1809 | Load: 0.239
[OS:28035] TURBULENTO | Gap Cuántico: 0.2171 | Load: 0.235
[OS:28040] TURBULENTO | Gap Cuántico: 0.2328 | Load: 0.228
[OS:28045] TURBULENTO | Gap Cuántico: 0.1950 | Load: 0.233
[OS:28050] TURBULENTO | Gap Cuántico: 0.2084 | Load: 0.240
[OS:28055] TURBULENTO | Gap Cuántico: 0.1750 | Load: 0.237
[OS:28060] TURBULENTO | Gap Cuántico: 0.2303 | Load: 0.232
[OS:28065] TURBULENTO | Gap Cuántico: 0.2059 | Load: 0.234
[OS:28070] TURBULENTO | Gap Cuántico: 0.1761 | Load: 0.226
[OS:28075] TURBULENTO | Gap Cuántico: 0.1929 | Load: 0.229
[OS:28080] TURBULENTO | Gap Cuántico: 0.1961 | Load: 0.229
[OS:28085] TURBULENTO | Gap Cuántico: 0.2397 | Load: 0.234
[OS:28090] TURBULENTO | Gap Cuántico: 0.2423 | Load: 0.233
[OS:28095] TURBULENTO | Gap Cuántico: 0.2084 | Load: 0.230
[OS:28100] TURBULENTO | Gap Cuántico: 0.2135 | Load: 0.237
[OS:28105] TURBULENTO | Gap Cuántico: 0.2322 | Load: 0.229
[OS:28110] TURBULENTO | Gap Cuántico: 0.1791 | Load: 0.227
[OS:28115] TURBULENTO | Gap Cuántico: 0.2394 | Load: 0.238
[OS:28120] TURBULENTO | Gap Cuántico: 0.2172 | Load: 0.232
[OS:28125] TURBULENTO | Gap Cuántico: 0.2147 | Load: 0.234
[OS:28130] TURBULENTO | Gap Cuántico: 0.2144 | Load: 0.229
[OS:28135] TURBULENTO | Gap Cuántico: 0.2087 | Load: 0.226
[OS:28140] TURBULENTO | Gap Cuántico: 0.2120 | Load: 0.223
[OS:28145] TURBULENTO | Gap Cuántico: 0.1753 | Load: 0.232
[OS:28150] TURBULENTO | Gap Cuántico: 0.2394 | Load: 0.232
[OS:28155] TURBULENTO | Gap Cuántico: 0.2135 | Load: 0.228
[OS:28160] TURBULENTO | Gap Cuántico: 0.1848 | Load: 0.219
[OS:28165] TURBULENTO | Gap Cuántico: 0.2165 | Load: 0.233
[OS:28170] TURBULENTO | Gap Cuántico: 0.2328 | Load: 0.225
[OS:28175] TURBULENTO | Gap Cuántico: 0.2083 | Load: 0.225
[OS:28180] TURBULENTO | Gap Cuántico: 0.2290 | Load: 0.228
[OS:28185] TURBULENTO | Gap Cuántico: 0.1960 | Load: 0.230
[OS:28190] TURBULENTO | Gap Cuántico: 0.1790 | Load: 0.227
[OS:28195] TURBULENTO | Gap Cuántico: 0.1753 | Load: 0.217
[OS:28200] TURBULENTO | Gap Cuántico: 0.1838 | Load: 0.224
[OS:28205] TURBULENTO | Gap Cuántico: 0.2099 | Load: 0.224
[OS:28210] TURBULENTO | Gap Cuántico: 0.2031 | Load: 0.231
[OS:28215] TURBULENTO | Gap Cuántico: 0.1909 | Load: 0.225
[OS:28220] TURBULENTO | Gap Cuántico: 0.2295 | Load: 0.237
[OS:28225] TURBULENTO | Gap Cuántico: 0.2364 | Load: 0.230
[OS:28230] TURBULENTO | Gap Cuántico: 0.1944 | Load: 0.228
[OS:28235] TURBULENTO | Gap Cuántico: 0.2068 | Load: 0.231
[OS:28240] TURBULENTO | Gap Cuántico: 0.2414 | Load: 0.235
[OS:28245] TURBULENTO | Gap Cuántico: 0.2297 | Load: 0.226
[OS:28250] TURBULENTO | Gap Cuántico: 0.1828 | Load: 0.228
[OS:28255] TURBULENTO | Gap Cuántico: 0.2396 | Load: 0.230
[OS:28260] TURBULENTO | Gap Cuántico: 0.2172 | Load: 0.230
[OS:28265] TURBULENTO | Gap Cuántico: 0.2099 | Load: 0.232
[OS:28270] TURBULENTO | Gap Cuántico: 0.1948 | Load: 0.219
[OS:28275] TURBULENTO | Gap Cuántico: 0.1896 | Load: 0.225
[OS:28280] TURBULENTO | Gap Cuántico: 0.1829 | Load: 0.235
[OS:28285] TURBULENTO | Gap Cuántico: 0.2389 | Load: 0.235
[OS:28290] TURBULENTO | Gap Cuántico: 0.2340 | Load: 0.227
[OS:28295] TURBULENTO | Gap Cuántico: 0.1823 | Load: 0.228
[OS:28300] TURBULENTO | Gap Cuántico: 0.1934 | Load: 0.230
[OS:28305] TURBULENTO | Gap Cuántico: 0.2084 | Load: 0.229
[OS:28310] TURBULENTO | Gap Cuántico: 0.1942 | Load: 0.224
[OS:28315] TURBULENTO | Gap Cuántico: 0.2152 | Load: 0.240
[OS:28320] TURBULENTO | Gap Cuántico: 0.1763 | Load: 0.230
[OS:28325] TURBULENTO | Gap Cuántico: 0.1950 | Load: 0.225
[OS:28330] TURBULENTO | Gap Cuántico: 0.2124 | Load: 0.230
[OS:28335] TURBULENTO | Gap Cuántico: 0.1870 | Load: 0.224
[OS:28340] TURBULENTO | Gap Cuántico: 0.2070 | Load: 0.231
[OS:28345] TURBULENTO | Gap Cuántico: 0.1748 | Load: 0.227
[OS:28350] TURBULENTO | Gap Cuántico: 0.2070 | Load: 0.230
[OS:28355] TURBULENTO | Gap Cuántico: 0.1785 | Load: 0.230
[OS:28360] TURBULENTO | Gap Cuántico: 0.2059 | Load: 0.232
[OS:28365] TURBULENTO | Gap Cuántico: 0.2042 | Load: 0.233
[OS:28370] TURBULENTO | Gap Cuántico: 0.2150 | Load: 0.230
[OS:28375] TURBULENTO | Gap Cuántico: 0.2409 | Load: 0.232
[OS:28380] TURBULENTO | Gap Cuántico: 0.1893 | Load: 0.228
[OS:28385] TURBULENTO | Gap Cuántico: 0.2164 | Load: 0.228
[OS:28390] TURBULENTO | Gap Cuántico: 0.2163 | Load: 0.235
[OS:28395] TURBULENTO | Gap Cuántico: 0.1960 | Load: 0.228
[OS:28400] TURBULENTO | Gap Cuántico: 0.1918 | Load: 0.229
[OS:28405] TURBULENTO | Gap Cuántico: 0.1872 | Load: 0.235
[OS:28410] TURBULENTO | Gap Cuántico: 0.1954 | Load: 0.233
[OS:28415] TURBULENTO | Gap Cuántico: 0.2073 | Load: 0.231
[OS:28420] TURBULENTO | Gap Cuántico: 0.1846 | Load: 0.241
[OS:28425] TURBULENTO | Gap Cuántico: 0.1745 | Load: 0.233
[OS:28430] TURBULENTO | Gap Cuántico: 0.2373 | Load: 0.237
[OS:28435] TURBULENTO | Gap Cuántico: 0.2108 | Load: 0.235
[OS:28440] TURBULENTO | Gap Cuántico: 0.2149 | Load: 0.231
[OS:28445] TURBULENTO | Gap Cuántico: 0.2407 | Load: 0.239
[OS:28450] TURBULENTO | Gap Cuántico: 0.1893 | Load: 0.234
[OS:28455] TURBULENTO | Gap Cuántico: 0.2221 | Load: 0.231
[OS:28460] TURBULENTO | Gap Cuántico: 0.2155 | Load: 0.235
[OS:28465] TURBULENTO | Gap Cuántico: 0.1848 | Load: 0.224
[OS:28470] TURBULENTO | Gap Cuántico: 0.1935 | Load: 0.229
[OS:28475] TURBULENTO | Gap Cuántico: 0.1948 | Load: 0.228
[OS:28480] TURBULENTO | Gap Cuántico: 0.1879 | Load: 0.228
[OS:28485] TURBULENTO | Gap Cuántico: 0.1960 | Load: 0.228
[OS:28490] TURBULENTO | Gap Cuántico: 0.2328 | Load: 0.233
[OS:28495] TURBULENTO | Gap Cuántico: 0.1927 | Load: 0.238
[OS:28500] TURBULENTO | Gap Cuántico: 0.1963 | Load: 0.229
[OS:28505] TURBULENTO | Gap Cuántico: 0.1836 | Load: 0.231
[OS:28510] TURBULENTO | Gap Cuántico: 0.2024 | Load: 0.232
[OS:28515] TURBULENTO | Gap Cuántico: 0.1748 | Load: 0.229
[OS:28520] TURBULENTO | Gap Cuántico: 0.1929 | Load: 0.229
[OS:28525] TURBULENTO | Gap Cuántico: 0.2164 | Load: 0.229
[OS:28530] TURBULENTO | Gap Cuántico: 0.1957 | Load: 0.225
[OS:28535] TURBULENTO | Gap Cuántico: 0.1937 | Load: 0.226
[OS:28540] TURBULENTO | Gap Cuántico: 0.1796 | Load: 0.228
[OS:28545] TURBULENTO | Gap Cuántico: 0.1871 | Load: 0.228
[OS:28550] TURBULENTO | Gap Cuántico: 0.1891 | Load: 0.223
[OS:28555] TURBULENTO | Gap Cuántico: 0.1961 | Load: 0.231
[OS:28560] TURBULENTO | Gap Cuántico: 0.2406 | Load: 0.232
[OS:28565] TURBULENTO | Gap Cuántico: 0.2369 | Load: 0.239
[OS:28570] TURBULENTO | Gap Cuántico: 0.1898 | Load: 0.235
[OS:28575] TURBULENTO | Gap Cuántico: 0.2079 | Load: 0.233
[OS:28580] TURBULENTO | Gap Cuántico: 0.2344 | Load: 0.227
[OS:28585] TURBULENTO | Gap Cuántico: 0.2083 | Load: 0.222
[OS:28590] TURBULENTO | Gap Cuántico: 0.1879 | Load: 0.218
[OS:28595] TURBULENTO | Gap Cuántico: 0.1961 | Load: 0.221
[OS:28600] TURBULENTO | Gap Cuántico: 0.1841 | Load: 0.222
[OS:28605] TURBULENTO | Gap Cuántico: 0.2116 | Load: 0.231
[OS:28610] TURBULENTO | Gap Cuántico: 0.1863 | Load: 0.232
[OS:28615] TURBULENTO | Gap Cuántico: 0.2276 | Load: 0.222
[OS:28620] TURBULENTO | Gap Cuántico: 0.2172 | Load: 0.227
[OS:28625] TURBULENTO | Gap Cuántico: 0.2163 | Load: 0.230
[OS:28630] TURBULENTO | Gap Cuántico: 0.1964 | Load: 0.235
[OS:28635] TURBULENTO | Gap Cuántico: 0.1956 | Load: 0.231
[OS:28640] TURBULENTO | Gap Cuántico: 0.2344 | Load: 0.231
[OS:28645] TURBULENTO | Gap Cuántico: 0.1950 | Load: 0.232
[OS:28650] TURBULENTO | Gap Cuántico: 0.2121 | Load: 0.237
[OS:28655] TURBULENTO | Gap Cuántico: 0.1764 | Load: 0.235
[OS:28660] TURBULENTO | Gap Cuántico: 0.1893 | Load: 0.232
[OS:28665] TURBULENTO | Gap Cuántico: 0.2166 | Load: 0.238
[OS:28670] TURBULENTO | Gap Cuántico: 0.1767 | Load: 0.226
[OS:28675] TURBULENTO | Gap Cuántico: 0.1876 | Load: 0.237
[OS:28680] TURBULENTO | Gap Cuántico: 0.2214 | Load: 0.233
[OS:28685] TURBULENTO | Gap Cuántico: 0.2397 | Load: 0.234
[OS:28690] TURBULENTO | Gap Cuántico: 0.2268 | Load: 0.230
[OS:28695] TURBULENTO | Gap Cuántico: 0.1928 | Load: 0.223
[OS:28700] TURBULENTO | Gap Cuántico: 0.1708 | Load: 0.228
[OS:28705] TURBULENTO | Gap Cuántico: 0.2424 | Load: 0.236
[OS:28710] TURBULENTO | Gap Cuántico: 0.2102 | Load: 0.231
[OS:28715] TURBULENTO | Gap Cuántico: 0.1715 | Load: 0.231
[OS:28720] TURBULENTO | Gap Cuántico: 0.2290 | Load: 0.228
[OS:28725] TURBULENTO | Gap Cuántico: 0.1893 | Load: 0.231
[OS:28730] TURBULENTO | Gap Cuántico: 0.1905 | Load: 0.234
[OS:28735] TURBULENTO | Gap Cuántico: 0.1818 | Load: 0.234
[OS:28740] TURBULENTO | Gap Cuántico: 0.1911 | Load: 0.219
[OS:28745] TURBULENTO | Gap Cuántico: 0.1894 | Load: 0.228
[OS:28750] TURBULENTO | Gap Cuántico: 0.2420 | Load: 0.235
[OS:28755] TURBULENTO | Gap Cuántico: 0.1999 | Load: 0.232
[OS:28760] TURBULENTO | Gap Cuántico: 0.1835 | Load: 0.227
[OS:28765] TURBULENTO | Gap Cuántico: 0.1964 | Load: 0.226
[OS:28770] TURBULENTO | Gap Cuántico: 0.1954 | Load: 0.229
[OS:28775] TURBULENTO | Gap Cuántico: 0.1955 | Load: 0.220
[OS:28780] TURBULENTO | Gap Cuántico: 0.2165 | Load: 0.234
[OS:28785] TURBULENTO | Gap Cuántico: 0.2406 | Load: 0.237
[OS:28790] TURBULENTO | Gap Cuántico: 0.2166 | Load: 0.228
[OS:28795] TURBULENTO | Gap Cuántico: 0.1960 | Load: 0.230
[OS:28800] TURBULENTO | Gap Cuántico: 0.2097 | Load: 0.226
[OS:28805] TURBULENTO | Gap Cuántico: 0.2416 | Load: 0.226
[OS:28810] TURBULENTO | Gap Cuántico: 0.1750 | Load: 0.226
[OS:28815] TURBULENTO | Gap Cuántico: 0.2406 | Load: 0.231
[OS:28820] TURBULENTO | Gap Cuántico: 0.1760 | Load: 0.226
[OS:28825] TURBULENTO | Gap Cuántico: 0.1960 | Load: 0.227
[OS:28830] TURBULENTO | Gap Cuántico: 0.2223 | Load: 0.226
[OS:28835] TURBULENTO | Gap Cuántico: 0.2423 | Load: 0.224
[OS:28840] TURBULENTO | Gap Cuántico: 0.1785 | Load: 0.236
[OS:28845] TURBULENTO | Gap Cuántico: 0.2164 | Load: 0.239
[OS:28850] TURBULENTO | Gap Cuántico: 0.2094 | Load: 0.225
[OS:28855] TURBULENTO | Gap Cuántico: 0.2168 | Load: 0.222
[OS:28860] TURBULENTO | Gap Cuántico: 0.2322 | Load: 0.228
[OS:28865] TURBULENTO | Gap Cuántico: 0.2328 | Load: 0.231
[OS:28870] TURBULENTO | Gap Cuántico: 0.2112 | Load: 0.235
[OS:28875] TURBULENTO | Gap Cuántico: 0.2397 | Load: 0.228
[OS:28880] TURBULENTO | Gap Cuántico: 0.2417 | Load: 0.231
[OS:28885] TURBULENTO | Gap Cuántico: 0.1939 | Load: 0.227
[OS:28890] TURBULENTO | Gap Cuántico: 0.1859 | Load: 0.221
[OS:28895] TURBULENTO | Gap Cuántico: 0.2402 | Load: 0.232
[OS:28900] TURBULENTO | Gap Cuántico: 0.1925 | Load: 0.236
[OS:28905] TURBULENTO | Gap Cuántico: 0.2190 | Load: 0.230
[OS:28910] TURBULENTO | Gap Cuántico: 0.1887 | Load: 0.233
[OS:28915] TURBULENTO | Gap Cuántico: 0.1887 | Load: 0.230
[OS:28920] TURBULENTO | Gap Cuántico: 0.1905 | Load: 0.236
[OS:28925] TURBULENTO | Gap Cuántico: 0.1926 | Load: 0.226
[OS:28930] TURBULENTO | Gap Cuántico: 0.2132 | Load: 0.233
[OS:28935] TURBULENTO | Gap Cuántico: 0.1946 | Load: 0.233
[OS:28940] TURBULENTO | Gap Cuántico: 0.2126 | Load: 0.230
[OS:28945] TURBULENTO | Gap Cuántico: 0.2067 | Load: 0.226
[OS:28950] TURBULENTO | Gap Cuántico: 0.2170 | Load: 0.227
[OS:28955] TURBULENTO | Gap Cuántico: 0.1960 | Load: 0.231
[OS:28960] TURBULENTO | Gap Cuántico: 0.1767 | Load: 0.226
[OS:28965] TURBULENTO | Gap Cuántico: 0.1745 | Load: 0.232
[OS:28970] TURBULENTO | Gap Cuántico: 0.1836 | Load: 0.228
[OS:28975] TURBULENTO | Gap Cuántico: 0.2137 | Load: 0.231
[OS:28980] TURBULENTO | Gap Cuántico: 0.2168 | Load: 0.235
[OS:28985] TURBULENTO | Gap Cuántico: 0.2422 | Load: 0.235
[OS:28990] TURBULENTO | Gap Cuántico: 0.1902 | Load: 0.223
[OS:28995] TURBULENTO | Gap Cuántico: 0.1888 | Load: 0.238
[OS:29000] TURBULENTO | Gap Cuántico: 0.1887 | Load: 0.236
[OS:29005] TURBULENTO | Gap Cuántico: 0.1895 | Load: 0.236
[OS:29010] TURBULENTO | Gap Cuántico: 0.1746 | Load: 0.228
[OS:29015] TURBULENTO | Gap Cuántico: 0.1785 | Load: 0.225
[OS:29020] TURBULENTO | Gap Cuántico: 0.1762 | Load: 0.235
[OS:29025] TURBULENTO | Gap Cuántico: 0.1893 | Load: 0.236
[OS:29030] TURBULENTO | Gap Cuántico: 0.2364 | Load: 0.231
[OS:29035] TURBULENTO | Gap Cuántico: 0.1957 | Load: 0.224
[OS:29040] TURBULENTO | Gap Cuántico: 0.1889 | Load: 0.227
[OS:29045] TURBULENTO | Gap Cuántico: 0.2227 | Load: 0.233
[OS:29050] TURBULENTO | Gap Cuántico: 0.2340 | Load: 0.234
[OS:29055] TURBULENTO | Gap Cuántico: 0.2423 | Load: 0.236
[OS:29060] TURBULENTO | Gap Cuántico: 0.1891 | Load: 0.231
[OS:29065] TURBULENTO | Gap Cuántico: 0.1724 | Load: 0.222
[OS:29070] TURBULENTO | Gap Cuántico: 0.1861 | Load: 0.228
[OS:29075] TURBULENTO | Gap Cuántico: 0.1831 | Load: 0.228
[OS:29080] TURBULENTO | Gap Cuántico: 0.2152 | Load: 0.235
[OS:29085] TURBULENTO | Gap Cuántico: 0.1913 | Load: 0.235
[OS:29090] TURBULENTO | Gap Cuántico: 0.1915 | Load: 0.228
[OS:29095] TURBULENTO | Gap Cuántico: 0.2147 | Load: 0.229
[OS:29100] TURBULENTO | Gap Cuántico: 0.2009 | Load: 0.230
[OS:29105] TURBULENTO | Gap Cuántico: 0.2290 | Load: 0.230
[OS:29110] TURBULENTO | Gap Cuántico: 0.1755 | Load: 0.225
[OS:29115] TURBULENTO | Gap Cuántico: 0.2165 | Load: 0.232
[OS:29120] TURBULENTO | Gap Cuántico: 0.2276 | Load: 0.232
[OS:29125] TURBULENTO | Gap Cuántico: 0.1883 | Load: 0.228
[OS:29130] TURBULENTO | Gap Cuántico: 0.1860 | Load: 0.238
[OS:29135] TURBULENTO | Gap Cuántico: 0.2169 | Load: 0.237
[OS:29140] TURBULENTO | Gap Cuántico: 0.2359 | Load: 0.237
[OS:29145] TURBULENTO | Gap Cuántico: 0.1767 | Load: 0.229
[OS:29150] TURBULENTO | Gap Cuántico: 0.2301 | Load: 0.228
[OS:29155] TURBULENTO | Gap Cuántico: 0.2168 | Load: 0.234
[OS:29160] TURBULENTO | Gap Cuántico: 0.1894 | Load: 0.227
[OS:29165] TURBULENTO | Gap Cuántico: 0.2402 | Load: 0.229
[OS:29170] TURBULENTO | Gap Cuántico: 0.2005 | Load: 0.234
[OS:29175] TURBULENTO | Gap Cuántico: 0.1760 | Load: 0.229
[OS:29180] TURBULENTO | Gap Cuántico: 0.1785 | Load: 0.230
[OS:29185] TURBULENTO | Gap Cuántico: 0.2157 | Load: 0.230
[OS:29190] TURBULENTO | Gap Cuántico: 0.2144 | Load: 0.228
[OS:29195] TURBULENTO | Gap Cuántico: 0.2422 | Load: 0.230
[OS:29200] TURBULENTO | Gap Cuántico: 0.1893 | Load: 0.233
[OS:29205] TURBULENTO | Gap Cuántico: 0.1919 | Load: 0.231
[OS:29210] TURBULENTO | Gap Cuántico: 0.1838 | Load: 0.224
[OS:29215] TURBULENTO | Gap Cuántico: 0.1896 | Load: 0.233
[OS:29220] TURBULENTO | Gap Cuántico: 0.1763 | Load: 0.228
[OS:29225] TURBULENTO | Gap Cuántico: 0.2167 | Load: 0.225
[OS:29230] TURBULENTO | Gap Cuántico: 0.2067 | Load: 0.232
[OS:29235] TURBULENTO | Gap Cuántico: 0.1779 | Load: 0.232
[OS:29240] TURBULENTO | Gap Cuántico: 0.1739 | Load: 0.222
[OS:29245] TURBULENTO | Gap Cuántico: 0.2116 | Load: 0.227
[OS:29250] TURBULENTO | Gap Cuántico: 0.1743 | Load: 0.226
[OS:29255] TURBULENTO | Gap Cuántico: 0.1961 | Load: 0.230
[OS:29260] TURBULENTO | Gap Cuántico: 0.1801 | Load: 0.231
[OS:29265] TURBULENTO | Gap Cuántico: 0.1936 | Load: 0.218
[OS:29270] TURBULENTO | Gap Cuántico: 0.2299 | Load: 0.237
[OS:29275] TURBULENTO | Gap Cuántico: 0.1894 | Load: 0.234
[OS:29280] TURBULENTO | Gap Cuántico: 0.1939 | Load: 0.233
[OS:29285] TURBULENTO | Gap Cuántico: 0.1958 | Load: 0.226
[OS:29290] TURBULENTO | Gap Cuántico: 0.1821 | Load: 0.233
[OS:29295] TURBULENTO | Gap Cuántico: 0.1894 | Load: 0.229
[OS:29300] TURBULENTO | Gap Cuántico: 0.1838 | Load: 0.227
[OS:29305] TURBULENTO | Gap Cuántico: 0.2171 | Load: 0.230
[OS:29310] TURBULENTO | Gap Cuántico: 0.1716 | Load: 0.235
[OS:29315] TURBULENTO | Gap Cuántico: 0.2254 | Load: 0.236
[OS:29320] TURBULENTO | Gap Cuántico: 0.1825 | Load: 0.237
[OS:29325] TURBULENTO | Gap Cuántico: 0.1942 | Load: 0.236
[OS:29330] TURBULENTO | Gap Cuántico: 0.2316 | Load: 0.237
[OS:29335] TURBULENTO | Gap Cuántico: 0.1818 | Load: 0.232
[OS:29340] TURBULENTO | Gap Cuántico: 0.2171 | Load: 0.234
[OS:29345] TURBULENTO | Gap Cuántico: 0.2402 | Load: 0.233
[OS:29350] TURBULENTO | Gap Cuántico: 0.2172 | Load: 0.230
[OS:29355] TURBULENTO | Gap Cuántico: 0.1846 | Load: 0.231
[OS:29360] TURBULENTO | Gap Cuántico: 0.2170 | Load: 0.230
[OS:29365] TURBULENTO | Gap Cuántico: 0.2419 | Load: 0.224
[OS:29370] TURBULENTO | Gap Cuántico: 0.2414 | Load: 0.232
[OS:29375] TURBULENTO | Gap Cuántico: 0.2116 | Load: 0.225
[OS:29380] TURBULENTO | Gap Cuántico: 0.1876 | Load: 0.225
[OS:29385] TURBULENTO | Gap Cuántico: 0.2221 | Load: 0.221
[OS:29390] TURBULENTO | Gap Cuántico: 0.1891 | Load: 0.238
[OS:29395] TURBULENTO | Gap Cuántico: 0.1821 | Load: 0.230
[OS:29400] TURBULENTO | Gap Cuántico: 0.2328 | Load: 0.232
[OS:29405] TURBULENTO | Gap Cuántico: 0.1971 | Load: 0.231
[OS:29410] TURBULENTO | Gap Cuántico: 0.1760 | Load: 0.229
[OS:29415] TURBULENTO | Gap Cuántico: 0.1761 | Load: 0.223
[OS:29420] TURBULENTO | Gap Cuántico: 0.2080 | Load: 0.227
[OS:29425] TURBULENTO | Gap Cuántico: 0.1894 | Load: 0.236
[OS:29430] TURBULENTO | Gap Cuántico: 0.1785 | Load: 0.227
[OS:29435] TURBULENTO | Gap Cuántico: 0.1836 | Load: 0.231
[OS:29440] TURBULENTO | Gap Cuántico: 0.2073 | Load: 0.231
[OS:29445] TURBULENTO | Gap Cuántico: 0.2379 | Load: 0.236
[OS:29450] TURBULENTO | Gap Cuántico: 0.1859 | Load: 0.231
[OS:29455] TURBULENTO | Gap Cuántico: 0.2157 | Load: 0.231
[OS:29460] TURBULENTO | Gap Cuántico: 0.1937 | Load: 0.228
[OS:29465] TURBULENTO | Gap Cuántico: 0.1761 | Load: 0.229
[OS:29470] TURBULENTO | Gap Cuántico: 0.1890 | Load: 0.235
[OS:29475] TURBULENTO | Gap Cuántico: 0.2422 | Load: 0.231
[OS:29480] TURBULENTO | Gap Cuántico: 0.1951 | Load: 0.227
[OS:29485] TURBULENTO | Gap Cuántico: 0.1876 | Load: 0.233
[OS:29490] TURBULENTO | Gap Cuántico: 0.1768 | Load: 0.234
[OS:29495] TURBULENTO | Gap Cuántico: 0.2172 | Load: 0.228
[OS:29500] TURBULENTO | Gap Cuántico: 0.2077 | Load: 0.227
[OS:29505] TURBULENTO | Gap Cuántico: 0.1866 | Load: 0.226
[OS:29510] TURBULENTO | Gap Cuántico: 0.2042 | Load: 0.228
[OS:29515] TURBULENTO | Gap Cuántico: 0.2383 | Load: 0.227
[OS:29520] TURBULENTO | Gap Cuántico: 0.1818 | Load: 0.224
[OS:29525] TURBULENTO | Gap Cuántico: 0.1961 | Load: 0.224
[OS:29530] TURBULENTO | Gap Cuántico: 0.1853 | Load: 0.238
[OS:29535] TURBULENTO | Gap Cuántico: 0.2400 | Load: 0.234
[OS:29540] TURBULENTO | Gap Cuántico: 0.2280 | Load: 0.228
[OS:29545] TURBULENTO | Gap Cuántico: 0.1869 | Load: 0.231
[OS:29550] TURBULENTO | Gap Cuántico: 0.1885 | Load: 0.230
[OS:29555] TURBULENTO | Gap Cuántico: 0.1813 | Load: 0.225
[OS:29560] TURBULENTO | Gap Cuántico: 0.2333 | Load: 0.227
[OS:29565] TURBULENTO | Gap Cuántico: 0.2012 | Load: 0.227
[OS:29570] TURBULENTO | Gap Cuántico: 0.1825 | Load: 0.220
[OS:29575] TURBULENTO | Gap Cuántico: 0.1960 | Load: 0.224
[OS:29580] TURBULENTO | Gap Cuántico: 0.1823 | Load: 0.230
[OS:29585] TURBULENTO | Gap Cuántico: 0.1892 | Load: 0.229
[OS:29590] TURBULENTO | Gap Cuántico: 0.2150 | Load: 0.229
[OS:29595] TURBULENTO | Gap Cuántico: 0.1909 | Load: 0.221
[OS:29600] TURBULENTO | Gap Cuántico: 0.1916 | Load: 0.224
[OS:29605] TURBULENTO | Gap Cuántico: 0.2085 | Load: 0.225
[OS:29610] TURBULENTO | Gap Cuántico: 0.1902 | Load: 0.235
[OS:29615] TURBULENTO | Gap Cuántico: 0.1729 | Load: 0.234
[OS:29620] TURBULENTO | Gap Cuántico: 0.2259 | Load: 0.230
[OS:29625] TURBULENTO | Gap Cuántico: 0.2373 | Load: 0.234
[OS:29630] TURBULENTO | Gap Cuántico: 0.1788 | Load: 0.219
[OS:29635] TURBULENTO | Gap Cuántico: 0.2094 | Load: 0.224
[OS:29640] TURBULENTO | Gap Cuántico: 0.1962 | Load: 0.231
[OS:29645] TURBULENTO | Gap Cuántico: 0.1887 | Load: 0.235
[OS:29650] TURBULENTO | Gap Cuántico: 0.1911 | Load: 0.229
[OS:29655] TURBULENTO | Gap Cuántico: 0.2414 | Load: 0.240
[OS:29660] TURBULENTO | Gap Cuántico: 0.1962 | Load: 0.221
[OS:29665] TURBULENTO | Gap Cuántico: 0.2194 | Load: 0.231
[OS:29670] TURBULENTO | Gap Cuántico: 0.2201 | Load: 0.224
[OS:29675] TURBULENTO | Gap Cuántico: 0.2414 | Load: 0.222
[OS:29680] TURBULENTO | Gap Cuántico: 0.2397 | Load: 0.228
[OS:29685] TURBULENTO | Gap Cuántico: 0.2102 | Load: 0.240
[OS:29690] TURBULENTO | Gap Cuántico: 0.1927 | Load: 0.237
[OS:29695] TURBULENTO | Gap Cuántico: 0.2138 | Load: 0.231
[OS:29700] TURBULENTO | Gap Cuántico: 0.2149 | Load: 0.236
[OS:29705] TURBULENTO | Gap Cuántico: 0.2408 | Load: 0.233
[OS:29710] TURBULENTO | Gap Cuántico: 0.1866 | Load: 0.231
[OS:29715] TURBULENTO | Gap Cuántico: 0.2295 | Load: 0.228
[OS:29720] TURBULENTO | Gap Cuántico: 0.2293 | Load: 0.234
[OS:29725] TURBULENTO | Gap Cuántico: 0.2172 | Load: 0.231
[OS:29730] TURBULENTO | Gap Cuántico: 0.1753 | Load: 0.234
[OS:29735] TURBULENTO | Gap Cuántico: 0.1935 | Load: 0.236
[OS:29740] TURBULENTO | Gap Cuántico: 0.2299 | Load: 0.224
[OS:29745] TURBULENTO | Gap Cuántico: 0.2221 | Load: 0.227
[OS:29750] TURBULENTO | Gap Cuántico: 0.2067 | Load: 0.230
[OS:29755] TURBULENTO | Gap Cuántico: 0.1760 | Load: 0.224
[OS:29760] TURBULENTO | Gap Cuántico: 0.1959 | Load: 0.229
[OS:29765] TURBULENTO | Gap Cuántico: 0.2160 | Load: 0.225
[OS:29770] TURBULENTO | Gap Cuántico: 0.1708 | Load: 0.221
[OS:29775] TURBULENTO | Gap Cuántico: 0.2138 | Load: 0.235
[OS:29780] TURBULENTO | Gap Cuántico: 0.2407 | Load: 0.242
[OS:29785] TURBULENTO | Gap Cuántico: 0.2068 | Load: 0.232
[OS:29790] TURBULENTO | Gap Cuántico: 0.2422 | Load: 0.225
[OS:29795] TURBULENTO | Gap Cuántico: 0.1999 | Load: 0.217
[OS:29800] TURBULENTO | Gap Cuántico: 0.2284 | Load: 0.228
[OS:29805] TURBULENTO | Gap Cuántico: 0.2340 | Load: 0.237
[OS:29810] TURBULENTO | Gap Cuántico: 0.1823 | Load: 0.224
[OS:29815] TURBULENTO | Gap Cuántico: 0.1875 | Load: 0.222
[OS:29820] TURBULENTO | Gap Cuántico: 0.1948 | Load: 0.230
[OS:29825] TURBULENTO | Gap Cuántico: 0.2124 | Load: 0.231
[OS:29830] TURBULENTO | Gap Cuántico: 0.1893 | Load: 0.236
[OS:29835] TURBULENTO | Gap Cuántico: 0.1987 | Load: 0.232
[OS:29840] TURBULENTO | Gap Cuántico: 0.1840 | Load: 0.228
[OS:29845] TURBULENTO | Gap Cuántico: 0.1918 | Load: 0.230
[OS:29850] TURBULENTO | Gap Cuántico: 0.2409 | Load: 0.232
[OS:29855] TURBULENTO | Gap Cuántico: 0.2154 | Load: 0.225
[OS:29860] TURBULENTO | Gap Cuántico: 0.1863 | Load: 0.226
[OS:29865] TURBULENTO | Gap Cuántico: 0.1894 | Load: 0.236
[OS:29870] TURBULENTO | Gap Cuántico: 0.1760 | Load: 0.228
[OS:29875] TURBULENTO | Gap Cuántico: 0.1893 | Load: 0.232
[OS:29880] TURBULENTO | Gap Cuántico: 0.2373 | Load: 0.238
[OS:29885] TURBULENTO | Gap Cuántico: 0.2390 | Load: 0.233
[OS:29890] TURBULENTO | Gap Cuántico: 0.2406 | Load: 0.229
[OS:29895] TURBULENTO | Gap Cuántico: 0.1928 | Load: 0.223
[OS:29900] TURBULENTO | Gap Cuántico: 0.1876 | Load: 0.232
[OS:29905] TURBULENTO | Gap Cuántico: 0.1923 | Load: 0.234
[OS:29910] TURBULENTO | Gap Cuántico: 0.2099 | Load: 0.230
[OS:29915] TURBULENTO | Gap Cuántico: 0.1942 | Load: 0.225
[OS:29920] TURBULENTO | Gap Cuántico: 0.1895 | Load: 0.224
[OS:29925] TURBULENTO | Gap Cuántico: 0.1960 | Load: 0.222
[OS:29930] TURBULENTO | Gap Cuántico: 0.1836 | Load: 0.221
[OS:29935] TURBULENTO | Gap Cuántico: 0.2172 | Load: 0.226
[OS:29940] TURBULENTO | Gap Cuántico: 0.2290 | Load: 0.229
[OS:29945] TURBULENTO | Gap Cuántico: 0.1960 | Load: 0.230
[OS:29950] TURBULENTO | Gap Cuántico: 0.2390 | Load: 0.229
[OS:29955] TURBULENTO | Gap Cuántico: 0.2356 | Load: 0.228
[OS:29960] TURBULENTO | Gap Cuántico: 0.1936 | Load: 0.232
[OS:29965] TURBULENTO | Gap Cuántico: 0.1841 | Load: 0.231
[OS:29970] TURBULENTO | Gap Cuántico: 0.1893 | Load: 0.234
[OS:29975] TURBULENTO | Gap Cuántico: 0.1856 | Load: 0.225
[OS:29980] TURBULENTO | Gap Cuántico: 0.2128 | Load: 0.232
[OS:29985] TURBULENTO | Gap Cuántico: 0.1961 | Load: 0.228
[OS:29990] TURBULENTO | Gap Cuántico: 0.1894 | Load: 0.231
[OS:29995] TURBULENTO | Gap Cuántico: 0.2116 | Load: 0.223
[OS:30000] TURBULENTO | Gap Cuántico: 0.2172 | Load: 0.220
[OS:30005] TURBULENTO | Gap Cuántico: 0.1891 | Load: 0.233
[OS:30010] TURBULENTO | Gap Cuántico: 0.2018 | Load: 0.229
[OS:30015] TURBULENTO | Gap Cuántico: 0.2059 | Load: 0.232
[OS:30020] TURBULENTO | Gap Cuántico: 0.1752 | Load: 0.229
[OS:30025] TURBULENTO | Gap Cuántico: 0.2171 | Load: 0.225
[OS:30030] TURBULENTO | Gap Cuántico: 0.1960 | Load: 0.235
[OS:30035] TURBULENTO | Gap Cuántico: 0.2158 | Load: 0.231
[OS:30040] TURBULENTO | Gap Cuántico: 0.1956 | Load: 0.230
[OS:30045] TURBULENTO | Gap Cuántico: 0.1715 | Load: 0.228
[OS:30050] TURBULENTO | Gap Cuántico: 0.1823 | Load: 0.226
[OS:30055] TURBULENTO | Gap Cuántico: 0.2424 | Load: 0.233
[OS:30060] TURBULENTO | Gap Cuántico: 0.1821 | Load: 0.237
[OS:30065] TURBULENTO | Gap Cuántico: 0.2350 | Load: 0.237
[OS:30070] TURBULENTO | Gap Cuántico: 0.1869 | Load: 0.232
[OS:30075] TURBULENTO | Gap Cuántico: 0.2333 | Load: 0.233
[OS:30080] TURBULENTO | Gap Cuántico: 0.1811 | Load: 0.234
[OS:30085] TURBULENTO | Gap Cuántico: 0.1735 | Load: 0.232
[OS:30090] TURBULENTO | Gap Cuántico: 0.2138 | Load: 0.230
[OS:30095] TURBULENTO | Gap Cuántico: 0.2264 | Load: 0.235
[OS:30100] TURBULENTO | Gap Cuántico: 0.1823 | Load: 0.234
[OS:30105] TURBULENTO | Gap Cuántico: 0.1731 | Load: 0.232
[OS:30110] TURBULENTO | Gap Cuántico: 0.1767 | Load: 0.225
[OS:30115] TURBULENTO | Gap Cuántico: 0.1832 | Load: 0.229
[OS:30120] TURBULENTO | Gap Cuántico: 0.1845 | Load: 0.235
[OS:30125] TURBULENTO | Gap Cuántico: 0.2116 | Load: 0.227
[OS:30130] TURBULENTO | Gap Cuántico: 0.1767 | Load: 0.225
[OS:30135] TURBULENTO | Gap Cuántico: 0.2227 | Load: 0.227
[OS:30140] TURBULENTO | Gap Cuántico: 0.2181 | Load: 0.235
[OS:30145] TURBULENTO | Gap Cuántico: 0.1878 | Load: 0.228
[OS:30150] TURBULENTO | Gap Cuántico: 0.1929 | Load: 0.227
[OS:30155] TURBULENTO | Gap Cuántico: 0.2264 | Load: 0.224
[OS:30160] TURBULENTO | Gap Cuántico: 0.2385 | Load: 0.224
[OS:30165] TURBULENTO | Gap Cuántico: 0.1841 | Load: 0.228
[OS:30170] TURBULENTO | Gap Cuántico: 0.2171 | Load: 0.232
[OS:30175] TURBULENTO | Gap Cuántico: 0.1767 | Load: 0.221
[OS:30180] TURBULENTO | Gap Cuántico: 0.1873 | Load: 0.226
[OS:30185] TURBULENTO | Gap Cuántico: 0.2124 | Load: 0.233
[OS:30190] TURBULENTO | Gap Cuántico: 0.1767 | Load: 0.225
[OS:30195] TURBULENTO | Gap Cuántico: 0.1937 | Load: 0.234
[OS:30200] TURBULENTO | Gap Cuántico: 0.1743 | Load: 0.227
[OS:30205] TURBULENTO | Gap Cuántico: 0.2059 | Load: 0.228
[OS:30210] TURBULENTO | Gap Cuántico: 0.1920 | Load: 0.219
[OS:30215] TURBULENTO | Gap Cuántico: 0.2280 | Load: 0.236
[OS:30220] TURBULENTO | Gap Cuántico: 0.2423 | Load: 0.234
[OS:30225] TURBULENTO | Gap Cuántico: 0.2116 | Load: 0.234
[OS:30230] TURBULENTO | Gap Cuántico: 0.1806 | Load: 0.227
[OS:30235] TURBULENTO | Gap Cuántico: 0.2359 | Load: 0.222
[OS:30240] TURBULENTO | Gap Cuántico: 0.2419 | Load: 0.233
[OS:30245] TURBULENTO | Gap Cuántico: 0.2120 | Load: 0.231
[OS:30250] TURBULENTO | Gap Cuántico: 0.2120 | Load: 0.236
[OS:30255] TURBULENTO | Gap Cuántico: 0.1860 | Load: 0.238
[OS:30260] TURBULENTO | Gap Cuántico: 0.1887 | Load: 0.233
[OS:30265] TURBULENTO | Gap Cuántico: 0.1904 | Load: 0.231
[OS:30270] TURBULENTO | Gap Cuántico: 0.2068 | Load: 0.235
[OS:30275] TURBULENTO | Gap Cuántico: 0.1779 | Load: 0.223
[OS:30280] TURBULENTO | Gap Cuántico: 0.1768 | Load: 0.225
[OS:30285] TURBULENTO | Gap Cuántico: 0.2297 | Load: 0.233
[OS:30290] TURBULENTO | Gap Cuántico: 0.2316 | Load: 0.228
[OS:30295] TURBULENTO | Gap Cuántico: 0.2036 | Load: 0.226
[OS:30300] TURBULENTO | Gap Cuántico: 0.1923 | Load: 0.235
[OS:30305] TURBULENTO | Gap Cuántico: 0.2247 | Load: 0.230
[OS:30310] TURBULENTO | Gap Cuántico: 0.2107 | Load: 0.231
[OS:30315] TURBULENTO | Gap Cuántico: 0.2121 | Load: 0.226
[OS:30320] TURBULENTO | Gap Cuántico: 0.1834 | Load: 0.236
[OS:30325] TURBULENTO | Gap Cuántico: 0.1889 | Load: 0.231
[OS:30330] TURBULENTO | Gap Cuántico: 0.1998 | Load: 0.230
[OS:30335] TURBULENTO | Gap Cuántico: 0.1818 | Load: 0.225
[OS:30340] TURBULENTO | Gap Cuántico: 0.2128 | Load: 0.235
[OS:30345] TURBULENTO | Gap Cuántico: 0.1767 | Load: 0.228
[OS:30350] TURBULENTO | Gap Cuántico: 0.1819 | Load: 0.229
[OS:30355] TURBULENTO | Gap Cuántico: 0.1900 | Load: 0.238
[OS:30360] TURBULENTO | Gap Cuántico: 0.1818 | Load: 0.225
[OS:30365] TURBULENTO | Gap Cuántico: 0.2036 | Load: 0.229
[OS:30370] TURBULENTO | Gap Cuántico: 0.1964 | Load: 0.234
[OS:30375] TURBULENTO | Gap Cuántico: 0.1708 | Load: 0.229
[OS:30380] TURBULENTO | Gap Cuántico: 0.1700 | Load: 0.231
[OS:30385] TURBULENTO | Gap Cuántico: 0.1785 | Load: 0.232
[OS:30390] TURBULENTO | Gap Cuántico: 0.1891 | Load: 0.226
[OS:30395] TURBULENTO | Gap Cuántico: 0.2171 | Load: 0.229
[OS:30400] TURBULENTO | Gap Cuántico: 0.1957 | Load: 0.232
[OS:30405] TURBULENTO | Gap Cuántico: 0.1877 | Load: 0.230
[OS:30410] TURBULENTO | Gap Cuántico: 0.1758 | Load: 0.228
[OS:30415] TURBULENTO | Gap Cuántico: 0.1942 | Load: 0.237
[OS:30420] TURBULENTO | Gap Cuántico: 0.1823 | Load: 0.228
[OS:30425] TURBULENTO | Gap Cuántico: 0.2079 | Load: 0.229
[OS:30430] TURBULENTO | Gap Cuántico: 0.2244 | Load: 0.226
[OS:30435] TURBULENTO | Gap Cuántico: 0.1861 | Load: 0.229
[OS:30440] TURBULENTO | Gap Cuántico: 0.1916 | Load: 0.230
[OS:30445] TURBULENTO | Gap Cuántico: 0.2397 | Load: 0.233
[OS:30450] TURBULENTO | Gap Cuántico: 0.1794 | Load: 0.234
[OS:30455] TURBULENTO | Gap Cuántico: 0.2170 | Load: 0.232
[OS:30460] TURBULENTO | Gap Cuántico: 0.1896 | Load: 0.227
[OS:30465] TURBULENTO | Gap Cuántico: 0.2264 | Load: 0.231
[OS:30470] TURBULENTO | Gap Cuántico: 0.1894 | Load: 0.229
[OS:30475] TURBULENTO | Gap Cuántico: 0.2080 | Load: 0.225
[OS:30480] TURBULENTO | Gap Cuántico: 0.1955 | Load: 0.232
[OS:30485] TURBULENTO | Gap Cuántico: 0.2421 | Load: 0.244
[OS:30490] TURBULENTO | Gap Cuántico: 0.2134 | Load: 0.233
[OS:30495] TURBULENTO | Gap Cuántico: 0.1896 | Load: 0.229
[OS:30500] TURBULENTO | Gap Cuántico: 0.1942 | Load: 0.229
[OS:30505] TURBULENTO | Gap Cuántico: 0.2301 | Load: 0.241
[OS:30510] TURBULENTO | Gap Cuántico: 0.2208 | Load: 0.235
[OS:30515] TURBULENTO | Gap Cuántico: 0.1946 | Load: 0.235
[OS:30520] TURBULENTO | Gap Cuántico: 0.2090 | Load: 0.233
[OS:30525] TURBULENTO | Gap Cuántico: 0.1760 | Load: 0.231
[OS:30530] TURBULENTO | Gap Cuántico: 0.2280 | Load: 0.228
[OS:30535] TURBULENTO | Gap Cuántico: 0.1851 | Load: 0.234
[OS:30540] TURBULENTO | Gap Cuántico: 0.2065 | Load: 0.229
[OS:30545] TURBULENTO | Gap Cuántico: 0.2283 | Load: 0.238
[OS:30550] TURBULENTO | Gap Cuántico: 0.1893 | Load: 0.230
[OS:30555] TURBULENTO | Gap Cuántico: 0.1887 | Load: 0.232
[OS:30560] TURBULENTO | Gap Cuántico: 0.2280 | Load: 0.231
[OS:30565] TURBULENTO | Gap Cuántico: 0.1927 | Load: 0.228
[OS:30570] TURBULENTO | Gap Cuántico: 0.1876 | Load: 0.225
[OS:30575] TURBULENTO | Gap Cuántico: 0.2172 | Load: 0.234
[OS:30580] TURBULENTO | Gap Cuántico: 0.2126 | Load: 0.233
[OS:30585] TURBULENTO | Gap Cuántico: 0.2284 | Load: 0.226
[OS:30590] TURBULENTO | Gap Cuántico: 0.1841 | Load: 0.227
[OS:30595] TURBULENTO | Gap Cuántico: 0.2020 | Load: 0.233
[OS:30600] TURBULENTO | Gap Cuántico: 0.1873 | Load: 0.236
[OS:30605] TURBULENTO | Gap Cuántico: 0.1900 | Load: 0.231
[OS:30610] TURBULENTO | Gap Cuántico: 0.1745 | Load: 0.231
[OS:30615] TURBULENTO | Gap Cuántico: 0.1846 | Load: 0.232
[OS:30620] TURBULENTO | Gap Cuántico: 0.1894 | Load: 0.223
[OS:30625] TURBULENTO | Gap Cuántico: 0.1747 | Load: 0.225
[OS:30630] TURBULENTO | Gap Cuántico: 0.1942 | Load: 0.232
[OS:30635] TURBULENTO | Gap Cuántico: 0.1871 | Load: 0.232
[OS:30640] TURBULENTO | Gap Cuántico: 0.2259 | Load: 0.230
[OS:30645] TURBULENTO | Gap Cuántico: 0.2171 | Load: 0.231
[OS:30650] TURBULENTO | Gap Cuántico: 0.2377 | Load: 0.235
[OS:30655] TURBULENTO | Gap Cuántico: 0.2140 | Load: 0.232
[OS:30660] TURBULENTO | Gap Cuántico: 0.1809 | Load: 0.222
[OS:30665] TURBULENTO | Gap Cuántico: 0.2068 | Load: 0.232
[OS:30670] TURBULENTO | Gap Cuántico: 0.1752 | Load: 0.227
[OS:30675] TURBULENTO | Gap Cuántico: 0.2208 | Load: 0.227
[OS:30680] TURBULENTO | Gap Cuántico: 0.2396 | Load: 0.227
[OS:30685] TURBULENTO | Gap Cuántico: 0.2168 | Load: 0.235
[OS:30690] TURBULENTO | Gap Cuántico: 0.1998 | Load: 0.226
[OS:30695] TURBULENTO | Gap Cuántico: 0.2144 | Load: 0.226
[OS:30700] TURBULENTO | Gap Cuántico: 0.1951 | Load: 0.229
[OS:30705] TURBULENTO | Gap Cuántico: 0.1887 | Load: 0.230
[OS:30710] TURBULENTO | Gap Cuántico: 0.2198 | Load: 0.232
[OS:30715] TURBULENTO | Gap Cuántico: 0.1837 | Load: 0.233
[OS:30720] TURBULENTO | Gap Cuántico: 0.1767 | Load: 0.232
[OS:30725] TURBULENTO | Gap Cuántico: 0.2223 | Load: 0.232
[OS:30730] TURBULENTO | Gap Cuántico: 0.2108 | Load: 0.225
[OS:30735] TURBULENTO | Gap Cuántico: 0.2036 | Load: 0.235
[OS:30740] TURBULENTO | Gap Cuántico: 0.1964 | Load: 0.221
[OS:30745] TURBULENTO | Gap Cuántico: 0.2099 | Load: 0.219
[OS:30750] TURBULENTO | Gap Cuántico: 0.2166 | Load: 0.219
[OS:30755] TURBULENTO | Gap Cuántico: 0.1932 | Load: 0.229
[OS:30760] TURBULENTO | Gap Cuántico: 0.1849 | Load: 0.232
[OS:30765] TURBULENTO | Gap Cuántico: 0.1875 | Load: 0.227
[OS:30770] TURBULENTO | Gap Cuántico: 0.1987 | Load: 0.240
[OS:30775] TURBULENTO | Gap Cuántico: 0.1878 | Load: 0.244
[OS:30780] TURBULENTO | Gap Cuántico: 0.1911 | Load: 0.233
[OS:30785] TURBULENTO | Gap Cuántico: 0.2397 | Load: 0.229
[OS:30790] TURBULENTO | Gap Cuántico: 0.1893 | Load: 0.227
[OS:30795] TURBULENTO | Gap Cuántico: 0.2339 | Load: 0.233
[OS:30800] TURBULENTO | Gap Cuántico: 0.1767 | Load: 0.228
[OS:30805] TURBULENTO | Gap Cuántico: 0.2273 | Load: 0.237
[OS:30810] TURBULENTO | Gap Cuántico: 0.2168 | Load: 0.239
[OS:30815] TURBULENTO | Gap Cuántico: 0.1779 | Load: 0.236
[OS:30820] TURBULENTO | Gap Cuántico: 0.2147 | Load: 0.232
[OS:30825] TURBULENTO | Gap Cuántico: 0.1708 | Load: 0.226
[OS:30830] TURBULENTO | Gap Cuántico: 0.2128 | Load: 0.224
[OS:30835] TURBULENTO | Gap Cuántico: 0.2068 | Load: 0.224
[OS:30840] TURBULENTO | Gap Cuántico: 0.1896 | Load: 0.228
[OS:30845] TURBULENTO | Gap Cuántico: 0.2201 | Load: 0.223
[OS:30850] TURBULENTO | Gap Cuántico: 0.2403 | Load: 0.233
[OS:30855] TURBULENTO | Gap Cuántico: 0.1763 | Load: 0.236
[OS:30860] TURBULENTO | Gap Cuántico: 0.1801 | Load: 0.229
[OS:30865] TURBULENTO | Gap Cuántico: 0.1894 | Load: 0.235
[OS:30870] TURBULENTO | Gap Cuántico: 0.2171 | Load: 0.232
[OS:30875] TURBULENTO | Gap Cuántico: 0.1889 | Load: 0.228
[OS:30880] TURBULENTO | Gap Cuántico: 0.2165 | Load: 0.233
[OS:30885] TURBULENTO | Gap Cuántico: 0.2269 | Load: 0.240
[OS:30890] TURBULENTO | Gap Cuántico: 0.2065 | Load: 0.236
[OS:30895] TURBULENTO | Gap Cuántico: 0.1750 | Load: 0.233
[OS:30900] TURBULENTO | Gap Cuántico: 0.2159 | Load: 0.230
[OS:30905] TURBULENTO | Gap Cuántico: 0.2247 | Load: 0.222
[OS:30910] TURBULENTO | Gap Cuántico: 0.2156 | Load: 0.231
[OS:30915] TURBULENTO | Gap Cuántico: 0.1823 | Load: 0.233
[OS:30920] TURBULENTO | Gap Cuántico: 0.1779 | Load: 0.236
[OS:30925] TURBULENTO | Gap Cuántico: 0.1759 | Load: 0.229
[OS:30930] TURBULENTO | Gap Cuántico: 0.1753 | Load: 0.231
[OS:30935] TURBULENTO | Gap Cuántico: 0.1961 | Load: 0.239
[OS:30940] TURBULENTO | Gap Cuántico: 0.1957 | Load: 0.232
[OS:30945] TURBULENTO | Gap Cuántico: 0.2365 | Load: 0.234
[OS:30950] TURBULENTO | Gap Cuántico: 0.1893 | Load: 0.234
[OS:30955] TURBULENTO | Gap Cuántico: 0.1746 | Load: 0.221
[OS:30960] TURBULENTO | Gap Cuántico: 0.1866 | Load: 0.227
[OS:30965] TURBULENTO | Gap Cuántico: 0.2116 | Load: 0.227
[OS:30970] TURBULENTO | Gap Cuántico: 0.1866 | Load: 0.226
[OS:30975] TURBULENTO | Gap Cuántico: 0.2416 | Load: 0.222
[OS:30980] TURBULENTO | Gap Cuántico: 0.1724 | Load: 0.224
[OS:30985] TURBULENTO | Gap Cuántico: 0.1887 | Load: 0.222
[OS:30990] TURBULENTO | Gap Cuántico: 0.1951 | Load: 0.234
[OS:30995] TURBULENTO | Gap Cuántico: 0.1887 | Load: 0.225
[OS:31000] TURBULENTO | Gap Cuántico: 0.2373 | Load: 0.226
[OS:31005] TURBULENTO | Gap Cuántico: 0.2419 | Load: 0.229
[OS:31010] TURBULENTO | Gap Cuántico: 0.1881 | Load: 0.230
[OS:31015] TURBULENTO | Gap Cuántico: 0.2155 | Load: 0.229
[OS:31020] TURBULENTO | Gap Cuántico: 0.1978 | Load: 0.239
[OS:31025] TURBULENTO | Gap Cuántico: 0.2141 | Load: 0.227
[OS:31030] TURBULENTO | Gap Cuántico: 0.2079 | Load: 0.226
[OS:31035] TURBULENTO | Gap Cuántico: 0.2244 | Load: 0.231
[OS:31040] TURBULENTO | Gap Cuántico: 0.1779 | Load: 0.227
[OS:31045] TURBULENTO | Gap Cuántico: 0.2268 | Load: 0.234
[OS:31050] TURBULENTO | Gap Cuántico: 0.1757 | Load: 0.231
[OS:31055] TURBULENTO | Gap Cuántico: 0.2339 | Load: 0.235
[OS:31060] TURBULENTO | Gap Cuántico: 0.1875 | Load: 0.227
[OS:31065] TURBULENTO | Gap Cuántico: 0.1957 | Load: 0.224
[OS:31070] TURBULENTO | Gap Cuántico: 0.1894 | Load: 0.226
[OS:31075] TURBULENTO | Gap Cuántico: 0.2322 | Load: 0.229
[OS:31080] TURBULENTO | Gap Cuántico: 0.1823 | Load: 0.226
[OS:31085] TURBULENTO | Gap Cuántico: 0.1700 | Load: 0.223
[OS:31090] TURBULENTO | Gap Cuántico: 0.1875 | Load: 0.233
[OS:31095] TURBULENTO | Gap Cuántico: 0.2140 | Load: 0.226
[OS:31100] TURBULENTO | Gap Cuántico: 0.1887 | Load: 0.228
[OS:31105] TURBULENTO | Gap Cuántico: 0.2154 | Load: 0.231
[OS:31110] TURBULENTO | Gap Cuántico: 0.2018 | Load: 0.233
[OS:31115] TURBULENTO | Gap Cuántico: 0.2418 | Load: 0.243
[OS:31120] TURBULENTO | Gap Cuántico: 0.1946 | Load: 0.241
[OS:31125] TURBULENTO | Gap Cuántico: 0.1862 | Load: 0.236
[OS:31130] TURBULENTO | Gap Cuántico: 0.1836 | Load: 0.232
[OS:31135] TURBULENTO | Gap Cuántico: 0.2208 | Load: 0.234
[OS:31140] TURBULENTO | Gap Cuántico: 0.1908 | Load: 0.223
[OS:31145] TURBULENTO | Gap Cuántico: 0.1960 | Load: 0.226
[OS:31150] TURBULENTO | Gap Cuántico: 0.1825 | Load: 0.225
[OS:31155] TURBULENTO | Gap Cuántico: 0.1888 | Load: 0.233
[OS:31160] TURBULENTO | Gap Cuántico: 0.1851 | Load: 0.229
[OS:31165] TURBULENTO | Gap Cuántico: 0.1876 | Load: 0.234
[OS:31170] TURBULENTO | Gap Cuántico: 0.1764 | Load: 0.216
[OS:31175] TURBULENTO | Gap Cuántico: 0.2097 | Load: 0.233
[OS:31180] TURBULENTO | Gap Cuántico: 0.1850 | Load: 0.231
[OS:31185] TURBULENTO | Gap Cuántico: 0.2062 | Load: 0.234
[OS:31190] TURBULENTO | Gap Cuántico: 0.1918 | Load: 0.238
[OS:31195] TURBULENTO | Gap Cuántico: 0.2322 | Load: 0.239
[OS:31200] TURBULENTO | Gap Cuántico: 0.1875 | Load: 0.235
[OS:31205] TURBULENTO | Gap Cuántico: 0.1888 | Load: 0.232
[OS:31210] TURBULENTO | Gap Cuántico: 0.2104 | Load: 0.234
[OS:31215] TURBULENTO | Gap Cuántico: 0.2099 | Load: 0.231
[OS:31220] TURBULENTO | Gap Cuántico: 0.2365 | Load: 0.230
[OS:31225] TURBULENTO | Gap Cuántico: 0.2121 | Load: 0.226
[OS:31230] TURBULENTO | Gap Cuántico: 0.2171 | Load: 0.223
[OS:31235] TURBULENTO | Gap Cuántico: 0.1895 | Load: 0.221
[OS:31240] TURBULENTO | Gap Cuántico: 0.1948 | Load: 0.230
[OS:31245] TURBULENTO | Gap Cuántico: 0.1853 | Load: 0.229
[OS:31250] TURBULENTO | Gap Cuántico: 0.2077 | Load: 0.226
[OS:31255] TURBULENTO | Gap Cuántico: 0.1845 | Load: 0.231
[OS:31260] TURBULENTO | Gap Cuántico: 0.1992 | Load: 0.228
[OS:31265] TURBULENTO | Gap Cuántico: 0.1834 | Load: 0.221
[OS:31270] TURBULENTO | Gap Cuántico: 0.1926 | Load: 0.225
[OS:31275] TURBULENTO | Gap Cuántico: 0.2070 | Load: 0.219
[OS:31280] TURBULENTO | Gap Cuántico: 0.2163 | Load: 0.226
[OS:31285] TURBULENTO | Gap Cuántico: 0.2373 | Load: 0.225
[OS:31290] TURBULENTO | Gap Cuántico: 0.1848 | Load: 0.225
[OS:31295] TURBULENTO | Gap Cuántico: 0.1831 | Load: 0.228
[OS:31300] TURBULENTO | Gap Cuántico: 0.2124 | Load: 0.228
[OS:31305] TURBULENTO | Gap Cuántico: 0.1866 | Load: 0.225
[OS:31310] TURBULENTO | Gap Cuántico: 0.2392 | Load: 0.224
[OS:31315] TURBULENTO | Gap Cuántico: 0.1960 | Load: 0.237
[OS:31320] TURBULENTO | Gap Cuántico: 0.1869 | Load: 0.238
[OS:31325] TURBULENTO | Gap Cuántico: 0.2422 | Load: 0.230
[OS:31330] TURBULENTO | Gap Cuántico: 0.2149 | Load: 0.236
[OS:31335] TURBULENTO | Gap Cuántico: 0.1963 | Load: 0.230
[OS:31340] TURBULENTO | Gap Cuántico: 0.1866 | Load: 0.235
[OS:31345] TURBULENTO | Gap Cuántico: 0.1735 | Load: 0.237
[OS:31350] TURBULENTO | Gap Cuántico: 0.2155 | Load: 0.236
[OS:31355] TURBULENTO | Gap Cuántico: 0.2079 | Load: 0.238
[OS:31360] TURBULENTO | Gap Cuántico: 0.1750 | Load: 0.229
[OS:31365] TURBULENTO | Gap Cuántico: 0.1837 | Load: 0.224
[OS:31370] TURBULENTO | Gap Cuántico: 0.1962 | Load: 0.238
[OS:31375] TURBULENTO | Gap Cuántico: 0.2333 | Load: 0.236
[OS:31380] TURBULENTO | Gap Cuántico: 0.2120 | Load: 0.236
[OS:31385] TURBULENTO | Gap Cuántico: 0.1850 | Load: 0.232
[OS:31390] TURBULENTO | Gap Cuántico: 0.1853 | Load: 0.225
[OS:31395] TURBULENTO | Gap Cuántico: 0.2244 | Load: 0.237
[OS:31400] TURBULENTO | Gap Cuántico: 0.2416 | Load: 0.239
[OS:31405] TURBULENTO | Gap Cuántico: 0.2155 | Load: 0.233
[OS:31410] TURBULENTO | Gap Cuántico: 0.1853 | Load: 0.230
[OS:31415] TURBULENTO | Gap Cuántico: 0.2030 | Load: 0.233
[OS:31420] TURBULENTO | Gap Cuántico: 0.2328 | Load: 0.221
[OS:31425] TURBULENTO | Gap Cuántico: 0.1879 | Load: 0.221
[OS:31430] TURBULENTO | Gap Cuántico: 0.1952 | Load: 0.235
[OS:31435] TURBULENTO | Gap Cuántico: 0.2422 | Load: 0.233
[OS:31440] TURBULENTO | Gap Cuántico: 0.1856 | Load: 0.234
[OS:31445] TURBULENTO | Gap Cuántico: 0.2159 | Load: 0.227
[OS:31450] TURBULENTO | Gap Cuántico: 0.1774 | Load: 0.227
[OS:31455] TURBULENTO | Gap Cuántico: 0.1807 | Load: 0.223
[OS:31460] TURBULENTO | Gap Cuántico: 0.2283 | Load: 0.231
[OS:31465] TURBULENTO | Gap Cuántico: 0.1764 | Load: 0.226
[OS:31470] TURBULENTO | Gap Cuántico: 0.2423 | Load: 0.223
[OS:31475] TURBULENTO | Gap Cuántico: 0.2094 | Load: 0.232
[OS:31480] TURBULENTO | Gap Cuántico: 0.1889 | Load: 0.234
[OS:31485] TURBULENTO | Gap Cuántico: 0.1896 | Load: 0.235
[OS:31490] TURBULENTO | Gap Cuántico: 0.1953 | Load: 0.227
[OS:31495] TURBULENTO | Gap Cuántico: 0.2392 | Load: 0.225
[OS:31500] TURBULENTO | Gap Cuántico: 0.1892 | Load: 0.229
[OS:31505] TURBULENTO | Gap Cuántico: 0.2407 | Load: 0.238
[OS:31510] TURBULENTO | Gap Cuántico: 0.1927 | Load: 0.228
[OS:31515] TURBULENTO | Gap Cuántico: 0.2359 | Load: 0.233
[OS:31520] TURBULENTO | Gap Cuántico: 0.1885 | Load: 0.233
[OS:31525] TURBULENTO | Gap Cuántico: 0.1818 | Load: 0.232
[OS:31530] TURBULENTO | Gap Cuántico: 0.1857 | Load: 0.233
[OS:31535] TURBULENTO | Gap Cuántico: 0.2411 | Load: 0.231
[OS:31540] TURBULENTO | Gap Cuántico: 0.1860 | Load: 0.226
[OS:31545] TURBULENTO | Gap Cuántico: 0.1750 | Load: 0.227
[OS:31550] TURBULENTO | Gap Cuántico: 0.1895 | Load: 0.228
[OS:31555] TURBULENTO | Gap Cuántico: 0.1747 | Load: 0.230
[OS:31560] TURBULENTO | Gap Cuántico: 0.1767 | Load: 0.229
[OS:31565] TURBULENTO | Gap Cuántico: 0.2295 | Load: 0.237
[OS:31570] TURBULENTO | Gap Cuántico: 0.1758 | Load: 0.222
[OS:31575] TURBULENTO | Gap Cuántico: 0.2244 | Load: 0.237
[OS:31580] TURBULENTO | Gap Cuántico: 0.1761 | Load: 0.236
[OS:31585] TURBULENTO | Gap Cuántico: 0.2172 | Load: 0.239
[OS:31590] TURBULENTO | Gap Cuántico: 0.1890 | Load: 0.236
[OS:31595] TURBULENTO | Gap Cuántico: 0.1745 | Load: 0.229
[OS:31600] TURBULENTO | Gap Cuántico: 0.1932 | Load: 0.222
[OS:31605] TURBULENTO | Gap Cuántico: 0.1864 | Load: 0.219
[OS:31610] TURBULENTO | Gap Cuántico: 0.2419 | Load: 0.227
[OS:31615] TURBULENTO | Gap Cuántico: 0.1908 | Load: 0.227
[OS:31620] TURBULENTO | Gap Cuántico: 0.1739 | Load: 0.221
[OS:31625] TURBULENTO | Gap Cuántico: 0.1796 | Load: 0.225
[OS:31630] TURBULENTO | Gap Cuántico: 0.2221 | Load: 0.226
[OS:31635] TURBULENTO | Gap Cuántico: 0.1885 | Load: 0.226
[OS:31640] TURBULENTO | Gap Cuántico: 0.1866 | Load: 0.232
[OS:31645] TURBULENTO | Gap Cuántico: 0.2394 | Load: 0.220
[OS:31650] TURBULENTO | Gap Cuántico: 0.1941 | Load: 0.231
[OS:31655] TURBULENTO | Gap Cuántico: 0.2108 | Load: 0.233
[OS:31660] TURBULENTO | Gap Cuántico: 0.1890 | Load: 0.233
[OS:31665] TURBULENTO | Gap Cuántico: 0.2268 | Load: 0.228
[OS:31670] TURBULENTO | Gap Cuántico: 0.1821 | Load: 0.226
[OS:31675] TURBULENTO | Gap Cuántico: 0.2397 | Load: 0.236
[OS:31680] TURBULENTO | Gap Cuántico: 0.2179 | Load: 0.231
[OS:31685] TURBULENTO | Gap Cuántico: 0.1960 | Load: 0.228
[OS:31690] TURBULENTO | Gap Cuántico: 0.2361 | Load: 0.237
[OS:31695] TURBULENTO | Gap Cuántico: 0.1854 | Load: 0.237
[OS:31700] TURBULENTO | Gap Cuántico: 0.2316 | Load: 0.237
[OS:31705] TURBULENTO | Gap Cuántico: 0.1961 | Load: 0.240
[OS:31710] TURBULENTO | Gap Cuántico: 0.2386 | Load: 0.230
[OS:31715] TURBULENTO | Gap Cuántico: 0.2147 | Load: 0.229
[OS:31720] TURBULENTO | Gap Cuántico: 0.2172 | Load: 0.230
[OS:31725] TURBULENTO | Gap Cuántico: 0.1998 | Load: 0.233
[OS:31730] TURBULENTO | Gap Cuántico: 0.2214 | Load: 0.233
[OS:31735] TURBULENTO | Gap Cuántico: 0.2373 | Load: 0.244
[OS:31740] TURBULENTO | Gap Cuántico: 0.1785 | Load: 0.229
[OS:31745] TURBULENTO | Gap Cuántico: 0.2369 | Load: 0.228
[OS:31750] TURBULENTO | Gap Cuántico: 0.1894 | Load: 0.230
[OS:31755] TURBULENTO | Gap Cuántico: 0.1900 | Load: 0.228
[OS:31760] TURBULENTO | Gap Cuántico: 0.2127 | Load: 0.235
[OS:31765] TURBULENTO | Gap Cuántico: 0.2172 | Load: 0.229
[OS:31770] TURBULENTO | Gap Cuántico: 0.2155 | Load: 0.231
[OS:31775] TURBULENTO | Gap Cuántico: 0.1708 | Load: 0.227
[OS:31780] TURBULENTO | Gap Cuántico: 0.2020 | Load: 0.229
[OS:31785] TURBULENTO | Gap Cuántico: 0.2167 | Load: 0.228
[OS:31790] TURBULENTO | Gap Cuántico: 0.1796 | Load: 0.230
[OS:31795] TURBULENTO | Gap Cuántico: 0.2303 | Load: 0.227
[OS:31800] TURBULENTO | Gap Cuántico: 0.2269 | Load: 0.231
[OS:31805] TURBULENTO | Gap Cuántico: 0.1878 | Load: 0.227
[OS:31810] TURBULENTO | Gap Cuántico: 0.1942 | Load: 0.226
[OS:31815] TURBULENTO | Gap Cuántico: 0.1871 | Load: 0.227
[OS:31820] TURBULENTO | Gap Cuántico: 0.1729 | Load: 0.234
[OS:31825] TURBULENTO | Gap Cuántico: 0.2370 | Load: 0.237
[OS:31830] TURBULENTO | Gap Cuántico: 0.2169 | Load: 0.238
[OS:31835] TURBULENTO | Gap Cuántico: 0.1763 | Load: 0.223
[OS:31840] TURBULENTO | Gap Cuántico: 0.1823 | Load: 0.225
[OS:31845] TURBULENTO | Gap Cuántico: 0.1951 | Load: 0.229
[OS:31850] TURBULENTO | Gap Cuántico: 0.2108 | Load: 0.233
[OS:31855] TURBULENTO | Gap Cuántico: 0.1840 | Load: 0.231
[OS:31860] TURBULENTO | Gap Cuántico: 0.1992 | Load: 0.232
[OS:31865] TURBULENTO | Gap Cuántico: 0.1894 | Load: 0.231
[OS:31870] TURBULENTO | Gap Cuántico: 0.1845 | Load: 0.233
[OS:31875] TURBULENTO | Gap Cuántico: 0.2160 | Load: 0.223
[OS:31880] TURBULENTO | Gap Cuántico: 0.1911 | Load: 0.234
[OS:31885] TURBULENTO | Gap Cuántico: 0.2404 | Load: 0.232
[OS:31890] TURBULENTO | Gap Cuántico: 0.1869 | Load: 0.227
[OS:31895] TURBULENTO | Gap Cuántico: 0.2132 | Load: 0.228
[OS:31900] TURBULENTO | Gap Cuántico: 0.2012 | Load: 0.226
[OS:31905] TURBULENTO | Gap Cuántico: 0.1823 | Load: 0.235
[OS:31910] TURBULENTO | Gap Cuántico: 0.1735 | Load: 0.232
[OS:31915] TURBULENTO | Gap Cuántico: 0.2107 | Load: 0.233
[OS:31920] TURBULENTO | Gap Cuántico: 0.1758 | Load: 0.228
[OS:31925] TURBULENTO | Gap Cuántico: 0.1946 | Load: 0.230
[OS:31930] TURBULENTO | Gap Cuántico: 0.1914 | Load: 0.220
[OS:31935] TURBULENTO | Gap Cuántico: 0.1781 | Load: 0.230
[OS:31940] TURBULENTO | Gap Cuántico: 0.2130 | Load: 0.234
[OS:31945] TURBULENTO | Gap Cuántico: 0.1902 | Load: 0.225
[OS:31950] TURBULENTO | Gap Cuántico: 0.2416 | Load: 0.232
[OS:31955] TURBULENTO | Gap Cuántico: 0.1978 | Load: 0.228
[OS:31960] TURBULENTO | Gap Cuántico: 0.2394 | Load: 0.239
[OS:31965] TURBULENTO | Gap Cuántico: 0.2397 | Load: 0.236
[OS:31970] TURBULENTO | Gap Cuántico: 0.1801 | Load: 0.229
[OS:31975] TURBULENTO | Gap Cuántico: 0.2316 | Load: 0.231
[OS:31980] TURBULENTO | Gap Cuántico: 0.1849 | Load: 0.235
[OS:31985] TURBULENTO | Gap Cuántico: 0.1878 | Load: 0.228
[OS:31990] TURBULENTO | Gap Cuántico: 0.2152 | Load: 0.234
[OS:31995] TURBULENTO | Gap Cuántico: 0.1893 | Load: 0.233
[OS:32000] TURBULENTO | Gap Cuántico: 0.1960 | Load: 0.229
[OS:32005] TURBULENTO | Gap Cuántico: 0.1755 | Load: 0.219
[OS:32010] TURBULENTO | Gap Cuántico: 0.2386 | Load: 0.241
[OS:32015] TURBULENTO | Gap Cuántico: 0.1781 | Load: 0.228
[OS:32020] TURBULENTO | Gap Cuántico: 0.1959 | Load: 0.226
[OS:32025] TURBULENTO | Gap Cuántico: 0.1813 | Load: 0.225
[OS:32030] TURBULENTO | Gap Cuántico: 0.1742 | Load: 0.225
[OS:32035] TURBULENTO | Gap Cuántico: 0.1749 | Load: 0.224
[OS:32040] TURBULENTO | Gap Cuántico: 0.1869 | Load: 0.223
[OS:32045] TURBULENTO | Gap Cuántico: 0.2172 | Load: 0.227
[OS:32050] TURBULENTO | Gap Cuántico: 0.1960 | Load: 0.226
[OS:32055] TURBULENTO | Gap Cuántico: 0.1951 | Load: 0.231
[OS:32060] TURBULENTO | Gap Cuántico: 0.2112 | Load: 0.230
[OS:32065] TURBULENTO | Gap Cuántico: 0.1883 | Load: 0.222
[OS:32070] TURBULENTO | Gap Cuántico: 0.2290 | Load: 0.229
[OS:32075] TURBULENTO | Gap Cuántico: 0.1840 | Load: 0.227
[OS:32080] TURBULENTO | Gap Cuántico: 0.2290 | Load: 0.229
[OS:32085] TURBULENTO | Gap Cuántico: 0.2297 | Load: 0.228
[OS:32090] TURBULENTO | Gap Cuántico: 0.2407 | Load: 0.229
[OS:32095] TURBULENTO | Gap Cuántico: 0.2373 | Load: 0.225
[OS:32100] TURBULENTO | Gap Cuántico: 0.1834 | Load: 0.232
[OS:32105] TURBULENTO | Gap Cuántico: 0.1841 | Load: 0.230
[OS:32110] TURBULENTO | Gap Cuántico: 0.2154 | Load: 0.227
[OS:32115] TURBULENTO | Gap Cuántico: 0.2421 | Load: 0.239
[OS:32120] TURBULENTO | Gap Cuántico: 0.2163 | Load: 0.234
[OS:32125] TURBULENTO | Gap Cuántico: 0.2406 | Load: 0.233
[OS:32130] TURBULENTO | Gap Cuántico: 0.1975 | Load: 0.240
[OS:32135] TURBULENTO | Gap Cuántico: 0.2322 | Load: 0.228
[OS:32140] TURBULENTO | Gap Cuántico: 0.1766 | Load: 0.225
[OS:32145] TURBULENTO | Gap Cuántico: 0.1807 | Load: 0.231
[OS:32150] TURBULENTO | Gap Cuántico: 0.1863 | Load: 0.231
[OS:32155] TURBULENTO | Gap Cuántico: 0.2414 | Load: 0.233
[OS:32160] TURBULENTO | Gap Cuántico: 0.1929 | Load: 0.233
[OS:32165] TURBULENTO | Gap Cuántico: 0.2424 | Load: 0.237
[OS:32170] TURBULENTO | Gap Cuántico: 0.2167 | Load: 0.225
[OS:32175] TURBULENTO | Gap Cuántico: 0.1760 | Load: 0.221
[OS:32180] TURBULENTO | Gap Cuántico: 0.2179 | Load: 0.230
[OS:32185] TURBULENTO | Gap Cuántico: 0.1756 | Load: 0.222
[OS:32190] TURBULENTO | Gap Cuántico: 0.2135 | Load: 0.224
[OS:32195] TURBULENTO | Gap Cuántico: 0.2373 | Load: 0.231
[OS:32200] TURBULENTO | Gap Cuántico: 0.1796 | Load: 0.214
[OS:32205] TURBULENTO | Gap Cuántico: 0.1746 | Load: 0.218
[OS:32210] TURBULENTO | Gap Cuántico: 0.1729 | Load: 0.222
[OS:32215] TURBULENTO | Gap Cuántico: 0.1762 | Load: 0.233
[OS:32220] TURBULENTO | Gap Cuántico: 0.1832 | Load: 0.230
[OS:32225] TURBULENTO | Gap Cuántico: 0.2012 | Load: 0.227
[OS:32230] TURBULENTO | Gap Cuántico: 0.1872 | Load: 0.228
[OS:32235] TURBULENTO | Gap Cuántico: 0.1893 | Load: 0.228
[OS:32240] TURBULENTO | Gap Cuántico: 0.2073 | Load: 0.233
[OS:32245] TURBULENTO | Gap Cuántico: 0.2356 | Load: 0.228
[OS:32250] TURBULENTO | Gap Cuántico: 0.1913 | Load: 0.226
[OS:32255] TURBULENTO | Gap Cuántico: 0.1862 | Load: 0.227
[OS:32260] TURBULENTO | Gap Cuántico: 0.2150 | Load: 0.230
[OS:32265] TURBULENTO | Gap Cuántico: 0.1911 | Load: 0.235
[OS:32270] TURBULENTO | Gap Cuántico: 0.1836 | Load: 0.229
[OS:32275] TURBULENTO | Gap Cuántico: 0.2116 | Load: 0.233
[OS:32280] TURBULENTO | Gap Cuántico: 0.2163 | Load: 0.224
[OS:32285] TURBULENTO | Gap Cuántico: 0.2396 | Load: 0.224
[OS:32290] TURBULENTO | Gap Cuántico: 0.2170 | Load: 0.238
[OS:32295] TURBULENTO | Gap Cuántico: 0.1957 | Load: 0.232
[OS:32300] TURBULENTO | Gap Cuántico: 0.2423 | Load: 0.233
[OS:32305] TURBULENTO | Gap Cuántico: 0.1763 | Load: 0.231
[OS:32310] TURBULENTO | Gap Cuántico: 0.1857 | Load: 0.232
[OS:32315] TURBULENTO | Gap Cuántico: 0.2409 | Load: 0.231
[OS:32320] TURBULENTO | Gap Cuántico: 0.2042 | Load: 0.231
[OS:32325] TURBULENTO | Gap Cuántico: 0.1848 | Load: 0.224
[OS:32330] TURBULENTO | Gap Cuántico: 0.1928 | Load: 0.225
[OS:32335] TURBULENTO | Gap Cuántico: 0.2099 | Load: 0.226
[OS:32340] TURBULENTO | Gap Cuántico: 0.2407 | Load: 0.229
[OS:32345] TURBULENTO | Gap Cuántico: 0.2152 | Load: 0.227
[OS:32350] TURBULENTO | Gap Cuántico: 0.1796 | Load: 0.220
[OS:32355] TURBULENTO | Gap Cuántico: 0.1823 | Load: 0.222
[OS:32360] TURBULENTO | Gap Cuántico: 0.1958 | Load: 0.226
[OS:32365] TURBULENTO | Gap Cuántico: 0.2062 | Load: 0.233
[OS:32370] TURBULENTO | Gap Cuántico: 0.2377 | Load: 0.231
[OS:32375] TURBULENTO | Gap Cuántico: 0.2214 | Load: 0.238
[OS:32380] TURBULENTO | Gap Cuántico: 0.2422 | Load: 0.235
[OS:32385] TURBULENTO | Gap Cuántico: 0.2147 | Load: 0.228
[OS:32390] TURBULENTO | Gap Cuántico: 0.1834 | Load: 0.226
[OS:32395] TURBULENTO | Gap Cuántico: 0.1946 | Load: 0.226
[OS:32400] TURBULENTO | Gap Cuántico: 0.1818 | Load: 0.227
[OS:32405] TURBULENTO | Gap Cuántico: 0.2169 | Load: 0.227
[OS:32410] TURBULENTO | Gap Cuántico: 0.1875 | Load: 0.216
[OS:32415] TURBULENTO | Gap Cuántico: 0.1846 | Load: 0.233
[OS:32420] TURBULENTO | Gap Cuántico: 0.1915 | Load: 0.235
[OS:32425] TURBULENTO | Gap Cuántico: 0.1944 | Load: 0.235
[OS:32430] TURBULENTO | Gap Cuántico: 0.1869 | Load: 0.227
[OS:32435] TURBULENTO | Gap Cuántico: 0.1808 | Load: 0.226
[OS:32440] TURBULENTO | Gap Cuántico: 0.2422 | Load: 0.229
[OS:32445] TURBULENTO | Gap Cuántico: 0.2089 | Load: 0.227
[OS:32450] TURBULENTO | Gap Cuántico: 0.1782 | Load: 0.231
[OS:32455] TURBULENTO | Gap Cuántico: 0.1956 | Load: 0.227
[OS:32460] TURBULENTO | Gap Cuántico: 0.1939 | Load: 0.224
[OS:32465] TURBULENTO | Gap Cuántico: 0.1801 | Load: 0.231
[OS:32470] TURBULENTO | Gap Cuántico: 0.2349 | Load: 0.235
[OS:32475] TURBULENTO | Gap Cuántico: 0.2421 | Load: 0.232
[OS:32480] TURBULENTO | Gap Cuántico: 0.1869 | Load: 0.233
[OS:32485] TURBULENTO | Gap Cuántico: 0.1869 | Load: 0.229
[OS:32490] TURBULENTO | Gap Cuántico: 0.2404 | Load: 0.228
[OS:32495] TURBULENTO | Gap Cuántico: 0.1801 | Load: 0.227
[OS:32500] TURBULENTO | Gap Cuántico: 0.2030 | Load: 0.226
[OS:32505] TURBULENTO | Gap Cuántico: 0.2116 | Load: 0.229
[OS:32510] TURBULENTO | Gap Cuántico: 0.1863 | Load: 0.231
[OS:32515] TURBULENTO | Gap Cuántico: 0.2170 | Load: 0.234
[OS:32520] TURBULENTO | Gap Cuántico: 0.1840 | Load: 0.229
[OS:32525] TURBULENTO | Gap Cuántico: 0.2079 | Load: 0.228
[OS:32530] TURBULENTO | Gap Cuántico: 0.1877 | Load: 0.229
[OS:32535] TURBULENTO | Gap Cuántico: 0.1763 | Load: 0.227
[OS:32540] TURBULENTO | Gap Cuántico: 0.2080 | Load: 0.220
[OS:32545] TURBULENTO | Gap Cuántico: 0.1895 | Load: 0.227
[OS:32550] TURBULENTO | Gap Cuántico: 0.2420 | Load: 0.224
[OS:32555] TURBULENTO | Gap Cuántico: 0.1949 | Load: 0.231
[OS:32560] TURBULENTO | Gap Cuántico: 0.2121 | Load: 0.229
[OS:32565] TURBULENTO | Gap Cuántico: 0.1767 | Load: 0.222
[OS:32570] TURBULENTO | Gap Cuántico: 0.1877 | Load: 0.226
[OS:32575] TURBULENTO | Gap Cuántico: 0.1879 | Load: 0.221
[OS:32580] TURBULENTO | Gap Cuántico: 0.2423 | Load: 0.230
[OS:32585] TURBULENTO | Gap Cuántico: 0.1875 | Load: 0.224
[OS:32590] TURBULENTO | Gap Cuántico: 0.2031 | Load: 0.228
[OS:32595] TURBULENTO | Gap Cuántico: 0.1955 | Load: 0.234
[OS:32600] TURBULENTO | Gap Cuántico: 0.1762 | Load: 0.225
[OS:32605] TURBULENTO | Gap Cuántico: 0.1755 | Load: 0.234
[OS:32610] TURBULENTO | Gap Cuántico: 0.2264 | Load: 0.233
[OS:32615] TURBULENTO | Gap Cuántico: 0.2172 | Load: 0.219
[OS:32620] TURBULENTO | Gap Cuántico: 0.1828 | Load: 0.225
[OS:32625] TURBULENTO | Gap Cuántico: 0.2181 | Load: 0.238
[OS:32630] TURBULENTO | Gap Cuántico: 0.2344 | Load: 0.226
[OS:32635] TURBULENTO | Gap Cuántico: 0.1842 | Load: 0.225
[OS:32640] TURBULENTO | Gap Cuántico: 0.2073 | Load: 0.230
[OS:32645] TURBULENTO | Gap Cuántico: 0.1891 | Load: 0.224
[OS:32650] TURBULENTO | Gap Cuántico: 0.2322 | Load: 0.229
[OS:32655] TURBULENTO | Gap Cuántico: 0.1891 | Load: 0.230
[OS:32660] TURBULENTO | Gap Cuántico: 0.2059 | Load: 0.225
[OS:32665] TURBULENTO | Gap Cuántico: 0.2120 | Load: 0.228
[OS:32670] TURBULENTO | Gap Cuántico: 0.1883 | Load: 0.227
[OS:32675] TURBULENTO | Gap Cuántico: 0.2042 | Load: 0.229
[OS:32680] TURBULENTO | Gap Cuántico: 0.1953 | Load: 0.227
[OS:32685] TURBULENTO | Gap Cuántico: 0.2099 | Load: 0.238
[OS:32690] TURBULENTO | Gap Cuántico: 0.1823 | Load: 0.224
[OS:32695] TURBULENTO | Gap Cuántico: 0.1758 | Load: 0.227
[OS:32700] TURBULENTO | Gap Cuántico: 0.1959 | Load: 0.227
[OS:32705] TURBULENTO | Gap Cuántico: 0.1918 | Load: 0.226
[OS:32710] TURBULENTO | Gap Cuántico: 0.2168 | Load: 0.239
[OS:32715] TURBULENTO | Gap Cuántico: 0.1929 | Load: 0.228
[OS:32720] TURBULENTO | Gap Cuántico: 0.2089 | Load: 0.223
[OS:32725] TURBULENTO | Gap Cuántico: 0.2381 | Load: 0.234
[OS:32730] TURBULENTO | Gap Cuántico: 0.1885 | Load: 0.230
[OS:32735] TURBULENTO | Gap Cuántico: 0.2138 | Load: 0.230
[OS:32740] TURBULENTO | Gap Cuántico: 0.2157 | Load: 0.230
[OS:32745] TURBULENTO | Gap Cuántico: 0.1756 | Load: 0.224
[OS:32750] TURBULENTO | Gap Cuántico: 0.2116 | Load: 0.231
[OS:32755] TURBULENTO | Gap Cuántico: 0.2116 | Load: 0.230
[OS:32760] TURBULENTO | Gap Cuántico: 0.1998 | Load: 0.231
[OS:32765] TURBULENTO | Gap Cuántico: 0.1760 | Load: 0.225
[OS:32770] TURBULENTO | Gap Cuántico: 0.2322 | Load: 0.230
[OS:32775] TURBULENTO | Gap Cuántico: 0.2423 | Load: 0.231
[OS:32780] TURBULENTO | Gap Cuántico: 0.1802 | Load: 0.232
[OS:32785] TURBULENTO | Gap Cuántico: 0.2181 | Load: 0.235
[OS:32790] TURBULENTO | Gap Cuántico: 0.1813 | Load: 0.230
[OS:32795] TURBULENTO | Gap Cuántico: 0.2073 | Load: 0.232
[OS:32800] TURBULENTO | Gap Cuántico: 0.2365 | Load: 0.235
[OS:32805] TURBULENTO | Gap Cuántico: 0.1946 | Load: 0.223
[OS:32810] TURBULENTO | Gap Cuántico: 0.1889 | Load: 0.233
[OS:32815] TURBULENTO | Gap Cuántico: 0.2227 | Load: 0.235
[OS:32820] TURBULENTO | Gap Cuántico: 0.1880 | Load: 0.226
[OS:32825] TURBULENTO | Gap Cuántico: 0.2207 | Load: 0.235
[OS:32830] TURBULENTO | Gap Cuántico: 0.1794 | Load: 0.224
[OS:32835] TURBULENTO | Gap Cuántico: 0.1842 | Load: 0.226
[OS:32840] TURBULENTO | Gap Cuántico: 0.2214 | Load: 0.232
[OS:32845] TURBULENTO | Gap Cuántico: 0.1894 | Load: 0.228
[OS:32850] TURBULENTO | Gap Cuántico: 0.2121 | Load: 0.229
[OS:32855] TURBULENTO | Gap Cuántico: 0.1961 | Load: 0.226
[OS:32860] TURBULENTO | Gap Cuántico: 0.1819 | Load: 0.227
[OS:32865] TURBULENTO | Gap Cuántico: 0.1961 | Load: 0.229
[OS:32870] TURBULENTO | Gap Cuántico: 0.2344 | Load: 0.235
[OS:32875] TURBULENTO | Gap Cuántico: 0.2166 | Load: 0.226
[OS:32880] TURBULENTO | Gap Cuántico: 0.1877 | Load: 0.229
[OS:32885] TURBULENTO | Gap Cuántico: 0.2344 | Load: 0.230
[OS:32890] TURBULENTO | Gap Cuántico: 0.2422 | Load: 0.237
[OS:32895] TURBULENTO | Gap Cuántico: 0.2364 | Load: 0.228
[OS:32900] TURBULENTO | Gap Cuántico: 0.2215 | Load: 0.228
[OS:32905] TURBULENTO | Gap Cuántico: 0.1893 | Load: 0.235
[OS:32910] TURBULENTO | Gap Cuántico: 0.2423 | Load: 0.232
[OS:32915] TURBULENTO | Gap Cuántico: 0.2172 | Load: 0.234
[OS:32920] TURBULENTO | Gap Cuántico: 0.1978 | Load: 0.235
[OS:32925] TURBULENTO | Gap Cuántico: 0.1866 | Load: 0.239
[OS:32930] TURBULENTO | Gap Cuántico: 0.1935 | Load: 0.239
[OS:32935] TURBULENTO | Gap Cuántico: 0.2103 | Load: 0.226
[OS:32940] TURBULENTO | Gap Cuántico: 0.2169 | Load: 0.229
[OS:32945] TURBULENTO | Gap Cuántico: 0.2171 | Load: 0.231
[OS:32950] TURBULENTO | Gap Cuántico: 0.1861 | Load: 0.230
[OS:32955] TURBULENTO | Gap Cuántico: 0.1958 | Load: 0.231
[OS:32960] TURBULENTO | Gap Cuántico: 0.2103 | Load: 0.230
[OS:32965] TURBULENTO | Gap Cuántico: 0.1887 | Load: 0.226
[OS:32970] TURBULENTO | Gap Cuántico: 0.1887 | Load: 0.224
[OS:32975] TURBULENTO | Gap Cuántico: 0.1999 | Load: 0.233
[OS:32980] TURBULENTO | Gap Cuántico: 0.1873 | Load: 0.224
[OS:32985] TURBULENTO | Gap Cuántico: 0.1823 | Load: 0.227
[OS:32990] TURBULENTO | Gap Cuántico: 0.1846 | Load: 0.228
[OS:32995] TURBULENTO | Gap Cuántico: 0.2273 | Load: 0.233
[OS:33000] TURBULENTO | Gap Cuántico: 0.1895 | Load: 0.228
[OS:33005] TURBULENTO | Gap Cuántico: 0.1961 | Load: 0.230
[OS:33010] TURBULENTO | Gap Cuántico: 0.1916 | Load: 0.234
[OS:33015] TURBULENTO | Gap Cuántico: 0.2172 | Load: 0.233
[OS:33020] TURBULENTO | Gap Cuántico: 0.1948 | Load: 0.235
[OS:33025] TURBULENTO | Gap Cuántico: 0.1866 | Load: 0.236
[OS:33030] TURBULENTO | Gap Cuántico: 0.1802 | Load: 0.223
[OS:33035] TURBULENTO | Gap Cuántico: 0.1941 | Load: 0.225
[OS:33040] TURBULENTO | Gap Cuántico: 0.1883 | Load: 0.225
[OS:33045] TURBULENTO | Gap Cuántico: 0.1940 | Load: 0.224
[OS:33050] TURBULENTO | Gap Cuántico: 0.2141 | Load: 0.233
[OS:33055] TURBULENTO | Gap Cuántico: 0.1950 | Load: 0.231
[OS:33060] TURBULENTO | Gap Cuántico: 0.1948 | Load: 0.230
[OS:33065] TURBULENTO | Gap Cuántico: 0.1862 | Load: 0.227
[OS:33070] TURBULENTO | Gap Cuántico: 0.2157 | Load: 0.228
[OS:33075] TURBULENTO | Gap Cuántico: 0.2373 | Load: 0.230
[OS:33080] TURBULENTO | Gap Cuántico: 0.2085 | Load: 0.232
[OS:33085] TURBULENTO | Gap Cuántico: 0.1835 | Load: 0.225
[OS:33090] TURBULENTO | Gap Cuántico: 0.2231 | Load: 0.228
[OS:33095] TURBULENTO | Gap Cuántico: 0.1962 | Load: 0.231
[OS:33100] TURBULENTO | Gap Cuántico: 0.1936 | Load: 0.237
[OS:33105] TURBULENTO | Gap Cuántico: 0.1915 | Load: 0.232
[OS:33110] TURBULENTO | Gap Cuántico: 0.1811 | Load: 0.225
[OS:33115] TURBULENTO | Gap Cuántico: 0.2194 | Load: 0.233
[OS:33120] TURBULENTO | Gap Cuántico: 0.2052 | Load: 0.242
[OS:33125] TURBULENTO | Gap Cuántico: 0.2154 | Load: 0.232
[OS:33130] TURBULENTO | Gap Cuántico: 0.2361 | Load: 0.234
[OS:33135] TURBULENTO | Gap Cuántico: 0.1823 | Load: 0.228
[OS:33140] TURBULENTO | Gap Cuántico: 0.2170 | Load: 0.230
[OS:33145] TURBULENTO | Gap Cuántico: 0.1849 | Load: 0.220
[OS:33150] TURBULENTO | Gap Cuántico: 0.1856 | Load: 0.232
[OS:33155] TURBULENTO | Gap Cuántico: 0.2141 | Load: 0.231
[OS:33160] TURBULENTO | Gap Cuántico: 0.1834 | Load: 0.237
[OS:33165] TURBULENTO | Gap Cuántico: 0.1903 | Load: 0.232
[OS:33170] TURBULENTO | Gap Cuántico: 0.2169 | Load: 0.225
[OS:33175] TURBULENTO | Gap Cuántico: 0.1823 | Load: 0.223
[OS:33180] TURBULENTO | Gap Cuántico: 0.2157 | Load: 0.238
[OS:33185] TURBULENTO | Gap Cuántico: 0.2316 | Load: 0.235
[OS:33190] TURBULENTO | Gap Cuántico: 0.2309 | Load: 0.237
[OS:33195] TURBULENTO | Gap Cuántico: 0.2107 | Load: 0.231
[OS:33200] TURBULENTO | Gap Cuántico: 0.1961 | Load: 0.226
[OS:33205] TURBULENTO | Gap Cuántico: 0.2208 | Load: 0.228
[OS:33210] TURBULENTO | Gap Cuántico: 0.1853 | Load: 0.231
[OS:33215] TURBULENTO | Gap Cuántico: 0.1885 | Load: 0.229
[OS:33220] TURBULENTO | Gap Cuántico: 0.2423 | Load: 0.229
[OS:33225] TURBULENTO | Gap Cuántico: 0.1902 | Load: 0.223
[OS:33230] TURBULENTO | Gap Cuántico: 0.2158 | Load: 0.234
[OS:33235] TURBULENTO | Gap Cuántico: 0.2104 | Load: 0.237
[OS:33240] TURBULENTO | Gap Cuántico: 0.2416 | Load: 0.228
[OS:33245] TURBULENTO | Gap Cuántico: 0.1802 | Load: 0.223
[OS:33250] TURBULENTO | Gap Cuántico: 0.1806 | Load: 0.223
[OS:33255] TURBULENTO | Gap Cuántico: 0.2067 | Load: 0.228
[OS:33260] TURBULENTO | Gap Cuántico: 0.1998 | Load: 0.231
[OS:33265] TURBULENTO | Gap Cuántico: 0.2295 | Load: 0.233
[OS:33270] TURBULENTO | Gap Cuántico: 0.1890 | Load: 0.229
[OS:33275] TURBULENTO | Gap Cuántico: 0.2156 | Load: 0.227
[OS:33280] TURBULENTO | Gap Cuántico: 0.1937 | Load: 0.226
[OS:33285] TURBULENTO | Gap Cuántico: 0.2170 | Load: 0.233
[OS:33290] TURBULENTO | Gap Cuántico: 0.1807 | Load: 0.230
[OS:33295] TURBULENTO | Gap Cuántico: 0.1919 | Load: 0.226
[OS:33300] TURBULENTO | Gap Cuántico: 0.1894 | Load: 0.226
[OS:33305] TURBULENTO | Gap Cuántico: 0.1878 | Load: 0.231
[OS:33310] TURBULENTO | Gap Cuántico: 0.2171 | Load: 0.224
[OS:33315] TURBULENTO | Gap Cuántico: 0.2304 | Load: 0.231
[OS:33320] TURBULENTO | Gap Cuántico: 0.2156 | Load: 0.232
[OS:33325] TURBULENTO | Gap Cuántico: 0.2227 | Load: 0.221
[OS:33330] TURBULENTO | Gap Cuántico: 0.1919 | Load: 0.223
[OS:33335] TURBULENTO | Gap Cuántico: 0.2407 | Load: 0.227
[OS:33340] TURBULENTO | Gap Cuántico: 0.1827 | Load: 0.231
[OS:33345] TURBULENTO | Gap Cuántico: 0.2090 | Load: 0.229
[OS:33350] TURBULENTO | Gap Cuántico: 0.1871 | Load: 0.236
[OS:33355] TURBULENTO | Gap Cuántico: 0.2154 | Load: 0.233
[OS:33360] TURBULENTO | Gap Cuántico: 0.1802 | Load: 0.235
[OS:33365] TURBULENTO | Gap Cuántico: 0.1877 | Load: 0.228
[OS:33370] TURBULENTO | Gap Cuántico: 0.2404 | Load: 0.236
[OS:33375] TURBULENTO | Gap Cuántico: 0.2094 | Load: 0.233
[OS:33380] TURBULENTO | Gap Cuántico: 0.2168 | Load: 0.234
[OS:33385] TURBULENTO | Gap Cuántico: 0.2154 | Load: 0.237
[OS:33390] TURBULENTO | Gap Cuántico: 0.2151 | Load: 0.228
[OS:33395] TURBULENTO | Gap Cuántico: 0.1961 | Load: 0.232
[OS:33400] TURBULENTO | Gap Cuántico: 0.1998 | Load: 0.228
[OS:33405] TURBULENTO | Gap Cuántico: 0.2134 | Load: 0.228
[OS:33410] TURBULENTO | Gap Cuántico: 0.1877 | Load: 0.228
[OS:33415] TURBULENTO | Gap Cuántico: 0.1957 | Load: 0.230
[OS:33420] TURBULENTO | Gap Cuántico: 0.1927 | Load: 0.228
[OS:33425] TURBULENTO | Gap Cuántico: 0.1834 | Load: 0.221
[OS:33430] TURBULENTO | Gap Cuántico: 0.2042 | Load: 0.232
[OS:33435] TURBULENTO | Gap Cuántico: 0.1823 | Load: 0.228
[OS:33440] TURBULENTO | Gap Cuántico: 0.2334 | Load: 0.235
[OS:33445] TURBULENTO | Gap Cuántico: 0.1708 | Load: 0.237
[OS:33450] TURBULENTO | Gap Cuántico: 0.2108 | Load: 0.232
[OS:33455] TURBULENTO | Gap Cuántico: 0.2231 | Load: 0.232
[OS:33460] TURBULENTO | Gap Cuántico: 0.1841 | Load: 0.226
[OS:33465] TURBULENTO | Gap Cuántico: 0.1753 | Load: 0.231
[OS:33470] TURBULENTO | Gap Cuántico: 0.1939 | Load: 0.228
[OS:33475] TURBULENTO | Gap Cuántico: 0.1836 | Load: 0.228
[OS:33480] TURBULENTO | Gap Cuántico: 0.2334 | Load: 0.230
[OS:33485] TURBULENTO | Gap Cuántico: 0.2403 | Load: 0.236
[OS:33490] TURBULENTO | Gap Cuántico: 0.1796 | Load: 0.221
[OS:33495] TURBULENTO | Gap Cuántico: 0.1889 | Load: 0.235
[OS:33500] TURBULENTO | Gap Cuántico: 0.1895 | Load: 0.227
[OS:33505] TURBULENTO | Gap Cuántico: 0.2134 | Load: 0.225
[OS:33510] TURBULENTO | Gap Cuántico: 0.2163 | Load: 0.224
[OS:33515] TURBULENTO | Gap Cuántico: 0.1864 | Load: 0.230
[OS:33520] TURBULENTO | Gap Cuántico: 0.2316 | Load: 0.241
[OS:33525] TURBULENTO | Gap Cuántico: 0.2132 | Load: 0.237
[OS:33530] TURBULENTO | Gap Cuántico: 0.2169 | Load: 0.225
[OS:33535] TURBULENTO | Gap Cuántico: 0.1978 | Load: 0.228
[OS:33540] TURBULENTO | Gap Cuántico: 0.2150 | Load: 0.235
[OS:33545] TURBULENTO | Gap Cuántico: 0.1861 | Load: 0.239
[OS:33550] TURBULENTO | Gap Cuántico: 0.2172 | Load: 0.232
[OS:33555] TURBULENTO | Gap Cuántico: 0.1878 | Load: 0.219
[OS:33560] TURBULENTO | Gap Cuántico: 0.2145 | Load: 0.228
[OS:33565] TURBULENTO | Gap Cuántico: 0.1962 | Load: 0.231
[OS:33570] TURBULENTO | Gap Cuántico: 0.1823 | Load: 0.229
[OS:33575] TURBULENTO | Gap Cuántico: 0.2161 | Load: 0.235
[OS:33580] TURBULENTO | Gap Cuántico: 0.1818 | Load: 0.230
[OS:33585] TURBULENTO | Gap Cuántico: 0.2059 | Load: 0.227
[OS:33590] TURBULENTO | Gap Cuántico: 0.2269 | Load: 0.222
[OS:33595] TURBULENTO | Gap Cuántico: 0.2420 | Load: 0.231
[OS:33600] TURBULENTO | Gap Cuántico: 0.2422 | Load: 0.223
[OS:33605] TURBULENTO | Gap Cuántico: 0.2063 | Load: 0.225
[OS:33610] TURBULENTO | Gap Cuántico: 0.2163 | Load: 0.226
[OS:33615] TURBULENTO | Gap Cuántico: 0.1935 | Load: 0.227
[OS:33620] TURBULENTO | Gap Cuántico: 0.1878 | Load: 0.233
[OS:33625] TURBULENTO | Gap Cuántico: 0.2127 | Load: 0.232
[OS:33630] TURBULENTO | Gap Cuántico: 0.1992 | Load: 0.232
[OS:33635] TURBULENTO | Gap Cuántico: 0.2090 | Load: 0.238
[OS:33640] TURBULENTO | Gap Cuántico: 0.2361 | Load: 0.230
[OS:33645] TURBULENTO | Gap Cuántico: 0.1761 | Load: 0.223
[OS:33650] TURBULENTO | Gap Cuántico: 0.2268 | Load: 0.220
[OS:33655] TURBULENTO | Gap Cuántico: 0.1816 | Load: 0.225
[OS:33660] TURBULENTO | Gap Cuántico: 0.1818 | Load: 0.223
[OS:33665] TURBULENTO | Gap Cuántico: 0.1956 | Load: 0.232
[OS:33670] TURBULENTO | Gap Cuántico: 0.1892 | Load: 0.232
[OS:33675] TURBULENTO | Gap Cuántico: 0.2065 | Load: 0.226
[OS:33680] TURBULENTO | Gap Cuántico: 0.2120 | Load: 0.220
[OS:33685] TURBULENTO | Gap Cuántico: 0.2349 | Load: 0.235
[OS:33690] TURBULENTO | Gap Cuántico: 0.1797 | Load: 0.228
[OS:33695] TURBULENTO | Gap Cuántico: 0.1853 | Load: 0.228
[OS:33700] TURBULENTO | Gap Cuántico: 0.1975 | Load: 0.223
[OS:33705] TURBULENTO | Gap Cuántico: 0.1811 | Load: 0.227
[OS:33710] TURBULENTO | Gap Cuántico: 0.1863 | Load: 0.224
[OS:33715] TURBULENTO | Gap Cuántico: 0.1999 | Load: 0.230
[OS:33720] TURBULENTO | Gap Cuántico: 0.1883 | Load: 0.232
[OS:33725] TURBULENTO | Gap Cuántico: 0.1831 | Load: 0.232
[OS:33730] TURBULENTO | Gap Cuántico: 0.2181 | Load: 0.226
[OS:33735] TURBULENTO | Gap Cuántico: 0.1861 | Load: 0.221
[OS:33740] TURBULENTO | Gap Cuántico: 0.1964 | Load: 0.234
[OS:33745] TURBULENTO | Gap Cuántico: 0.2420 | Load: 0.240
[OS:33750] TURBULENTO | Gap Cuántico: 0.1866 | Load: 0.237
[OS:33755] TURBULENTO | Gap Cuántico: 0.1956 | Load: 0.237
[OS:33760] TURBULENTO | Gap Cuántico: 0.2316 | Load: 0.231
[OS:33765] TURBULENTO | Gap Cuántico: 0.2171 | Load: 0.233
[OS:33770] TURBULENTO | Gap Cuántico: 0.2284 | Load: 0.231
[OS:33775] TURBULENTO | Gap Cuántico: 0.2143 | Load: 0.228
[OS:33780] TURBULENTO | Gap Cuántico: 0.2207 | Load: 0.222
[OS:33785] TURBULENTO | Gap Cuántico: 0.2417 | Load: 0.226
[OS:33790] TURBULENTO | Gap Cuántico: 0.1913 | Load: 0.236
[OS:33795] TURBULENTO | Gap Cuántico: 0.1954 | Load: 0.223
[OS:33800] TURBULENTO | Gap Cuántico: 0.2042 | Load: 0.230
[OS:33805] TURBULENTO | Gap Cuántico: 0.1960 | Load: 0.226
[OS:33810] TURBULENTO | Gap Cuántico: 0.1971 | Load: 0.231
[OS:33815] TURBULENTO | Gap Cuántico: 0.1885 | Load: 0.234
[OS:33820] TURBULENTO | Gap Cuántico: 0.1869 | Load: 0.237
[OS:33825] TURBULENTO | Gap Cuántico: 0.2423 | Load: 0.235
[OS:33830] TURBULENTO | Gap Cuántico: 0.2130 | Load: 0.228
[OS:33835] TURBULENTO | Gap Cuántico: 0.1957 | Load: 0.219
[OS:33840] TURBULENTO | Gap Cuántico: 0.1902 | Load: 0.232
[OS:33845] TURBULENTO | Gap Cuántico: 0.1877 | Load: 0.225
[OS:33850] TURBULENTO | Gap Cuántico: 0.2151 | Load: 0.230
[OS:33855] TURBULENTO | Gap Cuántico: 0.2131 | Load: 0.229
[OS:33860] TURBULENTO | Gap Cuántico: 0.2402 | Load: 0.228
[OS:33865] TURBULENTO | Gap Cuántico: 0.2419 | Load: 0.226
[OS:33870] TURBULENTO | Gap Cuántico: 0.1801 | Load: 0.227
[OS:33875] TURBULENTO | Gap Cuántico: 0.1891 | Load: 0.223
[OS:33880] TURBULENTO | Gap Cuántico: 0.1894 | Load: 0.225
[OS:33885] TURBULENTO | Gap Cuántico: 0.1860 | Load: 0.227
[OS:33890] TURBULENTO | Gap Cuántico: 0.1747 | Load: 0.233
[OS:33895] TURBULENTO | Gap Cuántico: 0.2171 | Load: 0.238
[OS:33900] TURBULENTO | Gap Cuántico: 0.1842 | Load: 0.229
[OS:33905] TURBULENTO | Gap Cuántico: 0.1952 | Load: 0.233
[OS:33910] TURBULENTO | Gap Cuántico: 0.1998 | Load: 0.236
[OS:33915] TURBULENTO | Gap Cuántico: 0.1920 | Load: 0.219
[OS:33920] TURBULENTO | Gap Cuántico: 0.2012 | Load: 0.233
[OS:33925] TURBULENTO | Gap Cuántico: 0.2108 | Load: 0.230
[OS:33930] TURBULENTO | Gap Cuántico: 0.2152 | Load: 0.229
[OS:33935] TURBULENTO | Gap Cuántico: 0.2418 | Load: 0.225
[OS:33940] TURBULENTO | Gap Cuántico: 0.1883 | Load: 0.222
[OS:33945] TURBULENTO | Gap Cuántico: 0.2361 | Load: 0.225
[OS:33950] TURBULENTO | Gap Cuántico: 0.2424 | Load: 0.221
[OS:33955] TURBULENTO | Gap Cuántico: 0.2370 | Load: 0.222
[OS:33960] TURBULENTO | Gap Cuántico: 0.2223 | Load: 0.231
[OS:33965] TURBULENTO | Gap Cuántico: 0.2116 | Load: 0.236
[OS:33970] TURBULENTO | Gap Cuántico: 0.1766 | Load: 0.228
[OS:33975] TURBULENTO | Gap Cuántico: 0.1848 | Load: 0.238
[OS:33980] TURBULENTO | Gap Cuántico: 0.2124 | Load: 0.229
[OS:33985] TURBULENTO | Gap Cuántico: 0.1900 | Load: 0.238
[OS:33990] TURBULENTO | Gap Cuántico: 0.2412 | Load: 0.241
[OS:33995] TURBULENTO | Gap Cuántico: 0.1948 | Load: 0.234
[OS:34000] TURBULENTO | Gap Cuántico: 0.1898 | Load: 0.224
[OS:34005] TURBULENTO | Gap Cuántico: 0.2379 | Load: 0.230
[OS:34010] TURBULENTO | Gap Cuántico: 0.2259 | Load: 0.237
[OS:34015] TURBULENTO | Gap Cuántico: 0.2304 | Load: 0.235
[OS:34020] TURBULENTO | Gap Cuántico: 0.2127 | Load: 0.231
[OS:34025] TURBULENTO | Gap Cuántico: 0.2295 | Load: 0.236
[OS:34030] TURBULENTO | Gap Cuántico: 0.1708 | Load: 0.223
[OS:34035] TURBULENTO | Gap Cuántico: 0.2239 | Load: 0.237
[OS:34040] TURBULENTO | Gap Cuántico: 0.1840 | Load: 0.233
[OS:34045] TURBULENTO | Gap Cuántico: 0.1941 | Load: 0.231
[OS:34050] TURBULENTO | Gap Cuántico: 0.2154 | Load: 0.234
[OS:34055] TURBULENTO | Gap Cuántico: 0.1752 | Load: 0.231
[OS:34060] TURBULENTO | Gap Cuántico: 0.2149 | Load: 0.237
[OS:34065] TURBULENTO | Gap Cuántico: 0.1762 | Load: 0.223
[OS:34070] TURBULENTO | Gap Cuántico: 0.1963 | Load: 0.228
[OS:34075] TURBULENTO | Gap Cuántico: 0.1951 | Load: 0.227
[OS:34080] TURBULENTO | Gap Cuántico: 0.2422 | Load: 0.236
[OS:34085] TURBULENTO | Gap Cuántico: 0.1888 | Load: 0.233
[OS:34090] TURBULENTO | Gap Cuántico: 0.1927 | Load: 0.226
[OS:34095] TURBULENTO | Gap Cuántico: 0.2214 | Load: 0.223
[OS:34100] TURBULENTO | Gap Cuántico: 0.1961 | Load: 0.233
[OS:34105] TURBULENTO | Gap Cuántico: 0.2093 | Load: 0.222
[OS:34110] TURBULENTO | Gap Cuántico: 0.1832 | Load: 0.220
[OS:34115] TURBULENTO | Gap Cuántico: 0.1999 | Load: 0.218
[OS:34120] TURBULENTO | Gap Cuántico: 0.1724 | Load: 0.228
[OS:34125] TURBULENTO | Gap Cuántico: 0.1942 | Load: 0.225
[OS:34130] TURBULENTO | Gap Cuántico: 0.1875 | Load: 0.226
[OS:34135] TURBULENTO | Gap Cuántico: 0.1888 | Load: 0.225
[OS:34140] TURBULENTO | Gap Cuántico: 0.2390 | Load: 0.229
[OS:34145] TURBULENTO | Gap Cuántico: 0.2107 | Load: 0.231
[OS:34150] TURBULENTO | Gap Cuántico: 0.1731 | Load: 0.231
[OS:34155] TURBULENTO | Gap Cuántico: 0.2223 | Load: 0.232
[OS:34160] TURBULENTO | Gap Cuántico: 0.1879 | Load: 0.227
[OS:34165] TURBULENTO | Gap Cuántico: 0.1782 | Load: 0.228
[OS:34170] TURBULENTO | Gap Cuántico: 0.2085 | Load: 0.231
[OS:34175] TURBULENTO | Gap Cuántico: 0.2280 | Load: 0.236
[OS:34180] TURBULENTO | Gap Cuántico: 0.1962 | Load: 0.235
[OS:34185] TURBULENTO | Gap Cuántico: 0.2301 | Load: 0.229
[OS:34190] TURBULENTO | Gap Cuántico: 0.1851 | Load: 0.238
[OS:34195] TURBULENTO | Gap Cuántico: 0.2403 | Load: 0.238
[OS:34200] TURBULENTO | Gap Cuántico: 0.2402 | Load: 0.238
[OS:34205] TURBULENTO | Gap Cuántico: 0.2116 | Load: 0.234
[OS:34210] TURBULENTO | Gap Cuántico: 0.1958 | Load: 0.229
[OS:34215] TURBULENTO | Gap Cuántico: 0.2403 | Load: 0.238
[OS:34220] TURBULENTO | Gap Cuántico: 0.1869 | Load: 0.232
[OS:34225] TURBULENTO | Gap Cuántico: 0.2116 | Load: 0.231
[OS:34230] TURBULENTO | Gap Cuántico: 0.1849 | Load: 0.233
[OS:34235] TURBULENTO | Gap Cuántico: 0.1872 | Load: 0.233
[OS:34240] TURBULENTO | Gap Cuántico: 0.1883 | Load: 0.226
[OS:34245] TURBULENTO | Gap Cuántico: 0.2018 | Load: 0.232
[OS:34250] TURBULENTO | Gap Cuántico: 0.2132 | Load: 0.224
[OS:34255] TURBULENTO | Gap Cuántico: 0.1842 | Load: 0.231
[OS:34260] TURBULENTO | Gap Cuántico: 0.2418 | Load: 0.227
[OS:34265] TURBULENTO | Gap Cuántico: 0.2166 | Load: 0.233
[OS:34270] TURBULENTO | Gap Cuántico: 0.2165 | Load: 0.232
[OS:34275] TURBULENTO | Gap Cuántico: 0.2124 | Load: 0.229
[OS:34280] TURBULENTO | Gap Cuántico: 0.2116 | Load: 0.227
[OS:34285] TURBULENTO | Gap Cuántico: 0.1836 | Load: 0.229
[OS:34290] TURBULENTO | Gap Cuántico: 0.2322 | Load: 0.229
[OS:34295] TURBULENTO | Gap Cuántico: 0.1893 | Load: 0.224
[OS:34300] TURBULENTO | Gap Cuántico: 0.1941 | Load: 0.228
[OS:34305] TURBULENTO | Gap Cuántico: 0.2172 | Load: 0.234
[OS:34310] TURBULENTO | Gap Cuántico: 0.1879 | Load: 0.225
[OS:34315] TURBULENTO | Gap Cuántico: 0.2149 | Load: 0.224
[OS:34320] TURBULENTO | Gap Cuántico: 0.1851 | Load: 0.234
[OS:34325] TURBULENTO | Gap Cuántico: 0.2160 | Load: 0.232
[OS:34330] TURBULENTO | Gap Cuántico: 0.2171 | Load: 0.238
[OS:34335] TURBULENTO | Gap Cuántico: 0.2394 | Load: 0.239
[OS:34340] TURBULENTO | Gap Cuántico: 0.1861 | Load: 0.238
[OS:34345] TURBULENTO | Gap Cuántico: 0.2154 | Load: 0.231
[OS:34350] TURBULENTO | Gap Cuántico: 0.1951 | Load: 0.225
[OS:34355] TURBULENTO | Gap Cuántico: 0.1892 | Load: 0.229
[OS:34360] TURBULENTO | Gap Cuántico: 0.1708 | Load: 0.223
[OS:34365] TURBULENTO | Gap Cuántico: 0.2154 | Load: 0.233
[OS:34370] TURBULENTO | Gap Cuántico: 0.1999 | Load: 0.232
[OS:34375] TURBULENTO | Gap Cuántico: 0.2073 | Load: 0.233
[OS:34380] TURBULENTO | Gap Cuántico: 0.1764 | Load: 0.231
[OS:34385] TURBULENTO | Gap Cuántico: 0.2135 | Load: 0.233
[OS:34390] TURBULENTO | Gap Cuántico: 0.1961 | Load: 0.229
[OS:34395] TURBULENTO | Gap Cuántico: 0.2396 | Load: 0.229
[OS:34400] TURBULENTO | Gap Cuántico: 0.2420 | Load: 0.241
[OS:34405] TURBULENTO | Gap Cuántico: 0.1781 | Load: 0.232
[OS:34410] TURBULENTO | Gap Cuántico: 0.2269 | Load: 0.238
[OS:34415] TURBULENTO | Gap Cuántico: 0.1937 | Load: 0.234
[OS:34420] TURBULENTO | Gap Cuántico: 0.2154 | Load: 0.231
[OS:34425] TURBULENTO | Gap Cuántico: 0.2149 | Load: 0.228
[OS:34430] TURBULENTO | Gap Cuántico: 0.1773 | Load: 0.232
[OS:34435] TURBULENTO | Gap Cuántico: 0.2333 | Load: 0.236
[OS:34440] TURBULENTO | Gap Cuántico: 0.1763 | Load: 0.227
[OS:34445] TURBULENTO | Gap Cuántico: 0.1915 | Load: 0.235
[OS:34450] TURBULENTO | Gap Cuántico: 0.1948 | Load: 0.230
[OS:34455] TURBULENTO | Gap Cuántico: 0.2160 | Load: 0.237
[OS:34460] TURBULENTO | Gap Cuántico: 0.2090 | Load: 0.229
[OS:34465] TURBULENTO | Gap Cuántico: 0.2169 | Load: 0.233
[OS:34470] TURBULENTO | Gap Cuántico: 0.1850 | Load: 0.222
[OS:34475] TURBULENTO | Gap Cuántico: 0.2030 | Load: 0.219
[OS:34480] TURBULENTO | Gap Cuántico: 0.1913 | Load: 0.222
[OS:34485] TURBULENTO | Gap Cuántico: 0.2172 | Load: 0.225
[OS:34490] TURBULENTO | Gap Cuántico: 0.1808 | Load: 0.231
[OS:34495] TURBULENTO | Gap Cuántico: 0.1879 | Load: 0.225
[OS:34500] TURBULENTO | Gap Cuántico: 0.1949 | Load: 0.234
[OS:34505] TURBULENTO | Gap Cuántico: 0.2419 | Load: 0.232
[OS:34510] TURBULENTO | Gap Cuántico: 0.1755 | Load: 0.230
[OS:34515] TURBULENTO | Gap Cuántico: 0.2316 | Load: 0.227
[OS:34520] TURBULENTO | Gap Cuántico: 0.1849 | Load: 0.221
[OS:34525] TURBULENTO | Gap Cuántico: 0.1887 | Load: 0.228
[OS:34530] TURBULENTO | Gap Cuántico: 0.1878 | Load: 0.225
[OS:34535] TURBULENTO | Gap Cuántico: 0.1911 | Load: 0.234
[OS:34540] TURBULENTO | Gap Cuántico: 0.2303 | Load: 0.234
[OS:34545] TURBULENTO | Gap Cuántico: 0.2421 | Load: 0.226
[OS:34550] TURBULENTO | Gap Cuántico: 0.1761 | Load: 0.221
[OS:34555] TURBULENTO | Gap Cuántico: 0.1878 | Load: 0.214
[OS:34560] TURBULENTO | Gap Cuántico: 0.2135 | Load: 0.230
[OS:34565] TURBULENTO | Gap Cuántico: 0.1959 | Load: 0.235
[OS:34570] TURBULENTO | Gap Cuántico: 0.1844 | Load: 0.236
[OS:34575] TURBULENTO | Gap Cuántico: 0.1959 | Load: 0.233
[OS:34580] TURBULENTO | Gap Cuántico: 0.1872 | Load: 0.232
[OS:34585] TURBULENTO | Gap Cuántico: 0.1964 | Load: 0.227
[OS:34590] TURBULENTO | Gap Cuántico: 0.1837 | Load: 0.223
[OS:34595] TURBULENTO | Gap Cuántico: 0.2168 | Load: 0.228
[OS:34600] TURBULENTO | Gap Cuántico: 0.1956 | Load: 0.226
[OS:34605] TURBULENTO | Gap Cuántico: 0.1877 | Load: 0.238
[OS:34610] TURBULENTO | Gap Cuántico: 0.1959 | Load: 0.230
[OS:34615] TURBULENTO | Gap Cuántico: 0.2073 | Load: 0.235
[OS:34620] TURBULENTO | Gap Cuántico: 0.1762 | Load: 0.223
[OS:34625] TURBULENTO | Gap Cuántico: 0.1802 | Load: 0.233
[OS:34630] TURBULENTO | Gap Cuántico: 0.2309 | Load: 0.234
[OS:34635] TURBULENTO | Gap Cuántico: 0.1860 | Load: 0.230
[OS:34640] TURBULENTO | Gap Cuántico: 0.2303 | Load: 0.230
[OS:34645] TURBULENTO | Gap Cuántico: 0.2233 | Load: 0.225
[OS:34650] TURBULENTO | Gap Cuántico: 0.2160 | Load: 0.229
[OS:34655] TURBULENTO | Gap Cuántico: 0.2163 | Load: 0.234
[OS:34660] TURBULENTO | Gap Cuántico: 0.2144 | Load: 0.234
[OS:34665] TURBULENTO | Gap Cuántico: 0.2156 | Load: 0.231
[OS:34670] TURBULENTO | Gap Cuántico: 0.2077 | Load: 0.232
[OS:34675] TURBULENTO | Gap Cuántico: 0.2171 | Load: 0.233
[OS:34680] TURBULENTO | Gap Cuántico: 0.1856 | Load: 0.231
[OS:34685] TURBULENTO | Gap Cuántico: 0.1806 | Load: 0.233
[OS:34690] TURBULENTO | Gap Cuántico: 0.2104 | Load: 0.232
[OS:34695] TURBULENTO | Gap Cuántico: 0.2379 | Load: 0.232
[OS:34700] TURBULENTO | Gap Cuántico: 0.1928 | Load: 0.231
[OS:34705] TURBULENTO | Gap Cuántico: 0.2339 | Load: 0.228
[OS:34710] TURBULENTO | Gap Cuántico: 0.2135 | Load: 0.229
[OS:34715] TURBULENTO | Gap Cuántico: 0.1729 | Load: 0.225
[OS:34720] TURBULENTO | Gap Cuántico: 0.2264 | Load: 0.227
[OS:34725] TURBULENTO | Gap Cuántico: 0.2024 | Load: 0.235
[OS:34730] TURBULENTO | Gap Cuántico: 0.1851 | Load: 0.229
[OS:34735] TURBULENTO | Gap Cuántico: 0.1866 | Load: 0.221
[OS:34740] TURBULENTO | Gap Cuántico: 0.1998 | Load: 0.228
[OS:34745] TURBULENTO | Gap Cuántico: 0.1767 | Load: 0.226
[OS:34750] TURBULENTO | Gap Cuántico: 0.2373 | Load: 0.229
[OS:34755] TURBULENTO | Gap Cuántico: 0.2364 | Load: 0.233
[OS:34760] TURBULENTO | Gap Cuántico: 0.1889 | Load: 0.235
[OS:34765] TURBULENTO | Gap Cuántico: 0.1859 | Load: 0.232
[OS:34770] TURBULENTO | Gap Cuántico: 0.1878 | Load: 0.221
[OS:34775] TURBULENTO | Gap Cuántico: 0.1825 | Load: 0.228
[OS:34780] TURBULENTO | Gap Cuántico: 0.1862 | Load: 0.226
[OS:34785] TURBULENTO | Gap Cuántico: 0.2152 | Load: 0.223
[OS:34790] TURBULENTO | Gap Cuántico: 0.1889 | Load: 0.225
[OS:34795] TURBULENTO | Gap Cuántico: 0.1959 | Load: 0.230
[OS:34800] TURBULENTO | Gap Cuántico: 0.1896 | Load: 0.222
[OS:34805] TURBULENTO | Gap Cuántico: 0.1928 | Load: 0.227
[OS:34810] TURBULENTO | Gap Cuántico: 0.2158 | Load: 0.229
[OS:34815] TURBULENTO | Gap Cuántico: 0.1731 | Load: 0.225
[OS:34820] TURBULENTO | Gap Cuántico: 0.1763 | Load: 0.229
[OS:34825] TURBULENTO | Gap Cuántico: 0.2276 | Load: 0.240
[OS:34830] TURBULENTO | Gap Cuántico: 0.2020 | Load: 0.238
[OS:34835] TURBULENTO | Gap Cuántico: 0.2005 | Load: 0.234
[OS:34840] TURBULENTO | Gap Cuántico: 0.1999 | Load: 0.225
[OS:34845] TURBULENTO | Gap Cuántico: 0.2392 | Load: 0.232
[OS:34850] TURBULENTO | Gap Cuántico: 0.1931 | Load: 0.230
[OS:34855] TURBULENTO | Gap Cuántico: 0.2404 | Load: 0.241
[OS:34860] TURBULENTO | Gap Cuántico: 0.1925 | Load: 0.221
[OS:34865] TURBULENTO | Gap Cuántico: 0.1870 | Load: 0.218
[OS:34870] TURBULENTO | Gap Cuántico: 0.1908 | Load: 0.223
[OS:34875] TURBULENTO | Gap Cuántico: 0.1877 | Load: 0.227
[OS:34880] TURBULENTO | Gap Cuántico: 0.1948 | Load: 0.234
[OS:34885] TURBULENTO | Gap Cuántico: 0.1866 | Load: 0.223
[OS:34890] TURBULENTO | Gap Cuántico: 0.2421 | Load: 0.230
[OS:34895] TURBULENTO | Gap Cuántico: 0.2322 | Load: 0.233
[OS:34900] TURBULENTO | Gap Cuántico: 0.2259 | Load: 0.224
[OS:34905] TURBULENTO | Gap Cuántico: 0.1866 | Load: 0.227
[OS:34910] TURBULENTO | Gap Cuántico: 0.2171 | Load: 0.226
[OS:34915] TURBULENTO | Gap Cuántico: 0.1877 | Load: 0.237
[OS:34920] TURBULENTO | Gap Cuántico: 0.1832 | Load: 0.233
[OS:34925] TURBULENTO | Gap Cuántico: 0.2156 | Load: 0.227
[OS:34930] TURBULENTO | Gap Cuántico: 0.1911 | Load: 0.228
[OS:34935] TURBULENTO | Gap Cuántico: 0.2112 | Load: 0.231
[OS:34940] TURBULENTO | Gap Cuántico: 0.2108 | Load: 0.230
[OS:34945] TURBULENTO | Gap Cuántico: 0.1819 | Load: 0.235
[OS:34950] TURBULENTO | Gap Cuántico: 0.1951 | Load: 0.236
[OS:34955] TURBULENTO | Gap Cuántico: 0.2264 | Load: 0.234
[OS:34960] TURBULENTO | Gap Cuántico: 0.1851 | Load: 0.231
[OS:34965] TURBULENTO | Gap Cuántico: 0.2138 | Load: 0.221
[OS:34970] TURBULENTO | Gap Cuántico: 0.2295 | Load: 0.233
[OS:34975] TURBULENTO | Gap Cuántico: 0.2168 | Load: 0.235
[OS:34980] TURBULENTO | Gap Cuántico: 0.2223 | Load: 0.235
[OS:34985] TURBULENTO | Gap Cuántico: 0.1891 | Load: 0.225
[OS:34990] TURBULENTO | Gap Cuántico: 0.1902 | Load: 0.231
[OS:34995] TURBULENTO | Gap Cuántico: 0.2124 | Load: 0.235
[OS:35000] TURBULENTO | Gap Cuántico: 0.2377 | Load: 0.222
[OS:35005] TURBULENTO | Gap Cuántico: 0.2108 | Load: 0.220
[OS:35010] TURBULENTO | Gap Cuántico: 0.2399 | Load: 0.231
[OS:35015] TURBULENTO | Gap Cuántico: 0.2160 | Load: 0.220
[OS:35020] TURBULENTO | Gap Cuántico: 0.2386 | Load: 0.229
[OS:35025] TURBULENTO | Gap Cuántico: 0.1881 | Load: 0.236
[OS:35030] TURBULENTO | Gap Cuántico: 0.2424 | Load: 0.232
[OS:35035] TURBULENTO | Gap Cuántico: 0.2149 | Load: 0.223
[OS:35040] TURBULENTO | Gap Cuántico: 0.2170 | Load: 0.228
[OS:35045] TURBULENTO | Gap Cuántico: 0.1722 | Load: 0.229
[OS:35050] TURBULENTO | Gap Cuántico: 0.1926 | Load: 0.230
[OS:35055] TURBULENTO | Gap Cuántico: 0.1796 | Load: 0.219
[OS:35060] TURBULENTO | Gap Cuántico: 0.1892 | Load: 0.221
[OS:35065] TURBULENTO | Gap Cuántico: 0.2379 | Load: 0.223
[OS:35070] TURBULENTO | Gap Cuántico: 0.2374 | Load: 0.234
[OS:35075] TURBULENTO | Gap Cuántico: 0.1763 | Load: 0.219
[OS:35080] TURBULENTO | Gap Cuántico: 0.1729 | Load: 0.225
[OS:35085] TURBULENTO | Gap Cuántico: 0.2146 | Load: 0.230
[OS:35090] TURBULENTO | Gap Cuántico: 0.1937 | Load: 0.226
[OS:35095] TURBULENTO | Gap Cuántico: 0.2417 | Load: 0.235
[OS:35100] TURBULENTO | Gap Cuántico: 0.2036 | Load: 0.239
[OS:35105] TURBULENTO | Gap Cuántico: 0.1853 | Load: 0.237
[OS:35110] TURBULENTO | Gap Cuántico: 0.1880 | Load: 0.224
[OS:35115] TURBULENTO | Gap Cuántico: 0.1892 | Load: 0.228
[OS:35120] TURBULENTO | Gap Cuántico: 0.1758 | Load: 0.225
[OS:35125] TURBULENTO | Gap Cuántico: 0.1836 | Load: 0.222
[OS:35130] TURBULENTO | Gap Cuántico: 0.1948 | Load: 0.225
[OS:35135] TURBULENTO | Gap Cuántico: 0.2149 | Load: 0.223
[OS:35140] TURBULENTO | Gap Cuántico: 0.1863 | Load: 0.225
[OS:35145] TURBULENTO | Gap Cuántico: 0.1767 | Load: 0.225
[OS:35150] TURBULENTO | Gap Cuántico: 0.2030 | Load: 0.223
[OS:35155] TURBULENTO | Gap Cuántico: 0.2042 | Load: 0.222
[OS:35160] TURBULENTO | Gap Cuántico: 0.2171 | Load: 0.230
[OS:35165] TURBULENTO | Gap Cuántico: 0.1961 | Load: 0.228
[OS:35170] TURBULENTO | Gap Cuántico: 0.1779 | Load: 0.232
[OS:35175] TURBULENTO | Gap Cuántico: 0.1851 | Load: 0.230
[OS:35180] TURBULENTO | Gap Cuántico: 0.2316 | Load: 0.238
[OS:35185] TURBULENTO | Gap Cuántico: 0.2094 | Load: 0.231
[OS:35190] TURBULENTO | Gap Cuántico: 0.1932 | Load: 0.227
[OS:35195] TURBULENTO | Gap Cuántico: 0.2190 | Load: 0.225
[OS:35200] TURBULENTO | Gap Cuántico: 0.1828 | Load: 0.234
[OS:35205] TURBULENTO | Gap Cuántico: 0.1909 | Load: 0.236
[OS:35210] TURBULENTO | Gap Cuántico: 0.2166 | Load: 0.227
[OS:35215] TURBULENTO | Gap Cuántico: 0.2157 | Load: 0.228
[OS:35220] TURBULENTO | Gap Cuántico: 0.2350 | Load: 0.231
[OS:35225] TURBULENTO | Gap Cuántico: 0.2365 | Load: 0.229
[OS:35230] TURBULENTO | Gap Cuántico: 0.1876 | Load: 0.227
[OS:35235] TURBULENTO | Gap Cuántico: 0.2414 | Load: 0.233
[OS:35240] TURBULENTO | Gap Cuántico: 0.1941 | Load: 0.232
[OS:35245] TURBULENTO | Gap Cuántico: 0.2403 | Load: 0.237
[OS:35250] TURBULENTO | Gap Cuántico: 0.1782 | Load: 0.234
[OS:35255] TURBULENTO | Gap Cuántico: 0.2283 | Load: 0.229
[OS:35260] TURBULENTO | Gap Cuántico: 0.2134 | Load: 0.221
[OS:35265] TURBULENTO | Gap Cuántico: 0.1834 | Load: 0.225
[OS:35270] TURBULENTO | Gap Cuántico: 0.2361 | Load: 0.227
[OS:35275] TURBULENTO | Gap Cuántico: 0.2297 | Load: 0.232
[OS:35280] TURBULENTO | Gap Cuántico: 0.1952 | Load: 0.230
[OS:35285] TURBULENTO | Gap Cuántico: 0.2147 | Load: 0.231
[OS:35290] TURBULENTO | Gap Cuántico: 0.1837 | Load: 0.223
[OS:35295] TURBULENTO | Gap Cuántico: 0.1888 | Load: 0.230
[OS:35300] TURBULENTO | Gap Cuántico: 0.1891 | Load: 0.235
[OS:35305] TURBULENTO | Gap Cuántico: 0.1892 | Load: 0.228
[OS:35310] TURBULENTO | Gap Cuántico: 0.1892 | Load: 0.231
[OS:35315] TURBULENTO | Gap Cuántico: 0.1866 | Load: 0.240
[OS:35320] TURBULENTO | Gap Cuántico: 0.2301 | Load: 0.231
[OS:35325] TURBULENTO | Gap Cuántico: 0.1950 | Load: 0.227
[OS:35330] TURBULENTO | Gap Cuántico: 0.2144 | Load: 0.224
[OS:35335] TURBULENTO | Gap Cuántico: 0.2227 | Load: 0.232
[OS:35340] TURBULENTO | Gap Cuántico: 0.1785 | Load: 0.226
[OS:35345] TURBULENTO | Gap Cuántico: 0.2145 | Load: 0.231
[OS:35350] TURBULENTO | Gap Cuántico: 0.2065 | Load: 0.234
[OS:35355] TURBULENTO | Gap Cuántico: 0.1834 | Load: 0.235
[OS:35360] TURBULENTO | Gap Cuántico: 0.2379 | Load: 0.236
[OS:35365] TURBULENTO | Gap Cuántico: 0.1788 | Load: 0.226
[OS:35370] TURBULENTO | Gap Cuántico: 0.1823 | Load: 0.235
[OS:35375] TURBULENTO | Gap Cuántico: 0.1893 | Load: 0.222
[OS:35380] TURBULENTO | Gap Cuántico: 0.2383 | Load: 0.230
[OS:35385] TURBULENTO | Gap Cuántico: 0.1745 | Load: 0.230
[OS:35390] TURBULENTO | Gap Cuántico: 0.2162 | Load: 0.231
[OS:35395] TURBULENTO | Gap Cuántico: 0.1885 | Load: 0.225
[OS:35400] TURBULENTO | Gap Cuántico: 0.2171 | Load: 0.232
[OS:35405] TURBULENTO | Gap Cuántico: 0.2299 | Load: 0.233
[OS:35410] TURBULENTO | Gap Cuántico: 0.2124 | Load: 0.234
[OS:35415] TURBULENTO | Gap Cuántico: 0.2290 | Load: 0.225
[OS:35420] TURBULENTO | Gap Cuántico: 0.1881 | Load: 0.219
[OS:35425] TURBULENTO | Gap Cuántico: 0.2403 | Load: 0.230
[OS:35430] TURBULENTO | Gap Cuántico: 0.1891 | Load: 0.224
[OS:35435] TURBULENTO | Gap Cuántico: 0.2416 | Load: 0.228
[OS:35440] TURBULENTO | Gap Cuántico: 0.2273 | Load: 0.237
[OS:35445] TURBULENTO | Gap Cuántico: 0.2042 | Load: 0.237
[OS:35450] TURBULENTO | Gap Cuántico: 0.1962 | Load: 0.234
[OS:35455] TURBULENTO | Gap Cuántico: 0.1953 | Load: 0.238
[OS:35460] TURBULENTO | Gap Cuántico: 0.2079 | Load: 0.230
[OS:35465] TURBULENTO | Gap Cuántico: 0.1818 | Load: 0.236
[OS:35470] TURBULENTO | Gap Cuántico: 0.1818 | Load: 0.230
[OS:35475] TURBULENTO | Gap Cuántico: 0.2408 | Load: 0.232
[OS:35480] TURBULENTO | Gap Cuántico: 0.1898 | Load: 0.217
[OS:35485] TURBULENTO | Gap Cuántico: 0.2128 | Load: 0.227
[OS:35490] TURBULENTO | Gap Cuántico: 0.1860 | Load: 0.227
[OS:35495] TURBULENTO | Gap Cuántico: 0.2171 | Load: 0.231
[OS:35500] TURBULENTO | Gap Cuántico: 0.1964 | Load: 0.230
[OS:35505] TURBULENTO | Gap Cuántico: 0.1869 | Load: 0.222
[OS:35510] TURBULENTO | Gap Cuántico: 0.1790 | Load: 0.221
[OS:35515] TURBULENTO | Gap Cuántico: 0.1878 | Load: 0.232
[OS:35520] TURBULENTO | Gap Cuántico: 0.1823 | Load: 0.232
[OS:35525] TURBULENTO | Gap Cuántico: 0.1894 | Load: 0.229
[OS:35530] TURBULENTO | Gap Cuántico: 0.1747 | Load: 0.227
[OS:35535] TURBULENTO | Gap Cuántico: 0.1960 | Load: 0.234
[OS:35540] TURBULENTO | Gap Cuántico: 0.2171 | Load: 0.231
[OS:35545] TURBULENTO | Gap Cuántico: 0.2350 | Load: 0.228
[OS:35550] TURBULENTO | Gap Cuántico: 0.1866 | Load: 0.226
[OS:35555] TURBULENTO | Gap Cuántico: 0.1962 | Load: 0.229
[OS:35560] TURBULENTO | Gap Cuántico: 0.2374 | Load: 0.221
[OS:35565] TURBULENTO | Gap Cuántico: 0.2247 | Load: 0.227
[OS:35570] TURBULENTO | Gap Cuántico: 0.2283 | Load: 0.238
[OS:35575] TURBULENTO | Gap Cuántico: 0.2373 | Load: 0.236
[OS:35580] TURBULENTO | Gap Cuántico: 0.1956 | Load: 0.229
[OS:35585] TURBULENTO | Gap Cuántico: 0.1779 | Load: 0.227
[OS:35590] TURBULENTO | Gap Cuántico: 0.1819 | Load: 0.232
[OS:35595] TURBULENTO | Gap Cuántico: 0.2349 | Load: 0.225
[OS:35600] TURBULENTO | Gap Cuántico: 0.2124 | Load: 0.230
[OS:35605] TURBULENTO | Gap Cuántico: 0.2167 | Load: 0.228
[OS:35610] TURBULENTO | Gap Cuántico: 0.1894 | Load: 0.238
[OS:35615] TURBULENTO | Gap Cuántico: 0.1708 | Load: 0.233
[OS:35620] TURBULENTO | Gap Cuántico: 0.2187 | Load: 0.234
[OS:35625] TURBULENTO | Gap Cuántico: 0.1951 | Load: 0.228
[OS:35630] TURBULENTO | Gap Cuántico: 0.2112 | Load: 0.225
[OS:35635] TURBULENTO | Gap Cuántico: 0.1879 | Load: 0.224
[OS:35640] TURBULENTO | Gap Cuántico: 0.1752 | Load: 0.231
[OS:35645] TURBULENTO | Gap Cuántico: 0.2170 | Load: 0.233
[OS:35650] TURBULENTO | Gap Cuántico: 0.1925 | Load: 0.232
[OS:35655] TURBULENTO | Gap Cuántico: 0.1838 | Load: 0.233
[OS:35660] TURBULENTO | Gap Cuántico: 0.1844 | Load: 0.235
[OS:35665] TURBULENTO | Gap Cuántico: 0.2424 | Load: 0.238
[OS:35670] TURBULENTO | Gap Cuántico: 0.1802 | Load: 0.229
[OS:35675] TURBULENTO | Gap Cuántico: 0.1813 | Load: 0.234
[OS:35680] TURBULENTO | Gap Cuántico: 0.2168 | Load: 0.228
[OS:35685] TURBULENTO | Gap Cuántico: 0.1895 | Load: 0.227
[OS:35690] TURBULENTO | Gap Cuántico: 0.1893 | Load: 0.231
[OS:35695] TURBULENTO | Gap Cuántico: 0.2172 | Load: 0.230
[OS:35700] TURBULENTO | Gap Cuántico: 0.2166 | Load: 0.225
[OS:35705] TURBULENTO | Gap Cuántico: 0.2264 | Load: 0.228
[OS:35710] TURBULENTO | Gap Cuántico: 0.2169 | Load: 0.238
[OS:35715] TURBULENTO | Gap Cuántico: 0.2269 | Load: 0.233
[OS:35720] TURBULENTO | Gap Cuántico: 0.2364 | Load: 0.233
[OS:35725] TURBULENTO | Gap Cuántico: 0.2135 | Load: 0.227
[OS:35730] TURBULENTO | Gap Cuántico: 0.1841 | Load: 0.234
[OS:35735] TURBULENTO | Gap Cuántico: 0.1951 | Load: 0.229
[OS:35740] TURBULENTO | Gap Cuántico: 0.2103 | Load: 0.233
[OS:35745] TURBULENTO | Gap Cuántico: 0.2172 | Load: 0.231
[OS:35750] TURBULENTO | Gap Cuántico: 0.2171 | Load: 0.223
[OS:35755] TURBULENTO | Gap Cuántico: 0.1896 | Load: 0.228
[OS:35760] TURBULENTO | Gap Cuántico: 0.2150 | Load: 0.242
[OS:35765] TURBULENTO | Gap Cuántico: 0.1918 | Load: 0.238
[OS:35770] TURBULENTO | Gap Cuántico: 0.2169 | Load: 0.235
[OS:35775] TURBULENTO | Gap Cuántico: 0.2112 | Load: 0.237
[OS:35780] TURBULENTO | Gap Cuántico: 0.1836 | Load: 0.225
[OS:35785] TURBULENTO | Gap Cuántico: 0.1893 | Load: 0.226
[OS:35790] TURBULENTO | Gap Cuántico: 0.1840 | Load: 0.228
[OS:35795] TURBULENTO | Gap Cuántico: 0.2334 | Load: 0.234
[OS:35800] TURBULENTO | Gap Cuántico: 0.1893 | Load: 0.220
[OS:35805] TURBULENTO | Gap Cuántico: 0.1958 | Load: 0.231
[OS:35810] TURBULENTO | Gap Cuántico: 0.2112 | Load: 0.227
[OS:35815] TURBULENTO | Gap Cuántico: 0.1842 | Load: 0.227
[OS:35820] TURBULENTO | Gap Cuántico: 0.2420 | Load: 0.232
[OS:35825] TURBULENTO | Gap Cuántico: 0.2171 | Load: 0.225
[OS:35830] TURBULENTO | Gap Cuántico: 0.1935 | Load: 0.231
[OS:35835] TURBULENTO | Gap Cuántico: 0.1802 | Load: 0.223
[OS:35840] TURBULENTO | Gap Cuántico: 0.1735 | Load: 0.232
[OS:35845] TURBULENTO | Gap Cuántico: 0.1894 | Load: 0.226
[OS:35850] TURBULENTO | Gap Cuántico: 0.2408 | Load: 0.228
[OS:35855] TURBULENTO | Gap Cuántico: 0.2089 | Load: 0.237
[OS:35860] TURBULENTO | Gap Cuántico: 0.1762 | Load: 0.232
[OS:35865] TURBULENTO | Gap Cuántico: 0.2290 | Load: 0.235
[OS:35870] TURBULENTO | Gap Cuántico: 0.1848 | Load: 0.230
[OS:35875] TURBULENTO | Gap Cuántico: 0.2171 | Load: 0.228
[OS:35880] TURBULENTO | Gap Cuántico: 0.1951 | Load: 0.230
[OS:35885] TURBULENTO | Gap Cuántico: 0.1759 | Load: 0.223
[OS:35890] TURBULENTO | Gap Cuántico: 0.2385 | Load: 0.235
[OS:35895] TURBULENTO | Gap Cuántico: 0.1956 | Load: 0.229
[OS:35900] TURBULENTO | Gap Cuántico: 0.2416 | Load: 0.227
[OS:35905] TURBULENTO | Gap Cuántico: 0.1922 | Load: 0.233
[OS:35910] TURBULENTO | Gap Cuántico: 0.1837 | Load: 0.225
[OS:35915] TURBULENTO | Gap Cuántico: 0.1729 | Load: 0.232
[OS:35920] TURBULENTO | Gap Cuántico: 0.2065 | Load: 0.233
[OS:35925] TURBULENTO | Gap Cuántico: 0.2392 | Load: 0.228
[OS:35930] TURBULENTO | Gap Cuántico: 0.1949 | Load: 0.227
[OS:35935] TURBULENTO | Gap Cuántico: 0.1849 | Load: 0.227
[OS:35940] TURBULENTO | Gap Cuántico: 0.2042 | Load: 0.231
[OS:35945] TURBULENTO | Gap Cuántico: 0.2168 | Load: 0.237
[OS:35950] TURBULENTO | Gap Cuántico: 0.2419 | Load: 0.228
[OS:35955] TURBULENTO | Gap Cuántico: 0.1856 | Load: 0.222
[OS:35960] TURBULENTO | Gap Cuántico: 0.1878 | Load: 0.226
[OS:35965] TURBULENTO | Gap Cuántico: 0.2147 | Load: 0.229
[OS:35970] TURBULENTO | Gap Cuántico: 0.1801 | Load: 0.219
[OS:35975] TURBULENTO | Gap Cuántico: 0.2112 | Load: 0.235
[OS:35980] TURBULENTO | Gap Cuántico: 0.2063 | Load: 0.231
[OS:35985] TURBULENTO | Gap Cuántico: 0.2190 | Load: 0.222
[OS:35990] TURBULENTO | Gap Cuántico: 0.1888 | Load: 0.227
[OS:35995] TURBULENTO | Gap Cuántico: 0.2155 | Load: 0.233
[OS:36000] TURBULENTO | Gap Cuántico: 0.2155 | Load: 0.230
[OS:36005] TURBULENTO | Gap Cuántico: 0.2018 | Load: 0.226
[OS:36010] TURBULENTO | Gap Cuántico: 0.2166 | Load: 0.224
[OS:36015] TURBULENTO | Gap Cuántico: 0.1893 | Load: 0.232
[OS:36020] TURBULENTO | Gap Cuántico: 0.2339 | Load: 0.234
[OS:36025] TURBULENTO | Gap Cuántico: 0.2424 | Load: 0.245
[OS:36030] TURBULENTO | Gap Cuántico: 0.2385 | Load: 0.237
[OS:36035] TURBULENTO | Gap Cuántico: 0.2166 | Load: 0.236
[OS:36040] TURBULENTO | Gap Cuántico: 0.2009 | Load: 0.227
[OS:36045] TURBULENTO | Gap Cuántico: 0.2397 | Load: 0.234
[OS:36050] TURBULENTO | Gap Cuántico: 0.2334 | Load: 0.236
[OS:36055] TURBULENTO | Gap Cuántico: 0.2373 | Load: 0.233
[OS:36060] TURBULENTO | Gap Cuántico: 0.2163 | Load: 0.231
[OS:36065] TURBULENTO | Gap Cuántico: 0.1891 | Load: 0.230
[OS:36070] TURBULENTO | Gap Cuántico: 0.1763 | Load: 0.224
[OS:36075] TURBULENTO | Gap Cuántico: 0.2143 | Load: 0.231
[OS:36080] TURBULENTO | Gap Cuántico: 0.2087 | Load: 0.232
[OS:36085] TURBULENTO | Gap Cuántico: 0.2048 | Load: 0.225
[OS:36090] TURBULENTO | Gap Cuántico: 0.1851 | Load: 0.216
[OS:36095] TURBULENTO | Gap Cuántico: 0.2143 | Load: 0.220
[OS:36100] TURBULENTO | Gap Cuántico: 0.1959 | Load: 0.224
[OS:36105] TURBULENTO | Gap Cuántico: 0.2181 | Load: 0.228
[OS:36110] TURBULENTO | Gap Cuántico: 0.2172 | Load: 0.238
[OS:36115] TURBULENTO | Gap Cuántico: 0.2221 | Load: 0.234
[OS:36120] TURBULENTO | Gap Cuántico: 0.1942 | Load: 0.228
[OS:36125] TURBULENTO | Gap Cuántico: 0.1842 | Load: 0.229
[OS:36130] TURBULENTO | Gap Cuántico: 0.1978 | Load: 0.229
[OS:36135] TURBULENTO | Gap Cuántico: 0.1806 | Load: 0.225
[OS:36140] TURBULENTO | Gap Cuántico: 0.2268 | Load: 0.237
[OS:36145] TURBULENTO | Gap Cuántico: 0.2075 | Load: 0.232
[OS:36150] TURBULENTO | Gap Cuántico: 0.1794 | Load: 0.232
[OS:36155] TURBULENTO | Gap Cuántico: 0.2276 | Load: 0.219
[OS:36160] TURBULENTO | Gap Cuántico: 0.2316 | Load: 0.228
[OS:36165] TURBULENTO | Gap Cuántico: 0.2059 | Load: 0.226
[OS:36170] TURBULENTO | Gap Cuántico: 0.2042 | Load: 0.230
[OS:36175] TURBULENTO | Gap Cuántico: 0.1708 | Load: 0.224
[OS:36180] TURBULENTO | Gap Cuántico: 0.1801 | Load: 0.226
[OS:36185] TURBULENTO | Gap Cuántico: 0.1951 | Load: 0.225
[OS:36190] TURBULENTO | Gap Cuántico: 0.2108 | Load: 0.229
[OS:36195] TURBULENTO | Gap Cuántico: 0.2403 | Load: 0.224
[OS:36200] TURBULENTO | Gap Cuántico: 0.2171 | Load: 0.231
[OS:36205] TURBULENTO | Gap Cuántico: 0.2424 | Load: 0.224
[OS:36210] TURBULENTO | Gap Cuántico: 0.2080 | Load: 0.235
[OS:36215] TURBULENTO | Gap Cuántico: 0.2406 | Load: 0.234
[OS:36220] TURBULENTO | Gap Cuántico: 0.2099 | Load: 0.227
[OS:36225] TURBULENTO | Gap Cuántico: 0.1885 | Load: 0.235
[OS:36230] TURBULENTO | Gap Cuántico: 0.2364 | Load: 0.237
[OS:36235] TURBULENTO | Gap Cuántico: 0.1885 | Load: 0.232
[OS:36240] TURBULENTO | Gap Cuántico: 0.2287 | Load: 0.228
[OS:36245] TURBULENTO | Gap Cuántico: 0.2407 | Load: 0.232
[OS:36250] TURBULENTO | Gap Cuántico: 0.1999 | Load: 0.242
[OS:36255] TURBULENTO | Gap Cuántico: 0.2147 | Load: 0.226
[OS:36260] TURBULENTO | Gap Cuántico: 0.2042 | Load: 0.228
[OS:36265] TURBULENTO | Gap Cuántico: 0.1854 | Load: 0.227
[OS:36270] TURBULENTO | Gap Cuántico: 0.1934 | Load: 0.223
[OS:36275] TURBULENTO | Gap Cuántico: 0.2141 | Load: 0.238
[OS:36280] TURBULENTO | Gap Cuántico: 0.1837 | Load: 0.228
[OS:36285] TURBULENTO | Gap Cuántico: 0.2194 | Load: 0.232
[OS:36290] TURBULENTO | Gap Cuántico: 0.1748 | Load: 0.226
[OS:36295] TURBULENTO | Gap Cuántico: 0.2128 | Load: 0.232
[OS:36300] TURBULENTO | Gap Cuántico: 0.2151 | Load: 0.236
[OS:36305] TURBULENTO | Gap Cuántico: 0.1811 | Load: 0.232
[OS:36310] TURBULENTO | Gap Cuántico: 0.1890 | Load: 0.235
[OS:36315] TURBULENTO | Gap Cuántico: 0.2349 | Load: 0.231
[OS:36320] TURBULENTO | Gap Cuántico: 0.2403 | Load: 0.235
[OS:36325] TURBULENTO | Gap Cuántico: 0.2068 | Load: 0.233
[OS:36330] TURBULENTO | Gap Cuántico: 0.1928 | Load: 0.236
[OS:36335] TURBULENTO | Gap Cuántico: 0.2417 | Load: 0.230
[OS:36340] TURBULENTO | Gap Cuántico: 0.2172 | Load: 0.232
[OS:36345] TURBULENTO | Gap Cuántico: 0.1849 | Load: 0.233
[OS:36350] TURBULENTO | Gap Cuántico: 0.2030 | Load: 0.232
[OS:36355] TURBULENTO | Gap Cuántico: 0.1836 | Load: 0.228
[OS:36360] TURBULENTO | Gap Cuántico: 0.1853 | Load: 0.232
[OS:36365] TURBULENTO | Gap Cuántico: 0.1856 | Load: 0.230
[OS:36370] TURBULENTO | Gap Cuántico: 0.1951 | Load: 0.233
[OS:36375] TURBULENTO | Gap Cuántico: 0.1716 | Load: 0.236
[OS:36380] TURBULENTO | Gap Cuántico: 0.1944 | Load: 0.236
[OS:36385] TURBULENTO | Gap Cuántico: 0.2094 | Load: 0.231
[OS:36390] TURBULENTO | Gap Cuántico: 0.2149 | Load: 0.234
[OS:36395] TURBULENTO | Gap Cuántico: 0.2158 | Load: 0.238
[OS:36400] TURBULENTO | Gap Cuántico: 0.1743 | Load: 0.230
[OS:36405] TURBULENTO | Gap Cuántico: 0.2163 | Load: 0.228
[OS:36410] TURBULENTO | Gap Cuántico: 0.1892 | Load: 0.222
[OS:36415] TURBULENTO | Gap Cuántico: 0.1825 | Load: 0.227
[OS:36420] TURBULENTO | Gap Cuántico: 0.2424 | Load: 0.229
[OS:36425] TURBULENTO | Gap Cuántico: 0.1715 | Load: 0.221
[OS:36430] TURBULENTO | Gap Cuántico: 0.1916 | Load: 0.216
[OS:36435] TURBULENTO | Gap Cuántico: 0.2187 | Load: 0.229
[OS:36440] TURBULENTO | Gap Cuántico: 0.1762 | Load: 0.226
[OS:36445] TURBULENTO | Gap Cuántico: 0.2350 | Load: 0.238
[OS:36450] TURBULENTO | Gap Cuántico: 0.2283 | Load: 0.233
[OS:36455] TURBULENTO | Gap Cuántico: 0.2359 | Load: 0.225
[OS:36460] TURBULENTO | Gap Cuántico: 0.1942 | Load: 0.229
[OS:36465] TURBULENTO | Gap Cuántico: 0.2131 | Load: 0.224
[OS:36470] TURBULENTO | Gap Cuántico: 0.2068 | Load: 0.228
[OS:36475] TURBULENTO | Gap Cuántico: 0.1891 | Load: 0.231
[OS:36480] TURBULENTO | Gap Cuántico: 0.2396 | Load: 0.231
[OS:36485] TURBULENTO | Gap Cuántico: 0.2172 | Load: 0.234
[OS:36490] TURBULENTO | Gap Cuántico: 0.2416 | Load: 0.238
[OS:36495] TURBULENTO | Gap Cuántico: 0.1958 | Load: 0.223
[OS:36500] TURBULENTO | Gap Cuántico: 0.2171 | Load: 0.229
[OS:36505] TURBULENTO | Gap Cuántico: 0.2390 | Load: 0.229
[OS:36510] TURBULENTO | Gap Cuántico: 0.1856 | Load: 0.230
[OS:36515] TURBULENTO | Gap Cuántico: 0.2411 | Load: 0.227
[OS:36520] TURBULENTO | Gap Cuántico: 0.2099 | Load: 0.241
[OS:36525] TURBULENTO | Gap Cuántico: 0.2385 | Load: 0.234
[OS:36530] TURBULENTO | Gap Cuántico: 0.1881 | Load: 0.236
[OS:36535] TURBULENTO | Gap Cuántico: 0.1932 | Load: 0.231
[OS:36540] TURBULENTO | Gap Cuántico: 0.2171 | Load: 0.223
[OS:36545] TURBULENTO | Gap Cuántico: 0.2149 | Load: 0.233
[OS:36550] TURBULENTO | Gap Cuántico: 0.2172 | Load: 0.231
[OS:36555] TURBULENTO | Gap Cuántico: 0.2379 | Load: 0.230
[OS:36560] TURBULENTO | Gap Cuántico: 0.2112 | Load: 0.232
[OS:36565] TURBULENTO | Gap Cuántico: 0.2284 | Load: 0.228
[OS:36570] TURBULENTO | Gap Cuántico: 0.2394 | Load: 0.233
[OS:36575] TURBULENTO | Gap Cuántico: 0.1785 | Load: 0.228
[OS:36580] TURBULENTO | Gap Cuántico: 0.1891 | Load: 0.229
[OS:36585] TURBULENTO | Gap Cuántico: 0.1842 | Load: 0.232
[OS:36590] TURBULENTO | Gap Cuántico: 0.1960 | Load: 0.230
[OS:36595] TURBULENTO | Gap Cuántico: 0.1743 | Load: 0.235
[OS:36600] TURBULENTO | Gap Cuántico: 0.1879 | Load: 0.238
[OS:36605] TURBULENTO | Gap Cuántico: 0.2120 | Load: 0.230
[OS:36610] TURBULENTO | Gap Cuántico: 0.1887 | Load: 0.236
[OS:36615] TURBULENTO | Gap Cuántico: 0.2421 | Load: 0.230
[OS:36620] TURBULENTO | Gap Cuántico: 0.1883 | Load: 0.229
[OS:36625] TURBULENTO | Gap Cuántico: 0.1796 | Load: 0.226
[OS:36630] TURBULENTO | Gap Cuántico: 0.1846 | Load: 0.233
[OS:36635] TURBULENTO | Gap Cuántico: 0.2116 | Load: 0.233
[OS:36640] TURBULENTO | Gap Cuántico: 0.2163 | Load: 0.235
[OS:36645] TURBULENTO | Gap Cuántico: 0.2370 | Load: 0.227
[OS:36650] TURBULENTO | Gap Cuántico: 0.1962 | Load: 0.235
[OS:36655] TURBULENTO | Gap Cuántico: 0.2131 | Load: 0.234
[OS:36660] TURBULENTO | Gap Cuántico: 0.1854 | Load: 0.230
[OS:36665] TURBULENTO | Gap Cuántico: 0.1851 | Load: 0.226
[OS:36670] TURBULENTO | Gap Cuántico: 0.2116 | Load: 0.227
[OS:36675] TURBULENTO | Gap Cuántico: 0.2364 | Load: 0.232
[OS:36680] TURBULENTO | Gap Cuántico: 0.2208 | Load: 0.230
[OS:36685] TURBULENTO | Gap Cuántico: 0.1753 | Load: 0.226
[OS:36690] TURBULENTO | Gap Cuántico: 0.1773 | Load: 0.224
[OS:36695] TURBULENTO | Gap Cuántico: 0.2073 | Load: 0.225
[OS:36700] TURBULENTO | Gap Cuántico: 0.1807 | Load: 0.232
[OS:36705] TURBULENTO | Gap Cuántico: 0.2172 | Load: 0.225
[OS:36710] TURBULENTO | Gap Cuántico: 0.2166 | Load: 0.227
[OS:36715] TURBULENTO | Gap Cuántico: 0.2328 | Load: 0.225
[OS:36720] TURBULENTO | Gap Cuántico: 0.2422 | Load: 0.229
[OS:36725] TURBULENTO | Gap Cuántico: 0.2170 | Load: 0.232
[OS:36730] TURBULENTO | Gap Cuántico: 0.1850 | Load: 0.226
[OS:36735] TURBULENTO | Gap Cuántico: 0.1779 | Load: 0.226
[OS:36740] TURBULENTO | Gap Cuántico: 0.2151 | Load: 0.226
[OS:36745] TURBULENTO | Gap Cuántico: 0.1932 | Load: 0.225
[OS:36750] TURBULENTO | Gap Cuántico: 0.1779 | Load: 0.222
[OS:36755] TURBULENTO | Gap Cuántico: 0.2179 | Load: 0.227
[OS:36760] TURBULENTO | Gap Cuántico: 0.1834 | Load: 0.223
[OS:36765] TURBULENTO | Gap Cuántico: 0.2169 | Load: 0.227
[OS:36770] TURBULENTO | Gap Cuántico: 0.1877 | Load: 0.223
[OS:36775] TURBULENTO | Gap Cuántico: 0.1753 | Load: 0.226
[OS:36780] TURBULENTO | Gap Cuántico: 0.2301 | Load: 0.227
[OS:36785] TURBULENTO | Gap Cuántico: 0.2421 | Load: 0.224
[OS:36790] TURBULENTO | Gap Cuántico: 0.2413 | Load: 0.227
[OS:36795] TURBULENTO | Gap Cuántico: 0.1842 | Load: 0.228
[OS:36800] TURBULENTO | Gap Cuántico: 0.1861 | Load: 0.225
[OS:36805] TURBULENTO | Gap Cuántico: 0.1818 | Load: 0.229
[OS:36810] TURBULENTO | Gap Cuántico: 0.2280 | Load: 0.230
[OS:36815] TURBULENTO | Gap Cuántico: 0.1773 | Load: 0.233
[OS:36820] TURBULENTO | Gap Cuántico: 0.2116 | Load: 0.235
[OS:36825] TURBULENTO | Gap Cuántico: 0.2168 | Load: 0.231
[OS:36830] TURBULENTO | Gap Cuántico: 0.1756 | Load: 0.231
[OS:36835] TURBULENTO | Gap Cuántico: 0.1818 | Load: 0.230
[OS:36840] TURBULENTO | Gap Cuántico: 0.2127 | Load: 0.226
[OS:36845] TURBULENTO | Gap Cuántico: 0.2124 | Load: 0.227
[OS:36850] TURBULENTO | Gap Cuántico: 0.1878 | Load: 0.223
[OS:36855] TURBULENTO | Gap Cuántico: 0.1764 | Load: 0.238
[OS:36860] TURBULENTO | Gap Cuántico: 0.1957 | Load: 0.230
[OS:36865] TURBULENTO | Gap Cuántico: 0.2164 | Load: 0.232
[OS:36870] TURBULENTO | Gap Cuántico: 0.1759 | Load: 0.230
[OS:36875] TURBULENTO | Gap Cuántico: 0.2144 | Load: 0.231
[OS:36880] TURBULENTO | Gap Cuántico: 0.1992 | Load: 0.231
[OS:36885] TURBULENTO | Gap Cuántico: 0.1935 | Load: 0.235
[OS:36890] TURBULENTO | Gap Cuántico: 0.1898 | Load: 0.234
[OS:36895] TURBULENTO | Gap Cuántico: 0.2340 | Load: 0.231
[OS:36900] TURBULENTO | Gap Cuántico: 0.1962 | Load: 0.230
[OS:36905] TURBULENTO | Gap Cuántico: 0.1959 | Load: 0.232
[OS:36910] TURBULENTO | Gap Cuántico: 0.1832 | Load: 0.229
[OS:36915] TURBULENTO | Gap Cuántico: 0.2107 | Load: 0.230
[OS:36920] TURBULENTO | Gap Cuántico: 0.1960 | Load: 0.235
[OS:36925] TURBULENTO | Gap Cuántico: 0.2424 | Load: 0.234
[OS:36930] TURBULENTO | Gap Cuántico: 0.1722 | Load: 0.235
[OS:36935] TURBULENTO | Gap Cuántico: 0.1962 | Load: 0.234
[OS:36940] TURBULENTO | Gap Cuántico: 0.1763 | Load: 0.232
[OS:36945] TURBULENTO | Gap Cuántico: 0.1877 | Load: 0.226
[OS:36950] TURBULENTO | Gap Cuántico: 0.1863 | Load: 0.226
[OS:36955] TURBULENTO | Gap Cuántico: 0.2295 | Load: 0.230